{"type":"FeatureCollection", "features": [
{"type":"Feature","geometry":{"type":"Polygon","coordinates":[[[-79.67151,43.7083],[-79.72021,43.74416],[-79.72772,43.73611],[-79.73461,43.73021],[-79.74339,43.72442],[-79.74756,43.7193],[-79.75207,43.7155],[-79.76519,43.72541],[-79.7744,43.71803],[-79.78681,43.70585],[-79.77731,43.69878],[-79.7694,43.69295],[-79.7588,43.70263],[-79.75446,43.69941],[-79.72269,43.67565],[-79.73318,43.66599],[-79.71287,43.65101],[-79.70764,43.65366],[-79.69069,43.66869],[-79.6776,43.69401],[-79.67257,43.70093],[-79.67316,43.70682],[-79.67151,43.7083]]]},"properties":{"ed_id":8,"electoral_district":"Brampton Centre","electoral_district_fr":"Brampton-Centre","overall_y2020_pct_attached":88.55530390911267,"overall_y2020_pct_unattached":11.44469609088733,"overall_y2020_n_attached":96187,"overall_y2020_n_unattached":12431,"overall_y2020_n_total":108618,"overall_y2020_fsa_count":3,"overall_y2020_fsa_with_data":3,"overall_y2022_pct_attached":84.49464292244122,"overall_y2022_pct_unattached":15.505357077558783,"overall_y2022_n_attached":92427,"overall_y2022_n_unattached":16961,"overall_y2022_n_total":109388,"overall_y2022_fsa_count":3,"overall_y2022_fsa_with_data":3,"overall_change_pct_attached":-4.060660986671451,"children_y2020_pct_attached":94.62673419951552,"children_y2020_pct_unattached":5.373265800484474,"children_y2020_n_attached":21485,"children_y2020_n_unattached":1220,"children_y2020_n_total":22705,"children_y2020_fsa_count":3,"children_y2020_fsa_with_data":3,"children_y2022_pct_attached":88.5806916426513,"children_y2022_pct_unattached":11.419308357348704,"children_y2022_n_attached":19672,"children_y2022_n_unattached":2536,"children_y2022_n_total":22208,"children_y2022_fsa_count":3,"children_y2022_fsa_with_data":3,"children_change_pct_attached":-6.046042556864222,"adults_y2020_pct_attached":86.95075250544156,"adults_y2020_pct_unattached":13.04924749455845,"adults_y2020_n_attached":74702,"adults_y2020_n_unattached":11211,"adults_y2020_n_total":85913,"adults_y2020_fsa_count":3,"adults_y2020_fsa_with_data":3,"adults_y2022_pct_attached":83.45377380133058,"adults_y2022_pct_unattached":16.54622619866942,"adults_y2022_n_attached":72755,"adults_y2022_n_unattached":14425,"adults_y2022_n_total":87180,"adults_y2022_fsa_count":3,"adults_y2022_fsa_with_data":3,"adults_change_pct_attached":-3.4969787041109726,"has_data":true,"name":"Brampton Centre"}},
{"type":"Feature","geometry":{"type":"Polygon","coordinates":[[[-79.1154,43.79468],[-79.12117,43.79484],[-79.12039,43.79623],[-79.12186,43.79747],[-79.12431,43.79761],[-79.1242,43.79917],[-79.1254,43.80027],[-79.12791,43.80048],[-79.13095,43.80183],[-79.13513,43.80098],[-79.13342,43.80316],[-79.1344,43.80482],[-79.13387,43.8064],[-79.13549,43.80808],[-79.13786,43.80763],[-79.14283,43.80965],[-79.14329,43.81075],[-79.14399,43.81004],[-79.14579,43.81017],[-79.14644,43.81136],[-79.15156,43.81413],[-79.17027,43.85545],[-79.22773,43.8421],[-79.22602,43.83968],[-79.22263,43.83851],[-79.22183,43.83647],[-79.22383,43.83548],[-79.2238,43.83398],[-79.22161,43.83236],[-79.21919,43.83245],[-79.21782,43.83073],[-79.23232,43.82579],[-79.23014,43.82303],[-79.23058,43.82187],[-79.22529,43.81155],[-79.2201,43.80823],[-79.2174,43.80501],[-79.21827,43.80004],[-79.21564,43.79369],[-79.19691,43.79652],[-79.1935,43.78564],[-79.17859,43.75048],[-79.17039,43.75459],[-79.15643,43.75846],[-79.15237,43.75862],[-79.14559,43.7656],[-79.1341,43.77452],[-79.11449,43.7928],[-79.1154,43.79468]]]},"properties":{"ed_id":97,"electoral_district":"Scarborough—Rouge Park","electoral_district_fr":"Scarborough—Rouge Park","overall_y2020_pct_attached":88.59012715033657,"overall_y2020_pct_unattached":11.409872849663426,"overall_y2020_n_attached":94756,"overall_y2020_n_unattached":12204,"overall_y2020_n_total":106960,"overall_y2020_fsa_count":2,"overall_y2020_fsa_with_data":2,"overall_y2022_pct_attached":84.64691426716743,"overall_y2022_pct_unattached":15.35308573283257,"overall_y2022_n_attached":91279,"overall_y2022_n_unattached":16556,"overall_y2022_n_total":107835,"overall_y2022_fsa_count":2,"overall_y2022_fsa_with_data":2,"overall_change_pct_attached":-3.9432128831691386,"children_y2020_pct_attached":93.84569644715326,"children_y2020_pct_unattached":6.154303552846737,"children_y2020_n_attached":18939,"children_y2020_n_unattached":1242,"children_y2020_n_total":20181,"children_y2020_fsa_count":2,"children_y2020_fsa_with_data":2,"children_y2022_pct_attached":86.81257581884351,"children_y2022_pct_unattached":13.18742418115649,"children_y2022_n_attached":17175,"children_y2022_n_unattached":2609,"children_y2022_n_total":19784,"children_y2022_fsa_count":2,"children_y2022_fsa_with_data":2,"children_change_pct_attached":-7.033120628309746,"adults_y2020_pct_attached":87.36791159151409,"adults_y2020_pct_unattached":12.632088408485926,"adults_y2020_n_attached":75817,"adults_y2020_n_unattached":10962,"adults_y2020_n_total":86779,"adults_y2020_fsa_count":2,"adults_y2020_fsa_with_data":2,"adults_y2022_pct_attached":84.16031618039545,"adults_y2022_pct_unattached":15.839683819604547,"adults_y2022_n_attached":74104,"adults_y2022_n_unattached":13947,"adults_y2022_n_total":88051,"adults_y2022_fsa_count":2,"adults_y2022_fsa_with_data":2,"adults_change_pct_attached":-3.207595411118632,"has_data":true,"name":"Scarborough—Rouge Park"}},
{"type":"Feature","geometry":{"type":"Polygon","coordinates":[[[-79.22773,43.8421],[-79.29732,43.82594],[-79.28874,43.80694],[-79.28653,43.80432],[-79.27477,43.77729],[-79.25488,43.78124],[-79.23186,43.78663],[-79.21564,43.79369],[-79.21827,43.80004],[-79.2174,43.80501],[-79.2201,43.80823],[-79.22529,43.81155],[-79.23058,43.82187],[-79.23014,43.82303],[-79.23232,43.82579],[-79.21782,43.83073],[-79.21919,43.83245],[-79.22161,43.83236],[-79.2238,43.83398],[-79.22383,43.83548],[-79.22183,43.83647],[-79.22263,43.83851],[-79.22602,43.83968],[-79.22773,43.8421]]]},"properties":{"ed_id":96,"electoral_district":"Scarborough North","electoral_district_fr":"Scarborough-Nord","overall_y2020_pct_attached":86.47571923633154,"overall_y2020_pct_unattached":13.524280763668447,"overall_y2020_n_attached":95074,"overall_y2020_n_unattached":14869,"overall_y2020_n_total":109943,"overall_y2020_fsa_count":3,"overall_y2020_fsa_with_data":3,"overall_y2022_pct_attached":82.40202298682685,"overall_y2022_pct_unattached":17.59797701317315,"overall_y2022_n_attached":90264,"overall_y2022_n_unattached":19277,"overall_y2022_n_total":109541,"overall_y2022_fsa_count":3,"overall_y2022_fsa_with_data":3,"overall_change_pct_attached":-4.0736962495046924,"children_y2020_pct_attached":93.34990005942413,"children_y2020_pct_unattached":6.650099940575874,"children_y2020_n_attached":17280,"children_y2020_n_unattached":1231,"children_y2020_n_total":18511,"children_y2020_fsa_count":3,"children_y2020_fsa_with_data":3,"children_y2022_pct_attached":85.1182197496523,"children_y2022_pct_unattached":14.881780250347706,"children_y2022_n_attached":15300,"children_y2022_n_unattached":2675,"children_y2022_n_total":17975,"children_y2022_fsa_count":3,"children_y2022_fsa_with_data":3,"children_change_pct_attached":-8.231680309771832,"adults_y2020_pct_attached":85.08399685011811,"adults_y2020_pct_unattached":14.91600314988188,"adults_y2020_n_attached":77794,"adults_y2020_n_unattached":13638,"adults_y2020_n_total":91432,"adults_y2020_fsa_count":3,"adults_y2020_fsa_with_data":3,"adults_y2022_pct_attached":81.86881593604613,"adults_y2022_pct_unattached":18.13118406395387,"adults_y2022_n_attached":74964,"adults_y2022_n_unattached":16602,"adults_y2022_n_total":91566,"adults_y2022_fsa_count":3,"adults_y2022_fsa_with_data":3,"adults_change_pct_attached":-3.215180914071979,"has_data":true,"name":"Scarborough North"}},
{"type":"Feature","geometry":{"type":"Polygon","coordinates":[[[-78.97066,43.83339],[-79.00852,43.92246],[-79.08817,43.90429],[-79.08792,43.90364],[-79.08704,43.90383],[-79.08265,43.8927],[-79.07799,43.89458],[-79.06977,43.87534],[-79.07836,43.87021],[-79.07126,43.85301],[-79.07067,43.85383],[-79.06954,43.85374],[-79.06988,43.85539],[-79.06787,43.85461],[-79.06677,43.85499],[-79.0609,43.84226],[-79.0516,43.84571],[-79.0387,43.81605],[-79.03343,43.8165],[-79.02348,43.81584],[-79.01631,43.81916],[-79.01115,43.81962],[-78.99627,43.82694],[-78.98951,43.82746],[-78.98363,43.827],[-78.9805,43.82791],[-78.97066,43.83339]]]},"properties":{"ed_id":1,"electoral_district":"Ajax","electoral_district_fr":"Ajax","overall_y2020_pct_attached":89.51357623919446,"overall_y2020_pct_unattached":10.486423760805542,"overall_y2020_n_attached":121879,"overall_y2020_n_unattached":14278,"overall_y2020_n_total":136157,"overall_y2020_fsa_count":3,"overall_y2020_fsa_with_data":3,"overall_y2022_pct_attached":87.82940509833738,"overall_y2022_pct_unattached":12.170594901662627,"overall_y2022_n_attached":122450,"overall_y2022_n_unattached":16968,"overall_y2022_n_total":139418,"overall_y2022_fsa_count":3,"overall_y2022_fsa_with_data":3,"overall_change_pct_attached":-1.6841711408570887,"children_y2020_pct_attached":95.2212096106048,"children_y2020_pct_unattached":4.778790389395195,"children_y2020_n_attached":28733,"children_y2020_n_unattached":1442,"children_y2020_n_total":30175,"children_y2020_fsa_count":3,"children_y2020_fsa_with_data":3,"children_y2022_pct_attached":90.05694835373437,"children_y2022_pct_unattached":9.943051646265628,"children_y2022_n_attached":27516,"children_y2022_n_unattached":3038,"children_y2022_n_total":30554,"children_y2022_fsa_count":3,"children_y2022_fsa_with_data":3,"children_change_pct_attached":-5.164261256870432,"adults_y2020_pct_attached":87.88850936951557,"adults_y2020_pct_unattached":12.111490630484422,"adults_y2020_n_attached":93146,"adults_y2020_n_unattached":12836,"adults_y2020_n_total":105982,"adults_y2020_fsa_count":3,"adults_y2020_fsa_with_data":3,"adults_y2022_pct_attached":87.2042181069959,"adults_y2022_pct_unattached":12.795781893004115,"adults_y2022_n_attached":94934,"adults_y2022_n_unattached":13930,"adults_y2022_n_total":108864,"adults_y2022_fsa_count":3,"adults_y2022_fsa_with_data":3,"adults_change_pct_attached":-0.6842912625196789,"has_data":true,"name":"Ajax"}},
{"type":"Feature","geometry":{"type":"Polygon","coordinates":[[[-82.50973,42.63962],[-82.49958,42.63585],[-82.48269,42.63138],[-82.24533,42.62673],[-82.24011,42.76217],[-82.00451,42.75658],[-82.00597,42.93029],[-82.001,43.07615],[-82.02421,43.07652],[-82.02286,43.10733],[-82.33841,43.16287],[-82.41374,43.01153],[-82.42402,42.99811],[-82.42454,42.99224],[-82.4213,42.98546],[-82.41303,42.97745],[-82.4167,42.96686],[-82.4286,42.95223],[-82.44779,42.93764],[-82.45529,42.92672],[-82.4621,42.90605],[-82.47031,42.88747],[-82.46823,42.85543],[-82.47268,42.83672],[-82.47881,42.82553],[-82.48204,42.80816],[-82.48056,42.80205],[-82.47186,42.78608],[-82.46785,42.77034],[-82.4674,42.76248],[-82.48388,42.73349],[-82.48365,42.71844],[-82.49463,42.70031],[-82.51049,42.66481],[-82.50973,42.63962]]]},"properties":{"ed_id":91,"electoral_district":"Sarnia—Lambton","electoral_district_fr":"Sarnia—Lambton","overall_y2020_pct_attached":89.67238012584075,"overall_y2020_pct_unattached":10.327619874159254,"overall_y2020_n_attached":103325,"overall_y2020_n_unattached":11900,"overall_y2020_n_total":115225,"overall_y2020_fsa_count":6,"overall_y2020_fsa_with_data":6,"overall_y2022_pct_attached":87.66043224209639,"overall_y2022_pct_unattached":12.3395677579036,"overall_y2022_n_attached":103065,"overall_y2022_n_unattached":14508,"overall_y2022_n_total":117573,"overall_y2022_fsa_count":6,"overall_y2022_fsa_with_data":6,"overall_change_pct_attached":-2.011947883744355,"children_y2020_pct_attached":89.22647949617807,"children_y2020_pct_unattached":10.773520503821931,"children_y2020_n_attached":18560,"children_y2020_n_unattached":2241,"children_y2020_n_total":20801,"children_y2020_fsa_count":6,"children_y2020_fsa_with_data":6,"children_y2022_pct_attached":83.01638728459407,"children_y2022_pct_unattached":16.983612715405926,"children_y2022_n_attached":17680,"children_y2022_n_unattached":3617,"children_y2022_n_total":21297,"children_y2022_fsa_count":6,"children_y2022_fsa_with_data":6,"children_change_pct_attached":-6.210092211583998,"adults_y2020_pct_attached":89.77060916716088,"adults_y2020_pct_unattached":10.229390832839108,"adults_y2020_n_attached":84765,"adults_y2020_n_unattached":9659,"adults_y2020_n_total":94424,"adults_y2020_fsa_count":6,"adults_y2020_fsa_with_data":6,"adults_y2022_pct_attached":88.68773110640242,"adults_y2022_pct_unattached":11.312268893597574,"adults_y2022_n_attached":85385,"adults_y2022_n_unattached":10891,"adults_y2022_n_total":96276,"adults_y2022_fsa_count":6,"adults_y2022_fsa_with_data":6,"adults_change_pct_attached":-1.0828780607584605,"has_data":true,"name":"Sarnia—Lambton"}},
{"type":"Feature","geometry":{"type":"Polygon","coordinates":[[[-79.27845,43.67038],[-79.28189,43.67833],[-79.28315,43.67863],[-79.30062,43.7198],[-79.32002,43.71555],[-79.32096,43.71445],[-79.32027,43.71375],[-79.32166,43.71242],[-79.31945,43.71258],[-79.31881,43.71103],[-79.32436,43.70983],[-79.32576,43.70821],[-79.32795,43.70807],[-79.33207,43.70598],[-79.33304,43.70342],[-79.3315,43.70167],[-79.3267,43.70166],[-79.32954,43.69794],[-79.31488,43.66233],[-79.31538,43.66085],[-79.31239,43.65823],[-79.31421,43.64831],[-79.30901,43.6521],[-79.30042,43.65611],[-79.27845,43.67038]]]},"properties":{"ed_id":7,"electoral_district":"Beaches—East York","electoral_district_fr":"Beaches—East York","overall_y2020_pct_attached":86.86688091250623,"overall_y2020_pct_unattached":13.133119087493778,"overall_y2020_n_attached":115149,"overall_y2020_n_unattached":17409,"overall_y2020_n_total":132558,"overall_y2020_fsa_count":4,"overall_y2020_fsa_with_data":4,"overall_y2022_pct_attached":84.50626761693059,"overall_y2022_pct_unattached":15.493732383069414,"overall_y2022_n_attached":110628,"overall_y2022_n_unattached":20283,"overall_y2022_n_total":130911,"overall_y2022_fsa_count":4,"overall_y2022_fsa_with_data":4,"overall_change_pct_attached":-2.3606132955756465,"children_y2020_pct_attached":91.85423781434338,"children_y2020_pct_unattached":8.14576218565663,"children_y2020_n_attached":23669,"children_y2020_n_unattached":2099,"children_y2020_n_total":25768,"children_y2020_fsa_count":4,"children_y2020_fsa_with_data":4,"children_y2022_pct_attached":85.31560142913854,"children_y2022_pct_unattached":14.684398570861454,"children_y2022_n_attached":21491,"children_y2022_n_unattached":3699,"children_y2022_n_total":25190,"children_y2022_fsa_count":4,"children_y2022_fsa_with_data":4,"children_change_pct_attached":-6.538636385204839,"adults_y2020_pct_attached":85.66345163404813,"adults_y2020_pct_unattached":14.336548365951868,"adults_y2020_n_attached":91480,"adults_y2020_n_unattached":15310,"adults_y2020_n_total":106790,"adults_y2020_fsa_count":4,"adults_y2020_fsa_with_data":4,"adults_y2022_pct_attached":84.31342874168803,"adults_y2022_pct_unattached":15.686571258311972,"adults_y2022_n_attached":89137,"adults_y2022_n_unattached":16584,"adults_y2022_n_total":105721,"adults_y2022_fsa_count":4,"adults_y2022_fsa_with_data":4,"adults_change_pct_attached":-1.3500228923601014,"has_data":true,"name":"Beaches—East York"}},
{"type":"Feature","geometry":{"type":"Polygon","coordinates":[[[-79.71287,43.65101],[-79.73286,43.63988],[-79.72397,43.63497],[-79.72123,43.63101],[-79.70779,43.62071],[-79.72911,43.61226],[-79.72873,43.61163],[-79.72146,43.60716],[-79.7181,43.60946],[-79.71545,43.60981],[-79.71413,43.60923],[-79.71243,43.60729],[-79.71531,43.60459],[-79.71815,43.60353],[-79.71805,43.60205],[-79.69723,43.58676],[-79.69388,43.58926],[-79.69084,43.59033],[-79.68092,43.59895],[-79.67351,43.60117],[-79.67021,43.60408],[-79.66953,43.60594],[-79.66541,43.60458],[-79.66083,43.60457],[-79.65773,43.60251],[-79.65292,43.60677],[-79.64452,43.60078],[-79.63677,43.608],[-79.63236,43.61274],[-79.63178,43.61558],[-79.63368,43.61947],[-79.63634,43.62166],[-79.60879,43.64645],[-79.58882,43.66461],[-79.59114,43.66856],[-79.63029,43.73531],[-79.63219,43.73487],[-79.63385,43.73339],[-79.63938,43.73703],[-79.67151,43.7083],[-79.67316,43.70682],[-79.67257,43.70093],[-79.6776,43.69401],[-79.69069,43.66869],[-79.70764,43.65366],[-79.71287,43.65101]]]},"properties":{"ed_id":64,"electoral_district":"Mississauga—Malton","electoral_district_fr":"Mississauga—Malton","overall_y2020_pct_attached":86.16078897547659,"overall_y2020_pct_unattached":13.8392110245234,"overall_y2020_n_attached":195697,"overall_y2020_n_unattached":31433,"overall_y2020_n_total":227130,"overall_y2020_fsa_count":10,"overall_y2020_fsa_with_data":8,"overall_y2022_pct_attached":83.27679061774762,"overall_y2022_pct_unattached":16.723209382252378,"overall_y2022_n_attached":188029,"overall_y2022_n_unattached":37759,"overall_y2022_n_total":225788,"overall_y2022_fsa_count":10,"overall_y2022_fsa_with_data":9,"overall_change_pct_attached":-2.88399835772897,"children_y2020_pct_attached":93.25008049307759,"children_y2020_pct_unattached":6.749919506922404,"children_y2020_n_attached":40547,"children_y2020_n_unattached":2935,"children_y2020_n_total":43482,"children_y2020_fsa_count":10,"children_y2020_fsa_with_data":6,"children_y2022_pct_attached":86.76467032568486,"children_y2022_pct_unattached":13.235329674315144,"children_y2022_n_attached":35885,"children_y2022_n_unattached":5474,"children_y2022_n_total":41359,"children_y2022_fsa_count":10,"children_y2022_fsa_with_data":6,"children_change_pct_attached":-6.485410167392729,"adults_y2020_pct_attached":84.48095585592455,"adults_y2020_pct_unattached":15.519044144075458,"adults_y2020_n_attached":155129,"adults_y2020_n_unattached":28497,"adults_y2020_n_total":183626,"adults_y2020_fsa_count":10,"adults_y2020_fsa_with_data":8,"adults_y2022_pct_attached":82.49438714085836,"adults_y2022_pct_unattached":17.50561285914164,"adults_y2022_n_attached":152118,"adults_y2022_n_unattached":32280,"adults_y2022_n_total":184398,"adults_y2022_fsa_count":10,"adults_y2022_fsa_with_data":9,"adults_change_pct_attached":-1.9865687150661842,"has_data":true,"name":"Mississauga—Malton"}},
{"type":"Feature","geometry":{"type":"Polygon","coordinates":[[[-75.69623,45.33428],[-75.69323,45.33465],[-75.69341,45.32905],[-75.68972,45.32462],[-75.68652,45.31546],[-75.67689,45.29788],[-75.63332,45.3162],[-75.64389,45.33391],[-75.63722,45.33593],[-75.60933,45.34768],[-75.61959,45.36513],[-75.57999,45.38154],[-75.58916,45.38681],[-75.59165,45.38946],[-75.59303,45.39269],[-75.59345,45.40029],[-75.59901,45.4097],[-75.6013,45.41173],[-75.61156,45.41486],[-75.61459,45.42159],[-75.61906,45.42346],[-75.62996,45.42083],[-75.65166,45.41912],[-75.65665,45.41771],[-75.66351,45.41688],[-75.66405,45.41518],[-75.66941,45.41418],[-75.67334,45.41054],[-75.66898,45.40502],[-75.6692,45.40201],[-75.67773,45.38914],[-75.67986,45.38776],[-75.68459,45.38789],[-75.68526,45.38474],[-75.68758,45.38352],[-75.6959,45.38165],[-75.69999,45.37876],[-75.69964,45.37238],[-75.69663,45.37112],[-75.69638,45.36841],[-75.68963,45.36096],[-75.69241,45.35752],[-75.69854,45.35692],[-75.70283,45.35451],[-75.7007,45.3492],[-75.69634,45.34334],[-75.69844,45.34047],[-75.69902,45.3371],[-75.69623,45.33428]]]},"properties":{"ed_id":79,"electoral_district":"Ottawa South","electoral_district_fr":"Ottawa-Sud","overall_y2020_pct_attached":85.48269086043983,"overall_y2020_pct_unattached":14.517309139560163,"overall_y2020_n_attached":81783,"overall_y2020_n_unattached":13889,"overall_y2020_n_total":95672,"overall_y2020_fsa_count":3,"overall_y2020_fsa_with_data":3,"overall_y2022_pct_attached":82.7060426892375,"overall_y2022_pct_unattached":17.293957310762483,"overall_y2022_n_attached":80712,"overall_y2022_n_unattached":16877,"overall_y2022_n_total":97589,"overall_y2022_fsa_count":3,"overall_y2022_fsa_with_data":3,"overall_change_pct_attached":-2.776648171202325,"children_y2020_pct_attached":90.23742660199132,"children_y2020_pct_unattached":9.76257339800868,"children_y2020_n_attached":17673,"children_y2020_n_unattached":1912,"children_y2020_n_total":19585,"children_y2020_fsa_count":3,"children_y2020_fsa_with_data":3,"children_y2022_pct_attached":83.71917082765925,"children_y2022_pct_unattached":16.280829172340745,"children_y2022_n_attached":16599,"children_y2022_n_unattached":3228,"children_y2022_n_total":19827,"children_y2022_fsa_count":3,"children_y2022_fsa_with_data":3,"children_change_pct_attached":-6.5182557743320615,"adults_y2020_pct_attached":84.25880899496629,"adults_y2020_pct_unattached":15.741191005033711,"adults_y2020_n_attached":64110,"adults_y2020_n_unattached":11977,"adults_y2020_n_total":76087,"adults_y2020_fsa_count":3,"adults_y2020_fsa_with_data":3,"adults_y2022_pct_attached":82.44772510995088,"adults_y2022_pct_unattached":17.552274890049123,"adults_y2022_n_attached":64113,"adults_y2022_n_unattached":13649,"adults_y2022_n_total":77762,"adults_y2022_fsa_count":3,"adults_y2022_fsa_with_data":3,"adults_change_pct_attached":-1.8110838850154067,"has_data":true,"name":"Ottawa South"}},
{"type":"Feature","geometry":{"type":"Polygon","coordinates":[[[-79.75407,43.05054],[-79.9843,43.13199],[-80.00375,43.08872],[-80.00083,43.0877],[-79.99132,43.08687],[-79.9821,43.08188],[-79.97641,43.0797],[-80.00762,43.03243],[-79.99346,43.02715],[-79.99693,43.02441],[-80.01003,43.02921],[-80.0434,42.97932],[-80.03669,42.97684],[-80.03731,42.9753],[-80.03903,42.9736],[-80.04569,42.97607],[-80.05242,42.9664],[-80.05549,42.96343],[-80.24371,43.03215],[-80.3705,43.01328],[-80.36984,43.01156],[-80.41385,43.00498],[-80.42843,43.0032],[-80.54349,42.98485],[-80.50539,42.88408],[-80.70519,42.85454],[-80.7005,42.84841],[-80.71197,42.83382],[-80.71454,42.8372],[-80.71868,42.83534],[-80.72422,42.84223],[-80.72358,42.84376],[-80.72441,42.84394],[-80.72428,42.84595],[-80.72712,42.84568],[-80.74463,42.82395],[-80.71742,42.7886],[-80.71833,42.71265],[-80.72369,42.50781],[-80.43026,42.50664],[-80.24864,42.50738],[-80.1556,42.52147],[-80.05045,42.53575],[-80.03315,42.54025],[-80.02612,42.54506],[-80.01768,42.55937],[-80.05902,42.67059],[-80.05131,42.75115],[-80.03179,42.75897],[-80.00635,42.76041],[-79.90448,42.76028],[-79.66953,42.76324],[-79.61761,42.76424],[-79.50344,42.76865],[-79.43561,42.76896],[-79.40506,42.76522],[-79.33103,42.75221],[-79.45771,42.89928],[-79.51151,42.96466],[-79.56145,42.98175],[-79.75407,43.05054]]]},"properties":{"ed_id":34,"electoral_district":"Haldimand—Norfolk","electoral_district_fr":"Haldimand—Norfolk","overall_y2020_pct_attached":91.96372058231198,"overall_y2020_pct_unattached":8.036279417688014,"overall_y2020_n_attached":127859,"overall_y2020_n_unattached":11173,"overall_y2020_n_total":139032,"overall_y2020_fsa_count":6,"overall_y2020_fsa_with_data":6,"overall_y2022_pct_attached":89.42805588778198,"overall_y2022_pct_unattached":10.57194411221802,"overall_y2022_n_attached":129355,"overall_y2022_n_unattached":15292,"overall_y2022_n_total":144647,"overall_y2022_fsa_count":6,"overall_y2022_fsa_with_data":6,"overall_change_pct_attached":-2.5356646945299985,"children_y2020_pct_attached":93.85872825434913,"children_y2020_pct_unattached":6.14127174565087,"children_y2020_n_attached":25034,"children_y2020_n_unattached":1638,"children_y2020_n_total":26672,"children_y2020_fsa_count":6,"children_y2020_fsa_with_data":6,"children_y2022_pct_attached":89.70710993358256,"children_y2022_pct_unattached":10.29289006641745,"children_y2022_n_attached":24717,"children_y2022_n_unattached":2836,"children_y2022_n_total":27553,"children_y2022_fsa_count":6,"children_y2022_fsa_with_data":6,"children_change_pct_attached":-4.151618320766573,"adults_y2020_pct_attached":91.51388394446423,"adults_y2020_pct_unattached":8.486116055535778,"adults_y2020_n_attached":102825,"adults_y2020_n_unattached":9535,"adults_y2020_n_total":112360,"adults_y2020_fsa_count":6,"adults_y2020_fsa_with_data":6,"adults_y2022_pct_attached":89.36239260764856,"adults_y2022_pct_unattached":10.637607392351445,"adults_y2022_n_attached":104638,"adults_y2022_n_unattached":12456,"adults_y2022_n_total":117094,"adults_y2022_fsa_count":6,"adults_y2022_fsa_with_data":6,"adults_change_pct_attached":-2.151491336815667,"has_data":true,"name":"Haldimand—Norfolk"}},
{"type":"Feature","geometry":{"type":"Polygon","coordinates":[[[-88.77809,48.20383],[-89.10752,48.28298],[-89.06077,48.38588],[-89.15015,48.38486],[-89.15044,48.40702],[-89.2015,48.40642],[-89.24996,48.40679],[-89.28377,48.40487],[-89.28778,48.40545],[-89.28159,48.42798],[-89.2641,48.44339],[-89.27263,48.4519],[-89.27484,48.45197],[-89.27432,48.45558],[-89.25887,48.46311],[-89.22551,48.46351],[-89.22552,48.46178],[-89.21967,48.46434],[-89.18919,48.48262],[-89.18206,48.48377],[-89.18205,48.51458],[-89.42861,48.51496],[-89.57929,48.51602],[-89.59499,48.51399],[-89.59574,48.5212],[-89.59292,48.52552],[-89.59508,48.53198],[-89.59441,48.53464],[-89.5952,48.53595],[-89.59289,48.53845],[-89.59457,48.53935],[-89.59426,48.54018],[-89.5911,48.54186],[-89.59182,48.54338],[-89.58762,48.55193],[-89.5912,48.55558],[-89.5881,48.55919],[-89.59426,48.56579],[-89.59343,48.5677],[-89.59431,48.57037],[-89.59903,48.57211],[-89.6013,48.57506],[-89.60734,48.57687],[-89.60978,48.58168],[-89.61296,48.58118],[-89.61294,48.58367],[-89.61499,48.58522],[-89.61027,48.58774],[-89.60936,48.591],[-89.61648,48.59134],[-89.61967,48.594],[-89.62114,48.59715],[-89.61721,48.60202],[-89.614,48.6034],[-89.61314,48.60608],[-89.61454,48.60878],[-89.6115,48.60938],[-89.60688,48.60651],[-89.60547,48.60665],[-89.60127,48.60812],[-89.60195,48.61033],[-89.59719,48.61405],[-89.59771,48.6198],[-89.59504,48.62189],[-89.5944,48.62445],[-89.5971,48.63039],[-89.59828,48.64366],[-89.59786,48.64504],[-89.59432,48.6457],[-89.59336,48.64673],[-89.59515,48.65046],[-89.59618,48.65753],[-89.60263,48.6629],[-89.60332,48.66655],[-89.61109,48.66986],[-89.61102,48.67456],[-89.6465,48.67454],[-89.6467,48.72251],[-89.59892,48.72228],[-89.59742,48.72324],[-89.59792,48.72492],[-89.60104,48.72583],[-89.6029,48.72537],[-89.60334,48.72438],[-89.60363,48.72703],[-89.6071,48.72683],[-89.60649,48.7295],[-89.60741,48.73001],[-89.61105,48.72897],[-89.61178,48.72608],[-89.61363,48.72644],[-89.6139,48.72968],[-89.61177,48.73069],[-89.61216,48.73149],[-89.61133,48.73129],[-89.60769,48.7335],[-89.6084,48.73566],[-89.61287,48.73604],[-89.61584,48.73745],[-89.61472,48.73863],[-89.61292,48.73781],[-89.61076,48.73874],[-89.61296,48.73965],[-89.61305,48.74041],[-89.61043,48.7426],[-89.6104,48.74557],[-89.60741,48.74535],[-89.60697,48.747],[-89.60565,48.74712],[-89.60679,48.74442],[-89.6084,48.74441],[-89.60938,48.74312],[-89.60804,48.74325],[-89.60786,48.74235],[-89.6069,48.74271],[-89.60662,48.74183],[-89.60576,48.74245],[-89.60427,48.7416],[-89.6052,48.74078],[-89.60303,48.74039],[-89.60472,48.74017],[-89.60446,48.73897],[-89.59843,48.73906],[-89.59705,48.73767],[-89.59783,48.73597],[-89.59937,48.73669],[-89.59986,48.73552],[-89.59436,48.73291],[-89.59176,48.73342],[-89.5907,48.7316],[-89.58808,48.73135],[-89.58715,48.73033],[-89.58241,48.72958],[-89.57833,48.73049],[-89.5798,48.73151],[-89.57965,48.73396],[-89.57741,48.73716],[-89.58028,48.73946],[-89.57864,48.74018],[-89.57539,48.73945],[-89.57035,48.73952],[-89.56024,48.74346],[-89.55969,48.74411],[-89.56125,48.74527],[-89.55948,48.7468],[-89.55707,48.74726],[-89.55312,48.75228],[-89.55534,48.75435],[-89.55925,48.75428],[-89.55782,48.75783],[-89.55988,48.7608],[-89.56287,48.76248],[-89.56314,48.76625],[-89.56554,48.76956],[-89.56886,48.76871],[-89.57234,48.76982],[-89.5788,48.76885],[-89.58101,48.76946],[-89.58273,48.77109],[-89.58088,48.77469],[-89.57952,48.77543],[-89.58249,48.7753],[-89.582,48.77711],[-89.587,48.77614],[-89.58998,48.77439],[-89.59329,48.77455],[-89.59498,48.7732],[-89.59711,48.77308],[-89.58813,48.77788],[-89.58261,48.77907],[-89.58092,48.78065],[-89.59037,48.78332],[-89.58511,48.78479],[-89.58665,48.78603],[-89.588,48.78518],[-89.58878,48.78602],[-89.5881,48.78777],[-89.58301,48.78739],[-89.58182,48.78839],[-89.58208,48.78957],[-89.58405,48.79069],[-89.5934,48.79169],[-89.59451,48.791],[-89.59346,48.78758],[-89.59635,48.78684],[-89.59577,48.78988],[-89.59689,48.79122],[-89.58757,48.79749],[-89.58121,48.79969],[-89.57711,48.79701],[-89.57345,48.7964],[-89.57373,48.80151],[-89.57509,48.80196],[-89.57707,48.80465],[-89.57545,48.80477],[-89.5753,48.80623],[-89.57326,48.80713],[-89.5771,48.80943],[-89.57296,48.81461],[-89.57512,48.81821],[-89.57556,48.82141],[-89.57753,48.82342],[-89.57858,48.82803],[-89.58327,48.83048],[-89.58772,48.83155],[-89.5906,48.8307],[-89.59468,48.83102],[-89.60185,48.83398],[-89.60329,48.83342],[-89.60925,48.83352],[-89.61164,48.83266],[-89.61386,48.83423],[-89.61826,48.83079],[-89.61921,48.83399],[-89.62187,48.83522],[-89.62361,48.83914],[-89.62463,48.84451],[-89.62337,48.8469],[-89.62504,48.85059],[-89.61902,48.85739],[-89.61919,48.85931],[-89.61686,48.86013],[-89.62142,48.86507],[-89.61869,48.86707],[-89.62053,48.86804],[-89.62367,48.86835],[-89.62478,48.86923],[-89.62439,48.8716],[-89.6255,48.87189],[-89.62569,48.87343],[-89.62299,48.87399],[-89.62153,48.87703],[-89.6218,48.88254],[-89.62284,48.88343],[-89.62532,48.88285],[-89.63063,48.88399],[-89.63016,48.88528],[-89.62707,48.88591],[-89.62686,48.88684],[-89.62536,48.88726],[-89.62617,48.88819],[-89.62992,48.88887],[-89.6254,48.89246],[-89.62494,48.89405],[-89.62751,48.89523],[-89.6265,48.89667],[-89.628,48.89779],[-89.63252,48.89569],[-89.63407,48.89647],[-89.63455,48.89858],[-89.6296,48.90172],[-89.63152,48.90474],[-89.63783,48.90536],[-89.63861,48.90638],[-89.64086,48.9067],[-89.64467,48.90659],[-89.64757,48.90961],[-89.6473,48.91108],[-89.65137,48.91074],[-89.65226,48.91171],[-89.65683,48.91249],[-89.66,48.91205],[-89.66133,48.91275],[-89.66433,48.91263],[-89.66701,48.91039],[-89.66871,48.91056],[-89.6677,48.91274],[-89.67258,48.91401],[-89.67332,48.91315],[-89.67147,48.91193],[-89.67268,48.91093],[-89.67527,48.91047],[-89.67981,48.9123],[-89.6871,48.91281],[-89.68681,48.91431],[-89.68777,48.91508],[-89.68983,48.91502],[-89.69198,48.91317],[-89.6986,48.91301],[-89.7034,48.91527],[-89.7011,48.9173],[-89.70071,48.91858],[-89.70237,48.91941],[-89.70139,48.92108],[-89.70375,48.92249],[-89.70662,48.92656],[-89.70943,48.92648],[-89.71243,48.92798],[-89.72122,48.92825],[-89.72303,48.92941],[-89.73248,48.92903],[-89.73834,48.92709],[-89.7455,48.92639],[-89.75297,48.92199],[-89.75863,48.92248],[-89.76436,48.92449],[-89.77101,48.9234],[-89.78193,48.91995],[-89.79581,48.92039],[-89.80245,48.91802],[-89.80556,48.91586],[-89.8088,48.91713],[-89.81274,48.9152],[-89.81407,48.91524],[-89.81507,48.91627],[-89.81853,48.91615],[-89.81902,48.91865],[-89.82142,48.92109],[-89.82584,48.92178],[-89.82486,48.92566],[-89.8282,48.92698],[-89.82886,48.92888],[-89.83208,48.9308],[-89.83185,48.93242],[-89.83031,48.93231],[-89.83247,48.93495],[-89.83012,48.93788],[-89.83184,48.939],[-89.82748,48.93829],[-89.82955,48.94064],[-89.83219,48.94012],[-89.8316,48.94164],[-89.82862,48.9416],[-89.8283,48.94239],[-89.83205,48.94299],[-89.83349,48.94208],[-89.8366,48.94566],[-89.84038,48.94705],[-89.84542,48.9473],[-89.85184,48.94924],[-89.85483,48.94895],[-89.85603,48.95006],[-89.85618,48.95456],[-89.85731,48.95641],[-89.8637,48.95586],[-89.86515,48.9567],[-89.86659,48.95608],[-89.86746,48.95743],[-89.86883,48.95775],[-89.86983,48.95556],[-89.8736,48.95683],[-89.87455,48.9579],[-89.87459,48.96126],[-89.8764,48.963],[-89.87489,48.96429],[-89.877,48.96962],[-89.88416,48.96869],[-89.88937,48.96933],[-89.89232,48.96685],[-89.89403,48.96729],[-89.89526,48.97015],[-89.8921,48.97589],[-89.88965,48.9777],[-89.88055,48.98095],[-89.87946,48.98197],[-89.87961,48.98736],[-89.88503,48.99156],[-89.89494,48.99099],[-89.89685,48.99345],[-89.89466,48.99563],[-89.89219,49.00664],[-89.89147,49.01501],[-89.89362,49.02182],[-89.89281,49.02462],[-89.89363,49.03013],[-89.89246,49.03522],[-89.89097,49.04063],[-89.88627,49.04501],[-89.88469,49.05058],[-89.87982,49.05265],[-89.87777,49.05496],[-89.87917,49.05955],[-89.8811,49.06061],[-89.87939,49.06289],[-89.88009,49.06509],[-89.87449,49.07605],[-89.87542,49.07806],[-89.87766,49.07876],[-89.87752,49.07966],[-89.8735,49.08225],[-89.88157,49.0908],[-89.88129,49.09607],[-89.88228,49.09729],[-89.88113,49.10003],[-89.88419,49.1035],[-89.89031,49.10578],[-89.88953,49.11055],[-89.88507,49.11143],[-89.8848,49.11266],[-89.89297,49.11535],[-89.89608,49.11891],[-89.89231,49.12183],[-89.89118,49.12413],[-89.89521,49.12569],[-89.89606,49.12919],[-89.89776,49.13157],[-89.90036,49.13239],[-89.90096,49.13463],[-89.90601,49.13922],[-89.90685,49.14313],[-89.90866,49.14518],[-89.90722,49.14779],[-89.89779,49.1537],[-89.89636,49.15953],[-89.89417,49.162],[-89.896,49.16319],[-89.90116,49.16311],[-89.90296,49.1666],[-89.90462,49.1656],[-89.91046,49.16565],[-89.9128,49.16706],[-89.91641,49.16723],[-89.9205,49.16638],[-89.92725,49.16853],[-89.93351,49.16906],[-89.93955,49.16207],[-89.94301,49.16022],[-89.94668,49.16011],[-89.9487,49.15913],[-89.95196,49.15908],[-89.95452,49.16151],[-89.95901,49.16213],[-89.95974,49.16391],[-89.96717,49.16532],[-89.9696,49.16653],[-89.97148,49.16638],[-89.97358,49.16489],[-89.97889,49.1647],[-89.98181,49.16241],[-89.98444,49.16164],[-89.98901,49.16252],[-89.99045,49.16206],[-89.99433,49.16278],[-89.9948,49.16666],[-89.9926,49.17231],[-89.98694,49.17464],[-89.98641,49.17678],[-89.98919,49.17787],[-89.99557,49.1762],[-90,49.17611],[-90,49.5984],[-90.00007,50.06255],[-90.08292,50.06234],[-90.16814,50.06347],[-90.63377,50.06141],[-90.91191,50.06374],[-90.96341,50.06327],[-90.96408,49.54152],[-90.96398,49.33632],[-90.96297,49.33227],[-90.96393,49.10888],[-90.96303,49.02006],[-91.20758,49.02002],[-91.75309,49.01805],[-91.75193,48.6722],[-91.61311,48.67198],[-91.60562,48.4311],[-91.5955,48.10224],[-91.58881,48.10227],[-91.57568,48.1067],[-91.5594,48.10864],[-91.55304,48.10319],[-91.56971,48.0935],[-91.57574,48.06646],[-91.57319,48.05726],[-91.57601,48.04858],[-91.56812,48.04342],[-91.54244,48.05363],[-91.48818,48.06851],[-91.46515,48.06689],[-91.44985,48.0689],[-91.44616,48.06758],[-91.44647,48.06284],[-91.43781,48.05226],[-91.43762,48.04992],[-91.42947,48.04871],[-91.42699,48.05014],[-91.41361,48.05355],[-91.39091,48.05711],[-91.37873,48.06563],[-91.3709,48.06952],[-91.36509,48.06705],[-91.35259,48.07121],[-91.33995,48.07342],[-91.33629,48.07099],[-91.3363,48.06973],[-91.33447,48.06948],[-91.32838,48.07098],[-91.32468,48.0728],[-91.30691,48.0728],[-91.28939,48.07419],[-91.27553,48.07897],[-91.2663,48.07904],[-91.24944,48.08406],[-91.23486,48.09609],[-91.22784,48.0992],[-91.21493,48.10274],[-91.19018,48.12504],[-91.18275,48.12208],[-91.17661,48.12546],[-91.15576,48.14065],[-91.1373,48.14909],[-91.13813,48.15186],[-91.14014,48.15164],[-91.14267,48.15453],[-91.11967,48.16058],[-91.11481,48.16642],[-91.0919,48.17368],[-91.08805,48.17824],[-91.08261,48.18112],[-91.07879,48.17935],[-91.07578,48.17922],[-91.06559,48.18131],[-91.06273,48.18546],[-91.05923,48.18527],[-91.05534,48.18825],[-91.0525,48.18787],[-91.04582,48.1894],[-91.0359,48.19001],[-91.03469,48.18911],[-91.03104,48.18873],[-91.0237,48.19027],[-91.02197,48.19296],[-91.02005,48.19302],[-91.01995,48.19393],[-91.01236,48.19823],[-91.00274,48.20044],[-91.00431,48.20303],[-90.97709,48.21965],[-90.92644,48.22987],[-90.9175,48.23113],[-90.91506,48.23085],[-90.90692,48.23764],[-90.88574,48.24605],[-90.88157,48.2406],[-90.87541,48.23796],[-90.86705,48.23834],[-90.84773,48.24464],[-90.84391,48.24381],[-90.8432,48.2412],[-90.83939,48.2397],[-90.83504,48.23482],[-90.83856,48.2318],[-90.83982,48.22831],[-90.83727,48.22594],[-90.83486,48.20195],[-90.83428,48.18665],[-90.83659,48.17713],[-90.83266,48.17366],[-90.82624,48.17726],[-90.82478,48.17691],[-90.82351,48.1782],[-90.82588,48.18359],[-90.82116,48.18475],[-90.81886,48.18281],[-90.81765,48.17941],[-90.80991,48.17977],[-90.80424,48.17793],[-90.80316,48.1727],[-90.80176,48.17082],[-90.80087,48.1633],[-90.79762,48.16165],[-90.79645,48.15926],[-90.79324,48.1615],[-90.79034,48.16007],[-90.78604,48.16107],[-90.78337,48.1638],[-90.78142,48.16455],[-90.77852,48.16423],[-90.77617,48.16198],[-90.77907,48.15149],[-90.77795,48.14849],[-90.77878,48.14684],[-90.78096,48.14604],[-90.78396,48.14637],[-90.78952,48.14409],[-90.79159,48.14162],[-90.79642,48.14029],[-90.79836,48.1371],[-90.79539,48.13547],[-90.78766,48.13598],[-90.78532,48.13521],[-90.78233,48.13608],[-90.7818,48.13538],[-90.78351,48.13248],[-90.78502,48.13336],[-90.78809,48.13287],[-90.7898,48.13026],[-90.78659,48.12768],[-90.78277,48.12776],[-90.78332,48.12695],[-90.78202,48.12586],[-90.77651,48.12426],[-90.774,48.11865],[-90.77065,48.11675],[-90.76868,48.11673],[-90.76694,48.11278],[-90.76716,48.11074],[-90.76134,48.10012],[-90.76141,48.09846],[-90.75163,48.09107],[-90.74144,48.09463],[-90.70284,48.0962],[-90.68627,48.1005],[-90.64153,48.10373],[-90.6272,48.11206],[-90.62019,48.1117],[-90.61608,48.11224],[-90.60627,48.11601],[-90.59139,48.1176],[-90.59027,48.11977],[-90.58218,48.12374],[-90.57977,48.12399],[-90.57597,48.12065],[-90.56547,48.12259],[-90.55904,48.12187],[-90.55556,48.11693],[-90.5698,48.10694],[-90.5676,48.10167],[-90.56439,48.09874],[-90.55689,48.09614],[-90.51697,48.09945],[-90.5101,48.09746],[-90.50792,48.09908],[-90.49617,48.09875],[-90.49372,48.10145],[-90.48993,48.09913],[-90.48672,48.09924],[-90.48021,48.1021],[-90.47781,48.1054],[-90.47126,48.10608],[-90.46751,48.10891],[-90.46544,48.10877],[-90.46215,48.1067],[-90.45237,48.10531],[-90.44763,48.1036],[-90.44347,48.09998],[-90.4386,48.09901],[-90.41047,48.10527],[-90.40322,48.10525],[-90.39814,48.10243],[-90.37035,48.09384],[-90.36736,48.09474],[-90.35712,48.09444],[-90.35383,48.09514],[-90.34586,48.09398],[-90.34352,48.09445],[-90.34274,48.09564],[-90.33784,48.09615],[-90.33685,48.09951],[-90.32982,48.10228],[-90.31743,48.10367],[-90.30981,48.10553],[-90.30565,48.10508],[-90.30405,48.10388],[-90.29809,48.10247],[-90.29256,48.099],[-90.28902,48.09924],[-90.27425,48.10309],[-90.26428,48.10334],[-90.25378,48.10225],[-90.23382,48.10727],[-90.22513,48.10807],[-90.21647,48.10647],[-90.21058,48.10644],[-90.19482,48.10839],[-90.18851,48.10814],[-90.17637,48.1123],[-90.16461,48.10979],[-90.15082,48.11031],[-90.14726,48.11108],[-90.12369,48.10675],[-90.1223,48.10562],[-90.11595,48.10428],[-90.09166,48.10448],[-90.07409,48.1012],[-90.06628,48.09842],[-90.05738,48.09646],[-90.04943,48.09201],[-90.04125,48.08918],[-90.0391,48.09006],[-90.03794,48.08924],[-90.02932,48.08746],[-90.02322,48.08478],[-90.01865,48.07202],[-90.0149,48.06712],[-90.01071,48.06779],[-90.00981,48.06899],[-90.00608,48.06542],[-90.00438,48.06539],[-90.00455,48.0645],[-89.99804,48.05779],[-89.99389,48.0489],[-89.99734,48.03513],[-89.98667,48.02553],[-89.98543,48.02618],[-89.98327,48.02495],[-89.97465,48.0229],[-89.97362,48.02025],[-89.97194,48.01949],[-89.9717,48.01777],[-89.96858,48.0146],[-89.9642,48.01492],[-89.9526,48.0106],[-89.95001,48.01292],[-89.95068,48.01609],[-89.94415,48.01437],[-89.94101,48.0145],[-89.93986,48.01568],[-89.93479,48.01572],[-89.93124,48.00824],[-89.92594,48.00625],[-89.92588,48.00362],[-89.92825,48.00208],[-89.92187,47.99996],[-89.92286,47.99847],[-89.92215,47.99695],[-89.91649,47.99676],[-89.91448,47.99429],[-89.90401,47.9918],[-89.89971,47.98841],[-89.8966,47.98732],[-89.89088,47.98787],[-89.88628,47.98645],[-89.87855,47.98672],[-89.87242,47.98542],[-89.86828,47.99015],[-89.86557,47.98994],[-89.8473,47.99252],[-89.84253,47.99912],[-89.84216,48.00143],[-89.84456,48.00317],[-89.83911,48.00243],[-89.83409,47.9995],[-89.83129,47.99958],[-89.82896,48.00257],[-89.82899,48.00519],[-89.82534,48.00684],[-89.82256,48.00937],[-89.82201,48.01076],[-89.82392,48.01131],[-89.8208,48.01299],[-89.82114,48.01398],[-89.81973,48.01545],[-89.80953,48.0166],[-89.80737,48.01744],[-89.80615,48.01423],[-89.80136,48.01398],[-89.79676,48.01548],[-89.79505,48.01729],[-89.79238,48.01824],[-89.78189,48.01781],[-89.77846,48.0191],[-89.77521,48.02278],[-89.77326,48.02046],[-89.76754,48.02261],[-89.75629,48.02316],[-89.75315,48.02216],[-89.74936,48.0235],[-89.74616,48.02198],[-89.74461,48.02235],[-89.74268,48.01986],[-89.73389,48.02187],[-89.73187,48.02015],[-89.73288,48.0193],[-89.73215,48.01888],[-89.72417,48.01907],[-89.72424,48.02077],[-89.72165,48.02011],[-89.72004,48.01925],[-89.72007,48.01769],[-89.72408,48.01691],[-89.72415,48.01361],[-89.72281,48.01346],[-89.72068,48.01453],[-89.71883,48.01708],[-89.71695,48.01712],[-89.71621,48.01665],[-89.71703,48.01397],[-89.71644,48.00961],[-89.70814,48.01037],[-89.70552,48.00773],[-89.70246,48.00632],[-89.68803,48.01075],[-89.68666,48.01079],[-89.68465,48.00946],[-89.67305,48.01157],[-89.66714,48.00742],[-89.66446,48.00802],[-89.66244,48.01067],[-89.6574,48.01023],[-89.65336,48.00467],[-89.65,48.00353],[-89.6485,48.00392],[-89.6468,48.00591],[-89.64449,48.00629],[-89.64178,48.00578],[-89.63968,48.00383],[-89.63806,48.00357],[-89.63685,48.00486],[-89.63846,48.00848],[-89.63793,48.00915],[-89.62476,48.0117],[-89.6184,48.01083],[-89.61443,48.01522],[-89.61045,48.01781],[-89.60919,48.01708],[-89.60979,48.01488],[-89.60874,48.01191],[-89.61047,48.00969],[-89.60814,48.00665],[-89.60299,48.00631],[-89.59748,48.00431],[-89.59544,48.00463],[-89.59276,48.00394],[-89.59098,48.00247],[-89.58548,48.00174],[-89.58535,47.99952],[-89.58149,47.99584],[-89.57091,47.99804],[-89.56431,48.00188],[-89.48857,48.01103],[-89.33742,47.97408],[-88.77809,48.20383]]]},"properties":{"ed_id":105,"electoral_district":"Thunder Bay—Atikokan","electoral_district_fr":"Thunder Bay—Atikokan","overall_y2020_pct_attached":81.39919519847224,"overall_y2020_pct_unattached":18.600804801527758,"overall_y2020_n_attached":47739,"overall_y2020_n_unattached":10909,"overall_y2020_n_total":58648,"overall_y2020_fsa_count":5,"overall_y2020_fsa_with_data":5,"overall_y2022_pct_attached":78.13007157865965,"overall_y2022_pct_unattached":21.869928421340347,"overall_y2022_n_attached":45735,"overall_y2022_n_unattached":12802,"overall_y2022_n_total":58537,"overall_y2022_fsa_count":5,"overall_y2022_fsa_with_data":5,"overall_change_pct_attached":-3.2691236198125893,"children_y2020_pct_attached":84.45544554455445,"children_y2020_pct_unattached":15.544554455445544,"children_y2020_n_attached":8530,"children_y2020_n_unattached":1570,"children_y2020_n_total":10100,"children_y2020_fsa_count":5,"children_y2020_fsa_with_data":5,"children_y2022_pct_attached":79.84007996001999,"children_y2022_pct_unattached":20.15992003998001,"children_y2022_n_attached":7988,"children_y2022_n_unattached":2017,"children_y2022_n_total":10005,"children_y2022_fsa_count":5,"children_y2022_fsa_with_data":5,"children_change_pct_attached":-4.615365584534459,"adults_y2020_pct_attached":80.76336821290269,"adults_y2020_pct_unattached":19.236631787097306,"adults_y2020_n_attached":39209,"adults_y2020_n_unattached":9339,"adults_y2020_n_total":48548,"adults_y2020_fsa_count":5,"adults_y2020_fsa_with_data":5,"adults_y2022_pct_attached":77.77754883375917,"adults_y2022_pct_unattached":22.22245116624083,"adults_y2022_n_attached":37747,"adults_y2022_n_unattached":10785,"adults_y2022_n_total":48532,"adults_y2022_fsa_count":5,"adults_y2022_fsa_with_data":5,"adults_change_pct_attached":-2.9858193791435212,"has_data":true,"name":"Thunder Bay—Atikokan"}},
{"type":"Feature","geometry":{"type":"Polygon","coordinates":[[[-81.22977,42.97469],[-81.23397,42.98263],[-81.23391,42.98398],[-81.23259,42.98497],[-81.22472,42.9863],[-81.19865,42.98588],[-81.2361,43.0608],[-81.31978,43.03622],[-81.28996,42.97848],[-81.29193,42.97119],[-81.28982,42.97188],[-81.28984,42.97502],[-81.28843,42.97572],[-81.27724,42.97695],[-81.27496,42.97806],[-81.26383,42.97693],[-81.25566,42.97847],[-81.25559,42.97662],[-81.25265,42.97713],[-81.24822,42.97467],[-81.24477,42.97592],[-81.24403,42.97358],[-81.24274,42.97282],[-81.23552,42.975],[-81.23325,42.97357],[-81.22977,42.97469]]]},"properties":{"ed_id":54,"electoral_district":"London North Centre","electoral_district_fr":"London-Centre-Nord","overall_y2020_pct_attached":83.59168189429363,"overall_y2020_pct_unattached":16.408318105706364,"overall_y2020_n_attached":120311,"overall_y2020_n_unattached":23616,"overall_y2020_n_total":143927,"overall_y2020_fsa_count":5,"overall_y2020_fsa_with_data":5,"overall_y2022_pct_attached":80.97745510634195,"overall_y2022_pct_unattached":19.022544893658043,"overall_y2022_n_attached":121799,"overall_y2022_n_unattached":28612,"overall_y2022_n_total":150411,"overall_y2022_fsa_count":5,"overall_y2022_fsa_with_data":5,"overall_change_pct_attached":-2.6142267879516794,"children_y2020_pct_attached":89.34612651030561,"children_y2020_pct_unattached":10.653873489694385,"children_y2020_n_attached":25142,"children_y2020_n_unattached":2998,"children_y2020_n_total":28140,"children_y2020_fsa_count":5,"children_y2020_fsa_with_data":5,"children_y2022_pct_attached":84.30406415658557,"children_y2022_pct_unattached":15.695935843414436,"children_y2022_n_attached":24809,"children_y2022_n_unattached":4619,"children_y2022_n_total":29428,"children_y2022_fsa_count":5,"children_y2022_fsa_with_data":5,"children_change_pct_attached":-5.042062353720041,"adults_y2020_pct_attached":82.19316503579849,"adults_y2020_pct_unattached":17.806834964201506,"adults_y2020_n_attached":95169,"adults_y2020_n_unattached":20618,"adults_y2020_n_total":115787,"adults_y2020_fsa_count":5,"adults_y2020_fsa_with_data":5,"adults_y2022_pct_attached":80.1682881065935,"adults_y2022_pct_unattached":19.831711893406514,"adults_y2022_n_attached":96990,"adults_y2022_n_unattached":23993,"adults_y2022_n_total":120983,"adults_y2022_fsa_count":5,"adults_y2022_fsa_with_data":5,"adults_change_pct_attached":-2.024876929204993,"has_data":true,"name":"London North Centre"}},
{"type":"Feature","geometry":{"type":"Polygon","coordinates":[[[-79.29732,43.82594],[-79.34131,43.81564],[-79.31965,43.76836],[-79.31084,43.76892],[-79.27477,43.77729],[-79.28653,43.80432],[-79.28874,43.80694],[-79.29732,43.82594]]]},"properties":{"ed_id":93,"electoral_district":"Scarborough—Agincourt","electoral_district_fr":"Scarborough—Agincourt","overall_y2020_pct_attached":86.78466213551694,"overall_y2020_pct_unattached":13.215337864483054,"overall_y2020_n_attached":74824,"overall_y2020_n_unattached":11394,"overall_y2020_n_total":86218,"overall_y2020_fsa_count":2,"overall_y2020_fsa_with_data":2,"overall_y2022_pct_attached":83.9737603884583,"overall_y2022_pct_unattached":16.026239611541694,"overall_y2022_n_attached":71942,"overall_y2022_n_unattached":13730,"overall_y2022_n_total":85672,"overall_y2022_fsa_count":2,"overall_y2022_fsa_with_data":2,"overall_change_pct_attached":-2.8109017470586366,"children_y2020_pct_attached":92.18285879881185,"children_y2020_pct_unattached":7.817141201188147,"children_y2020_n_attached":12724,"children_y2020_n_unattached":1079,"children_y2020_n_total":13803,"children_y2020_fsa_count":2,"children_y2020_fsa_with_data":2,"children_y2022_pct_attached":83.64282015240067,"children_y2022_pct_unattached":16.35717984759932,"children_y2022_n_attached":11306,"children_y2022_n_unattached":2211,"children_y2022_n_total":13517,"children_y2022_fsa_count":2,"children_y2022_fsa_with_data":2,"children_change_pct_attached":-8.540038646411176,"adults_y2020_pct_attached":85.7557135952496,"adults_y2020_pct_unattached":14.244286404750397,"adults_y2020_n_attached":62100,"adults_y2020_n_unattached":10315,"adults_y2020_n_total":72415,"adults_y2020_fsa_count":2,"adults_y2020_fsa_with_data":2,"adults_y2022_pct_attached":84.03575635784077,"adults_y2022_pct_unattached":15.96424364215924,"adults_y2022_n_attached":60636,"adults_y2022_n_unattached":11519,"adults_y2022_n_total":72155,"adults_y2022_fsa_count":2,"adults_y2022_fsa_with_data":2,"adults_change_pct_attached":-1.7199572374088348,"has_data":true,"name":"Scarborough—Agincourt"}},
{"type":"Feature","geometry":{"type":"Polygon","coordinates":[[[-79.2818,43.8564],[-79.2889,43.88522],[-79.26748,43.89055],[-79.26405,43.89198],[-79.2741,43.9348],[-79.27784,43.94414],[-79.27812,43.9495],[-79.38963,43.92303],[-79.37959,43.8833],[-79.36812,43.83922],[-79.33062,43.8453],[-79.2818,43.8564]]]},"properties":{"ed_id":58,"electoral_district":"Markham—Unionville","electoral_district_fr":"Markham—Unionville","overall_y2020_pct_attached":89.99687651198256,"overall_y2020_pct_unattached":10.003123488017444,"overall_y2020_n_attached":146946,"overall_y2020_n_unattached":16333,"overall_y2020_n_total":163279,"overall_y2020_fsa_count":3,"overall_y2020_fsa_with_data":3,"overall_y2022_pct_attached":86.96340498081958,"overall_y2022_pct_unattached":13.036595019180416,"overall_y2022_n_attached":142820,"overall_y2022_n_unattached":21410,"overall_y2022_n_total":164230,"overall_y2022_fsa_count":3,"overall_y2022_fsa_with_data":3,"overall_change_pct_attached":-3.033471531162988,"children_y2020_pct_attached":92.99787907662989,"children_y2020_pct_unattached":7.002120923370117,"children_y2020_n_attached":30255,"children_y2020_n_unattached":2278,"children_y2020_n_total":32533,"children_y2020_fsa_count":3,"children_y2020_fsa_with_data":3,"children_y2022_pct_attached":84.43246275634233,"children_y2022_pct_unattached":15.56753724365767,"children_y2022_n_attached":27091,"children_y2022_n_unattached":4995,"children_y2022_n_total":32086,"children_y2022_fsa_count":3,"children_y2022_fsa_with_data":3,"children_change_pct_attached":-8.565416320287554,"adults_y2020_pct_attached":89.25014914414207,"adults_y2020_pct_unattached":10.749850855857924,"adults_y2020_n_attached":116691,"adults_y2020_n_unattached":14055,"adults_y2020_n_total":130746,"adults_y2020_fsa_count":3,"adults_y2020_fsa_with_data":3,"adults_y2022_pct_attached":87.57794527182467,"adults_y2022_pct_unattached":12.422054728175324,"adults_y2022_n_attached":115729,"adults_y2022_n_unattached":16415,"adults_y2022_n_total":132144,"adults_y2022_fsa_count":3,"adults_y2022_fsa_with_data":3,"adults_change_pct_attached":-1.6722038723173966,"has_data":true,"name":"Markham—Unionville"}},
{"type":"Feature","geometry":{"type":"Polygon","coordinates":[[[-81.22977,42.97469],[-81.22586,42.9674],[-81.21994,42.96104],[-81.21636,42.95887],[-81.26051,42.95685],[-81.25742,42.94355],[-81.25802,42.94071],[-81.25209,42.94128],[-81.24788,42.92324],[-81.20982,42.92662],[-81.20091,42.93095],[-81.19032,42.93416],[-81.1682,42.93881],[-81.11332,42.94457],[-81.11551,42.95328],[-81.11651,42.95321],[-81.12248,42.97677],[-81.12447,42.97739],[-81.12456,42.9792],[-81.12663,42.97978],[-81.12998,42.97812],[-81.13149,42.98212],[-81.13036,42.98268],[-81.13054,42.98458],[-81.12956,42.98591],[-81.1307,42.98561],[-81.12903,42.98766],[-81.12953,42.99056],[-81.12176,42.99288],[-81.12483,42.99883],[-81.11459,43.00204],[-81.11549,43.00381],[-81.12037,43.00562],[-81.12713,43.01867],[-81.12899,43.01811],[-81.12944,43.01902],[-81.1286,43.01997],[-81.12993,43.02249],[-81.12632,43.02364],[-81.13458,43.04031],[-81.12672,43.04273],[-81.13195,43.05326],[-81.14773,43.0485],[-81.15032,43.05372],[-81.16601,43.04916],[-81.16801,43.05294],[-81.17173,43.05445],[-81.18966,43.0698],[-81.19216,43.07219],[-81.19301,43.0716],[-81.19374,43.07305],[-81.2361,43.0608],[-81.19865,42.98588],[-81.22472,42.9863],[-81.23259,42.98497],[-81.23391,42.98398],[-81.23397,42.98263],[-81.22977,42.97469]]]},"properties":{"ed_id":53,"electoral_district":"London—Fanshawe","electoral_district_fr":"London—Fanshawe","overall_y2020_pct_attached":84.86422421305818,"overall_y2020_pct_unattached":15.13577578694182,"overall_y2020_n_attached":121725,"overall_y2020_n_unattached":21710,"overall_y2020_n_total":143435,"overall_y2020_fsa_count":5,"overall_y2020_fsa_with_data":5,"overall_y2022_pct_attached":81.16109790890707,"overall_y2022_pct_unattached":18.838902091092937,"overall_y2022_n_attached":119194,"overall_y2022_n_unattached":27667,"overall_y2022_n_total":146861,"overall_y2022_fsa_count":5,"overall_y2022_fsa_with_data":5,"overall_change_pct_attached":-3.7031263041511124,"children_y2020_pct_attached":90.36247811347465,"children_y2020_pct_unattached":9.63752188652535,"children_y2020_n_attached":24256,"children_y2020_n_unattached":2587,"children_y2020_n_total":26843,"children_y2020_fsa_count":5,"children_y2020_fsa_with_data":5,"children_y2022_pct_attached":84.27536231884058,"children_y2022_pct_unattached":15.72463768115942,"children_y2022_n_attached":23260,"children_y2022_n_unattached":4340,"children_y2022_n_total":27600,"children_y2022_fsa_count":5,"children_y2022_fsa_with_data":5,"children_change_pct_attached":-6.087115794634073,"adults_y2020_pct_attached":83.59836009331687,"adults_y2020_pct_unattached":16.401639906683137,"adults_y2020_n_attached":97469,"adults_y2020_n_unattached":19123,"adults_y2020_n_total":116592,"adults_y2020_fsa_count":5,"adults_y2020_fsa_with_data":5,"adults_y2022_pct_attached":80.44037866528035,"adults_y2022_pct_unattached":19.559621334719647,"adults_y2022_n_attached":95934,"adults_y2022_n_unattached":23327,"adults_y2022_n_total":119261,"adults_y2022_fsa_count":5,"adults_y2022_fsa_with_data":5,"adults_change_pct_attached":-3.1579814280365213,"has_data":true,"name":"London—Fanshawe"}},
{"type":"Feature","geometry":{"type":"Polygon","coordinates":[[[-75.35815,44.79742],[-75.34474,44.80899],[-75.33388,44.80621],[-75.30222,44.82643],[-75.30776,44.83658],[-75.2852,44.84826],[-75.26864,44.85485],[-75.25642,44.85729],[-75.24137,44.8671],[-75.22858,44.86828],[-75.21872,44.87772],[-75.20324,44.8778],[-75.19451,44.88263],[-75.18922,44.88314],[-75.16532,44.8935],[-75.14033,44.8969],[-75.135,44.91501],[-75.11792,44.92104],[-75.10511,44.9196],[-75.09677,44.92701],[-75.06502,44.92944],[-75.06028,44.93443],[-75.02705,44.94658],[-75.00538,44.95835],[-75.00325,44.9624],[-74.99978,44.96609],[-74.99969,44.9717],[-74.99316,44.97746],[-74.9729,44.98344],[-74.94759,44.98482],[-74.90841,44.98347],[-74.9014,44.99251],[-74.88881,44.99992],[-74.87755,45.00139],[-74.86672,45.00041],[-74.86296,45.00451],[-74.85653,45.00444],[-74.84646,45.01027],[-74.84224,45.01124],[-74.83513,45.01459],[-74.8269,45.01582],[-74.81744,45.01153],[-74.81361,45.0135],[-74.80184,45.01451],[-74.80019,45.01077],[-74.79323,45.00437],[-74.76349,45.00568],[-74.76071,44.99495],[-74.74486,44.99061],[-74.73131,44.99042],[-74.72216,44.99839],[-74.70264,45.00327],[-74.68391,44.99945],[-74.67364,45.0008],[-74.67089,45.00624],[-74.66867,45.00405],[-74.66083,45.01417],[-74.65497,45.01842],[-74.61875,45.03277],[-74.59405,45.04123],[-74.55519,45.04388],[-74.53082,45.05204],[-74.53102,45.0633],[-74.50957,45.07819],[-74.49335,45.06649],[-74.44269,45.1307],[-74.41996,45.14168],[-74.37762,45.15456],[-74.32108,45.18748],[-74.45085,45.28796],[-74.47192,45.30295],[-74.45226,45.35619],[-74.62076,45.28699],[-74.6067,45.26995],[-74.65565,45.24905],[-74.75905,45.20286],[-74.75772,45.20122],[-74.78727,45.18863],[-74.8413,45.25516],[-74.84876,45.25202],[-74.85337,45.25737],[-74.92049,45.34325],[-75.01691,45.31587],[-74.99411,45.27677],[-75.05743,45.25921],[-75.13688,45.23586],[-75.19226,45.22168],[-75.20115,45.2398],[-75.3532,45.1821],[-75.43574,45.14744],[-75.47444,45.13365],[-75.49551,45.12706],[-75.5547,45.10239],[-75.59494,45.08442],[-75.56196,45.04529],[-75.52386,45.00336],[-75.49532,44.96924],[-75.4183,44.86938],[-75.35815,44.79742]]]},"properties":{"ed_id":102,"electoral_district":"Stormont—Dundas—South Glengarry","electoral_district_fr":"Stormont—Dundas—South Glengarry","overall_y2020_pct_attached":85.19397039518356,"overall_y2020_pct_unattached":14.80602960481644,"overall_y2020_n_attached":94101,"overall_y2020_n_unattached":16354,"overall_y2020_n_total":110455,"overall_y2020_fsa_count":4,"overall_y2020_fsa_with_data":4,"overall_y2022_pct_attached":82.39450909122989,"overall_y2022_pct_unattached":17.6054909087701,"overall_y2022_n_attached":93395,"overall_y2022_n_unattached":19956,"overall_y2022_n_total":113351,"overall_y2022_fsa_count":4,"overall_y2022_fsa_with_data":4,"overall_change_pct_attached":-2.799461303953663,"children_y2020_pct_attached":86.7833283477914,"children_y2020_pct_unattached":13.216671652208595,"children_y2020_n_attached":17407,"children_y2020_n_unattached":2651,"children_y2020_n_total":20058,"children_y2020_fsa_count":4,"children_y2020_fsa_with_data":4,"children_y2022_pct_attached":79.205573564275,"children_y2022_pct_unattached":20.794426435725,"children_y2022_n_attached":16371,"children_y2022_n_unattached":4298,"children_y2022_n_total":20669,"children_y2022_fsa_count":4,"children_y2022_fsa_with_data":4,"children_change_pct_attached":-7.577754783516397,"adults_y2020_pct_attached":84.84131110545704,"adults_y2020_pct_unattached":15.15868889454296,"adults_y2020_n_attached":76694,"adults_y2020_n_unattached":13703,"adults_y2020_n_total":90397,"adults_y2020_fsa_count":4,"adults_y2020_fsa_with_data":4,"adults_y2022_pct_attached":83.10567316199477,"adults_y2022_pct_unattached":16.89432683800522,"adults_y2022_n_attached":77024,"adults_y2022_n_unattached":15658,"adults_y2022_n_total":92682,"adults_y2022_fsa_count":4,"adults_y2022_fsa_with_data":4,"adults_change_pct_attached":-1.7356379434622653,"has_data":true,"name":"Stormont—Dundas—South Glengarry"}},
{"type":"Feature","geometry":{"type":"Polygon","coordinates":[[[-79.78681,43.70585],[-79.81398,43.72581],[-79.81922,43.72078],[-79.83011,43.72871],[-79.86095,43.70086],[-79.87388,43.68766],[-79.88887,43.67488],[-79.82462,43.62731],[-79.8086,43.64144],[-79.8035,43.64229],[-79.79896,43.64438],[-79.8015,43.64654],[-79.80159,43.64808],[-79.77065,43.6761],[-79.78733,43.68841],[-79.78174,43.6933],[-79.77731,43.69878],[-79.78681,43.70585]]]},"properties":{"ed_id":12,"electoral_district":"Brampton West","electoral_district_fr":"Brampton-Ouest","overall_y2020_pct_attached":90.86844387381603,"overall_y2020_pct_unattached":9.131556126183959,"overall_y2020_n_attached":161366,"overall_y2020_n_unattached":16216,"overall_y2020_n_total":177582,"overall_y2020_fsa_count":2,"overall_y2020_fsa_with_data":2,"overall_y2022_pct_attached":85.4605800384585,"overall_y2022_pct_unattached":14.5394199615415,"overall_y2022_n_attached":162217,"overall_y2022_n_unattached":27598,"overall_y2022_n_total":189815,"overall_y2022_fsa_count":2,"overall_y2022_fsa_with_data":2,"overall_change_pct_attached":-5.4078638353575315,"children_y2020_pct_attached":96.22824197346127,"children_y2020_pct_unattached":3.7717580265387407,"children_y2020_n_attached":43729,"children_y2020_n_unattached":1714,"children_y2020_n_total":45443,"children_y2020_fsa_count":2,"children_y2020_fsa_with_data":2,"children_y2022_pct_attached":91.10432125709296,"children_y2022_pct_unattached":8.895678742907027,"children_y2022_n_attached":41744,"children_y2022_n_unattached":4076,"children_y2022_n_total":45820,"children_y2022_fsa_count":2,"children_y2022_fsa_with_data":2,"children_change_pct_attached":-5.123920716368303,"adults_y2020_pct_attached":89.02519316780058,"adults_y2020_pct_unattached":10.974806832199427,"adults_y2020_n_attached":117637,"adults_y2020_n_unattached":14502,"adults_y2020_n_total":132139,"adults_y2020_fsa_count":2,"adults_y2020_fsa_with_data":2,"adults_y2022_pct_attached":83.66471058022849,"adults_y2022_pct_unattached":16.33528941977152,"adults_y2022_n_attached":120473,"adults_y2022_n_unattached":23522,"adults_y2022_n_total":143995,"adults_y2022_fsa_count":2,"adults_y2022_fsa_with_data":2,"adults_change_pct_attached":-5.360482587572093,"has_data":true,"name":"Brampton West"}},
{"type":"Feature","geometry":{"type":"Polygon","coordinates":[[[-80.42244,43.47836],[-80.42247,43.47981],[-80.42415,43.48103],[-80.43163,43.48227],[-80.44569,43.47709],[-80.44804,43.47666],[-80.45522,43.47731],[-80.45816,43.48281],[-80.4601,43.48406],[-80.46272,43.48522],[-80.46491,43.48447],[-80.46548,43.48536],[-80.46768,43.4845],[-80.46973,43.48718],[-80.47079,43.48686],[-80.47252,43.48872],[-80.47338,43.49138],[-80.47257,43.49369],[-80.46811,43.49621],[-80.46442,43.49998],[-80.46516,43.50358],[-80.46743,43.50623],[-80.47192,43.50681],[-80.47538,43.50479],[-80.48479,43.50263],[-80.49029,43.50176],[-80.4922,43.50227],[-80.49504,43.50837],[-80.49516,43.51116],[-80.49409,43.51229],[-80.48744,43.51328],[-80.48398,43.51605],[-80.47112,43.5163],[-80.46863,43.51723],[-80.4676,43.51851],[-80.46773,43.52056],[-80.46954,43.52234],[-80.4763,43.52487],[-80.47865,43.527],[-80.48066,43.53121],[-80.62609,43.47965],[-80.57357,43.43223],[-80.54733,43.44128],[-80.54516,43.44407],[-80.54241,43.44262],[-80.54099,43.44349],[-80.54244,43.44554],[-80.53864,43.4469],[-80.541,43.44901],[-80.53433,43.45138],[-80.53384,43.45048],[-80.52644,43.45312],[-80.52713,43.45384],[-80.52206,43.45484],[-80.5202,43.45633],[-80.50081,43.46316],[-80.50171,43.46464],[-80.49853,43.46625],[-80.50101,43.46861],[-80.49552,43.47054],[-80.49637,43.47132],[-80.49531,43.47159],[-80.49672,43.4729],[-80.49359,43.47402],[-80.49009,43.47314],[-80.48074,43.4741],[-80.47682,43.4728],[-80.47535,43.47148],[-80.47112,43.46313],[-80.4329,43.47577],[-80.42244,43.47836]]]},"properties":{"ed_id":114,"electoral_district":"Waterloo","electoral_district_fr":"Waterloo","overall_y2020_pct_attached":84.97867772910563,"overall_y2020_pct_unattached":15.021322270894375,"overall_y2020_n_attached":87879,"overall_y2020_n_unattached":15534,"overall_y2020_n_total":103413,"overall_y2020_fsa_count":4,"overall_y2020_fsa_with_data":4,"overall_y2022_pct_attached":82.70777853040244,"overall_y2022_pct_unattached":17.292221469597575,"overall_y2022_n_attached":89135,"overall_y2022_n_unattached":18636,"overall_y2022_n_total":107771,"overall_y2022_fsa_count":4,"overall_y2022_fsa_with_data":4,"overall_change_pct_attached":-2.270899198703191,"children_y2020_pct_attached":93.3069132540731,"children_y2020_pct_unattached":6.693086745926904,"children_y2020_n_attached":19071,"children_y2020_n_unattached":1368,"children_y2020_n_total":20439,"children_y2020_fsa_count":4,"children_y2020_fsa_with_data":4,"children_y2022_pct_attached":89.58474494240635,"children_y2022_pct_unattached":10.415255057593651,"children_y2022_n_attached":18510,"children_y2022_n_unattached":2152,"children_y2022_n_total":20662,"children_y2022_fsa_count":4,"children_y2022_fsa_with_data":4,"children_change_pct_attached":-3.722168311666749,"adults_y2020_pct_attached":82.92718200882204,"adults_y2020_pct_unattached":17.07281799117796,"adults_y2020_n_attached":68808,"adults_y2020_n_unattached":14166,"adults_y2020_n_total":82974,"adults_y2020_fsa_count":4,"adults_y2020_fsa_with_data":4,"adults_y2022_pct_attached":81.07658221308934,"adults_y2022_pct_unattached":18.92341778691065,"adults_y2022_n_attached":70625,"adults_y2022_n_unattached":16484,"adults_y2022_n_total":87109,"adults_y2022_fsa_count":4,"adults_y2022_fsa_with_data":4,"adults_change_pct_attached":-1.8505997957327054,"has_data":true,"name":"Waterloo"}},
{"type":"Feature","geometry":{"type":"Polygon","coordinates":[[[-79.34131,43.81564],[-79.39622,43.80326],[-79.38705,43.76332],[-79.37553,43.76557],[-79.36297,43.76633],[-79.3197,43.76836],[-79.31965,43.76836],[-79.34131,43.81564]]]},"properties":{"ed_id":21,"electoral_district":"Don Valley North","electoral_district_fr":"Don Valley-Nord","overall_y2020_pct_attached":85.9403454799413,"overall_y2020_pct_unattached":14.0596545200587,"overall_y2020_n_attached":97214,"overall_y2020_n_unattached":15904,"overall_y2020_n_total":113118,"overall_y2020_fsa_count":3,"overall_y2020_fsa_with_data":3,"overall_y2022_pct_attached":81.77331325458518,"overall_y2022_pct_unattached":18.22668674541482,"overall_y2022_n_attached":93942,"overall_y2022_n_unattached":20939,"overall_y2022_n_total":114881,"overall_y2022_fsa_count":3,"overall_y2022_fsa_with_data":3,"overall_change_pct_attached":-4.167032225356124,"children_y2020_pct_attached":91.00410181491263,"children_y2020_pct_unattached":8.995898185087373,"children_y2020_n_attached":16196,"children_y2020_n_unattached":1601,"children_y2020_n_total":17797,"children_y2020_fsa_count":3,"children_y2020_fsa_with_data":3,"children_y2022_pct_attached":81.13502062660274,"children_y2022_pct_unattached":18.864979373397254,"children_y2022_n_attached":14554,"children_y2022_n_unattached":3384,"children_y2022_n_total":17938,"children_y2022_fsa_count":3,"children_y2022_fsa_with_data":3,"children_change_pct_attached":-9.869081188309892,"adults_y2020_pct_attached":84.99491192916567,"adults_y2020_pct_unattached":15.005088070834338,"adults_y2020_n_attached":81018,"adults_y2020_n_unattached":14303,"adults_y2020_n_total":95321,"adults_y2020_fsa_count":3,"adults_y2020_fsa_with_data":3,"adults_y2022_pct_attached":81.89142073177021,"adults_y2022_pct_unattached":18.108579268229786,"adults_y2022_n_attached":79388,"adults_y2022_n_unattached":17555,"adults_y2022_n_total":96943,"adults_y2022_fsa_count":3,"adults_y2022_fsa_with_data":3,"adults_change_pct_attached":-3.1034911973954564,"has_data":true,"name":"Don Valley North"}},
{"type":"Feature","geometry":{"type":"Polygon","coordinates":[[[-79.60879,43.64645],[-79.60713,43.64461],[-79.60279,43.64469],[-79.59669,43.64304],[-79.59238,43.64471],[-79.58857,43.64268],[-79.58532,43.63745],[-79.58594,43.63551],[-79.58513,43.63137],[-79.58602,43.62965],[-79.58534,43.62879],[-79.57501,43.62553],[-79.57004,43.62695],[-79.56851,43.62666],[-79.56684,43.62822],[-79.56429,43.62815],[-79.56364,43.62705],[-79.55681,43.62866],[-79.55962,43.63635],[-79.53535,43.64179],[-79.54047,43.65355],[-79.53972,43.65368],[-79.54005,43.65494],[-79.53789,43.65496],[-79.53697,43.65256],[-79.53267,43.65216],[-79.53211,43.65019],[-79.52975,43.65111],[-79.52683,43.65107],[-79.52243,43.64824],[-79.52055,43.6501],[-79.51729,43.65793],[-79.50556,43.66278],[-79.51048,43.66201],[-79.5122,43.66261],[-79.51319,43.66577],[-79.51127,43.66859],[-79.5124,43.67376],[-79.50882,43.67643],[-79.50543,43.68138],[-79.50601,43.68234],[-79.50921,43.68256],[-79.51264,43.68874],[-79.51327,43.6926],[-79.51184,43.69678],[-79.51842,43.6972],[-79.52075,43.69868],[-79.52135,43.70014],[-79.52597,43.7016],[-79.57068,43.69149],[-79.5632,43.67454],[-79.58186,43.67225],[-79.59114,43.66856],[-79.58882,43.66461],[-79.60879,43.64645]]]},"properties":{"ed_id":28,"electoral_district":"Etobicoke Centre","electoral_district_fr":"Etobicoke-Centre","overall_y2020_pct_attached":86.44675594699248,"overall_y2020_pct_unattached":13.553244053007516,"overall_y2020_n_attached":148015,"overall_y2020_n_unattached":23206,"overall_y2020_n_total":171221,"overall_y2020_fsa_count":5,"overall_y2020_fsa_with_data":5,"overall_y2022_pct_attached":83.41600960785338,"overall_y2022_pct_unattached":16.583990392146625,"overall_y2022_n_attached":143775,"overall_y2022_n_unattached":28584,"overall_y2022_n_total":172359,"overall_y2022_fsa_count":5,"overall_y2022_fsa_with_data":5,"overall_change_pct_attached":-3.0307463391390996,"children_y2020_pct_attached":91.53569525839104,"children_y2020_pct_unattached":8.46430474160895,"children_y2020_n_attached":27490,"children_y2020_n_unattached":2542,"children_y2020_n_total":30032,"children_y2020_fsa_count":5,"children_y2020_fsa_with_data":5,"children_y2022_pct_attached":82.14060372596553,"children_y2022_pct_unattached":17.85939627403447,"children_y2022_n_attached":24735,"children_y2022_n_unattached":5378,"children_y2022_n_total":30113,"children_y2022_fsa_count":5,"children_y2022_fsa_with_data":5,"children_change_pct_attached":-9.39509153242551,"adults_y2020_pct_attached":85.36429891847098,"adults_y2020_pct_unattached":14.635701081529016,"adults_y2020_n_attached":120525,"adults_y2020_n_unattached":20664,"adults_y2020_n_total":141189,"adults_y2020_fsa_count":5,"adults_y2020_fsa_with_data":5,"adults_y2022_pct_attached":83.68600874541288,"adults_y2022_pct_unattached":16.313991254587123,"adults_y2022_n_attached":119040,"adults_y2022_n_unattached":23206,"adults_y2022_n_total":142246,"adults_y2022_fsa_count":5,"adults_y2022_fsa_with_data":5,"adults_change_pct_attached":-1.6782901730581017,"has_data":true,"name":"Etobicoke Centre"}},
{"type":"Feature","geometry":{"type":"Polygon","coordinates":[[[-76.30016,45.46341],[-76.31279,45.4583],[-76.31992,45.45705],[-76.35791,45.45714],[-76.36819,45.45891],[-76.37853,45.4622],[-76.39669,45.46979],[-76.41874,45.48461],[-76.43656,45.49383],[-76.45639,45.5012],[-76.4636,45.50227],[-76.47419,45.50264],[-76.47774,45.50358],[-76.48237,45.5059],[-76.49892,45.51724],[-76.50256,45.51791],[-76.51083,45.51687],[-76.519,45.51696],[-76.57268,45.52742],[-76.6074,45.53207],[-76.62192,45.54012],[-76.63433,45.54558],[-76.64332,45.55191],[-76.65863,45.55902],[-76.67486,45.58527],[-76.67482,45.58853],[-76.67132,45.5993],[-76.67307,45.60857],[-76.66994,45.62007],[-76.67023,45.62466],[-76.67491,45.6292],[-76.68305,45.63509],[-76.69026,45.64552],[-76.71098,45.66111],[-76.71294,45.66404],[-76.71055,45.66979],[-76.70366,45.67648],[-76.69997,45.67783],[-76.6912,45.67852],[-76.68872,45.68127],[-76.68649,45.68884],[-76.69258,45.69601],[-76.69598,45.70218],[-76.69217,45.70804],[-76.69214,45.70995],[-76.70227,45.71528],[-76.70396,45.71765],[-76.7036,45.72081],[-76.70438,45.72176],[-76.71089,45.72178],[-76.71779,45.71954],[-76.72118,45.71923],[-76.72944,45.72074],[-76.73444,45.72287],[-76.7489,45.72425],[-76.75296,45.72547],[-76.763,45.73047],[-76.76881,45.73436],[-76.7696,45.74119],[-76.76588,45.74511],[-76.76567,45.74669],[-76.76644,45.74767],[-76.77103,45.74948],[-76.76791,45.7555],[-76.77034,45.7577],[-76.77358,45.76603],[-76.77518,45.77448],[-76.78072,45.78279],[-76.78139,45.78528],[-76.77627,45.7947],[-76.76938,45.80221],[-76.76576,45.81099],[-76.77005,45.82974],[-76.76474,45.85098],[-76.77397,45.85937],[-76.77748,45.87045],[-76.78261,45.87399],[-76.7887,45.87523],[-76.80364,45.87651],[-76.84503,45.89316],[-76.84992,45.89449],[-76.85394,45.89444],[-76.86677,45.8923],[-76.87058,45.89242],[-76.87667,45.89353],[-76.88765,45.89785],[-76.89323,45.89866],[-76.91972,45.89569],[-76.92722,45.89354],[-76.93016,45.89079],[-76.93043,45.88813],[-76.92674,45.88436],[-76.92586,45.8803],[-76.92342,45.87621],[-76.92319,45.87125],[-76.91826,45.86671],[-76.90957,45.86261],[-76.90698,45.85828],[-76.90301,45.85646],[-76.90256,45.85319],[-76.90103,45.85077],[-76.90291,45.8491],[-76.90805,45.84734],[-76.9223,45.84997],[-76.92664,45.84968],[-76.92871,45.84817],[-76.91233,45.81104],[-76.91157,45.80814],[-76.91241,45.8047],[-76.92015,45.79912],[-76.93874,45.7884],[-76.98054,45.78641],[-76.98787,45.78705],[-76.99383,45.78974],[-77.00851,45.80263],[-77.01756,45.80723],[-77.02494,45.80872],[-77.04219,45.80726],[-77.05163,45.8101],[-77.05433,45.8121],[-77.0639,45.82491],[-77.07167,45.83106],[-77.09251,45.83848],[-77.11081,45.84014],[-77.12864,45.84332],[-77.16499,45.85942],[-77.17715,45.86123],[-77.18843,45.86384],[-77.19215,45.86574],[-77.19932,45.87252],[-77.21189,45.88812],[-77.21692,45.89275],[-77.22363,45.90197],[-77.23466,45.91275],[-77.23563,45.91477],[-77.2354,45.91931],[-77.23711,45.92211],[-77.2409,45.92445],[-77.25441,45.93014],[-77.26085,45.93413],[-77.27222,45.94298],[-77.2767,45.94911],[-77.27969,45.9607],[-77.28425,45.97075],[-77.28571,45.98122],[-77.28541,45.98772],[-77.28365,45.99337],[-77.2764,46.0085],[-77.27688,46.01194],[-77.27908,46.01492],[-77.28746,46.01924],[-77.31232,46.02681],[-77.32092,46.03201],[-77.3356,46.04383],[-77.35752,46.05783],[-77.36217,46.05984],[-77.37193,46.06246],[-77.38097,46.0666],[-77.39183,46.06983],[-77.43234,46.09022],[-77.49603,46.12044],[-77.56496,46.16094],[-77.57002,46.16287],[-77.59384,46.1669],[-77.59511,46.16837],[-77.60883,46.17451],[-77.61922,46.17442],[-77.6253,46.17557],[-77.63783,46.18244],[-77.64913,46.18696],[-77.66597,46.19577],[-77.67776,46.19907],[-77.68039,46.19862],[-77.68401,46.19104],[-77.68898,46.18456],[-77.69264,46.18281],[-77.69608,46.18273],[-77.71677,46.19199],[-77.72403,46.19342],[-77.78393,46.19591],[-77.79559,46.19757],[-77.81608,46.20348],[-77.82799,46.20559],[-77.84506,46.20829],[-77.85017,46.20793],[-77.86327,46.20939],[-77.8809,46.21645],[-77.90609,46.22178],[-77.92725,46.22364],[-77.95194,46.23456],[-77.97299,46.24142],[-77.98158,46.24605],[-77.98728,46.24642],[-77.99384,46.24856],[-78.02231,46.24699],[-78.03617,46.24368],[-78.04052,46.24184],[-78.04583,46.24201],[-78.05551,46.24518],[-78.0688,46.24737],[-78.08766,46.25555],[-78.10035,46.25834],[-78.11558,46.26298],[-78.11849,46.26436],[-78.12929,46.27304],[-78.14366,46.27609],[-78.15711,46.27376],[-78.17223,46.27578],[-78.18343,46.2756],[-78.19731,46.27398],[-78.20503,46.27069],[-78.21412,46.26987],[-78.22139,46.2707],[-78.23737,46.27475],[-78.25033,46.27578],[-78.25542,46.27554],[-78.25929,46.27455],[-78.26734,46.27022],[-78.27343,46.26856],[-78.27555,46.26639],[-78.28047,46.26458],[-78.29297,46.2576],[-78.30992,46.25371],[-78.31155,46.25386],[-78.34359,46.26525],[-78.36318,46.27842],[-78.37936,46.28807],[-78.38839,46.29169],[-78.40536,46.29419],[-78.39797,46.28196],[-78.39796,46.27322],[-78.41312,46.27332],[-78.32902,46.12167],[-78.51177,46.07181],[-78.50411,46.05411],[-78.68118,46.00568],[-78.61731,45.89069],[-78.44505,45.93515],[-78.38268,45.81581],[-78.38009,45.8165],[-78.24805,45.57829],[-78.31201,45.56146],[-78.27063,45.48293],[-78.17759,45.31036],[-78.08726,45.33235],[-77.96831,45.36268],[-77.7799,45.41363],[-77.70939,45.43171],[-77.70974,45.43275],[-77.6899,45.43808],[-77.62355,45.31539],[-77.63553,45.31213],[-77.54475,45.14404],[-77.49616,45.1566],[-77.37737,45.19059],[-77.21333,45.23552],[-77.13964,45.09876],[-76.9695,45.1445],[-76.99195,45.18577],[-76.9888,45.18546],[-76.98576,45.1832],[-76.98247,45.18312],[-76.95937,45.20009],[-76.95664,45.20129],[-76.95113,45.20172],[-76.94852,45.20267],[-76.94588,45.2038],[-76.94033,45.20876],[-76.93205,45.21054],[-76.92679,45.20892],[-76.91745,45.20224],[-76.91747,45.20043],[-76.91874,45.19956],[-76.91756,45.19664],[-76.91528,45.19422],[-76.91173,45.194],[-76.90225,45.19698],[-76.89969,45.19645],[-76.89579,45.19396],[-76.89399,45.19397],[-76.89004,45.1944],[-76.88143,45.19806],[-76.86512,45.20841],[-76.85062,45.21601],[-76.84497,45.2175],[-76.81255,45.22075],[-76.76928,45.14493],[-76.75065,45.15832],[-76.69767,45.18886],[-76.65513,45.21771],[-76.53264,45.29544],[-76.50609,45.31181],[-76.50381,45.30998],[-76.45339,45.34164],[-76.42641,45.35968],[-76.39042,45.38563],[-76.35559,45.40939],[-76.31368,45.43601],[-76.31304,45.43661],[-76.31423,45.43702],[-76.31278,45.43735],[-76.31358,45.43807],[-76.31135,45.43796],[-76.29999,45.44517],[-76.30016,45.46341]]]},"properties":{"ed_id":88,"electoral_district":"Renfrew—Nipissing—Pembroke","electoral_district_fr":"Renfrew—Nipissing—Pembroke","overall_y2020_pct_attached":80.13399664531869,"overall_y2020_pct_unattached":19.866003354681304,"overall_y2020_n_attached":84083,"overall_y2020_n_unattached":20845,"overall_y2020_n_total":104928,"overall_y2020_fsa_count":6,"overall_y2020_fsa_with_data":6,"overall_y2022_pct_attached":79.7014649475484,"overall_y2022_pct_unattached":20.29853505245159,"overall_y2022_n_attached":86233,"overall_y2022_n_unattached":21962,"overall_y2022_n_total":108195,"overall_y2022_fsa_count":6,"overall_y2022_fsa_with_data":6,"overall_change_pct_attached":-0.4325316977702869,"children_y2020_pct_attached":84.33692299914051,"children_y2020_pct_unattached":15.663077000859499,"children_y2020_n_attached":16681,"children_y2020_n_unattached":3098,"children_y2020_n_total":19779,"children_y2020_fsa_count":6,"children_y2020_fsa_with_data":6,"children_y2022_pct_attached":79.67196819085487,"children_y2022_pct_unattached":20.328031809145127,"children_y2022_n_attached":16030,"children_y2022_n_unattached":4090,"children_y2022_n_total":20120,"children_y2022_fsa_count":6,"children_y2022_fsa_with_data":6,"children_change_pct_attached":-4.664954808285643,"adults_y2020_pct_attached":79.15771177582826,"adults_y2020_pct_unattached":20.842288224171746,"adults_y2020_n_attached":67402,"adults_y2020_n_unattached":17747,"adults_y2020_n_total":85149,"adults_y2020_fsa_count":6,"adults_y2020_fsa_with_data":6,"adults_y2022_pct_attached":79.70820323587851,"adults_y2022_pct_unattached":20.291796764121486,"adults_y2022_n_attached":70203,"adults_y2022_n_unattached":17872,"adults_y2022_n_total":88075,"adults_y2022_fsa_count":6,"adults_y2022_fsa_with_data":6,"adults_change_pct_attached":0.5504914600502531,"has_data":true,"name":"Renfrew—Nipissing—Pembroke"}},
{"type":"Feature","geometry":{"type":"Polygon","coordinates":[[[-79.71289,44.16597],[-79.6436,44.18045],[-79.52187,44.20819],[-79.51966,44.20666],[-79.51419,44.20645],[-79.51144,44.2132],[-79.5091,44.40865],[-79.68927,44.3749],[-79.73035,44.36559],[-79.73187,44.36589],[-79.73503,44.36452],[-79.74562,44.3621],[-79.74536,44.36113],[-79.72316,44.27529],[-79.7159,44.27693],[-79.71277,44.26501],[-79.7201,44.26337],[-79.7043,44.20069],[-79.72396,44.19619],[-79.71735,44.16502],[-79.71289,44.16597]]]},"properties":{"ed_id":4,"electoral_district":"Barrie—Innisfil","electoral_district_fr":"Barrie—Innisfil","overall_y2020_pct_attached":89.00541825974895,"overall_y2020_pct_unattached":10.994581740251048,"overall_y2020_n_attached":125009,"overall_y2020_n_unattached":15442,"overall_y2020_n_total":140451,"overall_y2020_fsa_count":3,"overall_y2020_fsa_with_data":3,"overall_y2022_pct_attached":86.90871139863427,"overall_y2022_pct_unattached":13.091288601365736,"overall_y2022_n_attached":125743,"overall_y2022_n_unattached":18941,"overall_y2022_n_total":144684,"overall_y2022_fsa_count":3,"overall_y2022_fsa_with_data":3,"overall_change_pct_attached":-2.096706861114683,"children_y2020_pct_attached":94.11179417931133,"children_y2020_pct_unattached":5.888205820688675,"children_y2020_n_attached":26484,"children_y2020_n_unattached":1657,"children_y2020_n_total":28141,"children_y2020_fsa_count":3,"children_y2020_fsa_with_data":2,"children_y2022_pct_attached":89.62070286649715,"children_y2022_pct_unattached":10.379297133502838,"children_y2022_n_attached":25731,"children_y2022_n_unattached":2980,"children_y2022_n_total":28711,"children_y2022_fsa_count":3,"children_y2022_fsa_with_data":2,"children_change_pct_attached":-4.491091312814177,"adults_y2020_pct_attached":87.71441817338896,"adults_y2020_pct_unattached":12.285581826611033,"adults_y2020_n_attached":98384,"adults_y2020_n_unattached":13780,"adults_y2020_n_total":112164,"adults_y2020_fsa_count":3,"adults_y2020_fsa_with_data":3,"adults_y2022_pct_attached":86.23735956269051,"adults_y2022_pct_unattached":13.762640437309475,"adults_y2022_n_attached":99862,"adults_y2022_n_unattached":15937,"adults_y2022_n_total":115799,"adults_y2022_fsa_count":3,"adults_y2022_fsa_with_data":3,"adults_change_pct_attached":-1.4770586106984496,"has_data":true,"name":"Barrie—Innisfil"}},
{"type":"Feature","geometry":{"type":"Polygon","coordinates":[[[-79.63677,43.608],[-79.62224,43.5983],[-79.62094,43.59633],[-79.6219,43.59374],[-79.62912,43.5893],[-79.646,43.57512],[-79.63292,43.566],[-79.62995,43.56392],[-79.62481,43.56238],[-79.62258,43.56089],[-79.59608,43.5841],[-79.59368,43.58725],[-79.56726,43.60967],[-79.56713,43.61072],[-79.56393,43.61254],[-79.5646,43.61336],[-79.56835,43.61441],[-79.56639,43.61831],[-79.56681,43.62052],[-79.56558,43.62155],[-79.56553,43.62425],[-79.56354,43.62501],[-79.56364,43.62705],[-79.56429,43.62815],[-79.56684,43.62822],[-79.56851,43.62666],[-79.57004,43.62695],[-79.57501,43.62553],[-79.58534,43.62879],[-79.58602,43.62965],[-79.58513,43.63137],[-79.58594,43.63551],[-79.58532,43.63745],[-79.58857,43.64268],[-79.59238,43.64471],[-79.59669,43.64304],[-79.60279,43.64469],[-79.60713,43.64461],[-79.60879,43.64645],[-79.63634,43.62166],[-79.63368,43.61947],[-79.63178,43.61558],[-79.63236,43.61274],[-79.63677,43.608]]]},"properties":{"ed_id":61,"electoral_district":"Mississauga East—Cooksville","electoral_district_fr":"Mississauga-Est—Cooksville","overall_y2020_pct_attached":84.75053850377405,"overall_y2020_pct_unattached":15.24946149622595,"overall_y2020_n_attached":140463,"overall_y2020_n_unattached":25274,"overall_y2020_n_total":165737,"overall_y2020_fsa_count":4,"overall_y2020_fsa_with_data":4,"overall_y2022_pct_attached":81.82757117867952,"overall_y2022_pct_unattached":18.17242882132047,"overall_y2022_n_attached":137062,"overall_y2022_n_unattached":30439,"overall_y2022_n_total":167501,"overall_y2022_fsa_count":4,"overall_y2022_fsa_with_data":4,"overall_change_pct_attached":-2.9229673250945325,"children_y2020_pct_attached":91.13040135814728,"children_y2020_pct_unattached":8.869598641852718,"children_y2020_n_attached":28450,"children_y2020_n_unattached":2769,"children_y2020_n_total":31219,"children_y2020_fsa_count":4,"children_y2020_fsa_with_data":4,"children_y2022_pct_attached":84.87751908275047,"children_y2022_pct_unattached":15.12248091724953,"children_y2022_n_attached":26576,"children_y2022_n_unattached":4735,"children_y2022_n_total":31311,"children_y2022_fsa_count":4,"children_y2022_fsa_with_data":4,"children_change_pct_attached":-6.252882275396814,"adults_y2020_pct_attached":83.26989696546188,"adults_y2020_pct_unattached":16.73010303453813,"adults_y2020_n_attached":112013,"adults_y2020_n_unattached":22505,"adults_y2020_n_total":134518,"adults_y2020_fsa_count":4,"adults_y2020_fsa_with_data":4,"adults_y2022_pct_attached":81.1263675747118,"adults_y2022_pct_unattached":18.8736324252882,"adults_y2022_n_attached":110486,"adults_y2022_n_unattached":25704,"adults_y2022_n_total":136190,"adults_y2022_fsa_count":4,"adults_y2022_fsa_with_data":4,"adults_change_pct_attached":-2.143529390750089,"has_data":true,"name":"Mississauga East—Cooksville"}},
{"type":"Feature","geometry":{"type":"Polygon","coordinates":[[[-79.19226,43.14526],[-79.19643,43.18096],[-79.1985,43.18848],[-79.20055,43.19121],[-79.20259,43.22995],[-79.20401,43.24646],[-79.29008,43.24778],[-79.28857,43.19757],[-79.28775,43.17787],[-79.28526,43.17764],[-79.28451,43.17167],[-79.28142,43.16676],[-79.28117,43.16044],[-79.27905,43.1582],[-79.27626,43.15712],[-79.27578,43.14238],[-79.26239,43.14389],[-79.24889,43.14909],[-79.24692,43.15044],[-79.24629,43.1524],[-79.24503,43.15235],[-79.24376,43.14883],[-79.24567,43.14402],[-79.24452,43.14093],[-79.24696,43.13951],[-79.24796,43.13563],[-79.25094,43.13346],[-79.24274,43.13491],[-79.23286,43.13376],[-79.22803,43.13208],[-79.21464,43.13622],[-79.19226,43.14526]]]},"properties":{"ed_id":90,"electoral_district":"St. Catharines","electoral_district_fr":"St. Catharines","overall_y2020_pct_attached":87.79908325133793,"overall_y2020_pct_unattached":12.200916748662074,"overall_y2020_n_attached":73170,"overall_y2020_n_unattached":10168,"overall_y2020_n_total":83338,"overall_y2020_fsa_count":4,"overall_y2020_fsa_with_data":4,"overall_y2022_pct_attached":83.04812138557422,"overall_y2022_pct_unattached":16.951878614425773,"overall_y2022_n_attached":70223,"overall_y2022_n_unattached":14334,"overall_y2022_n_total":84557,"overall_y2022_fsa_count":4,"overall_y2022_fsa_with_data":4,"overall_change_pct_attached":-4.750961865763713,"children_y2020_pct_attached":92.91137392320047,"children_y2020_pct_unattached":7.088626076799533,"children_y2020_n_attached":12727,"children_y2020_n_unattached":971,"children_y2020_n_total":13698,"children_y2020_fsa_count":4,"children_y2020_fsa_with_data":4,"children_y2022_pct_attached":85.65850195243166,"children_y2022_pct_unattached":14.341498047568335,"children_y2022_n_attached":12065,"children_y2022_n_unattached":2020,"children_y2022_n_total":14085,"children_y2022_fsa_count":4,"children_y2022_fsa_with_data":4,"children_change_pct_attached":-7.252871970768808,"adults_y2020_pct_attached":86.79350947731189,"adults_y2020_pct_unattached":13.20649052268811,"adults_y2020_n_attached":60443,"adults_y2020_n_unattached":9197,"adults_y2020_n_total":69640,"adults_y2020_fsa_count":4,"adults_y2020_fsa_with_data":4,"adults_y2022_pct_attached":82.52639346123283,"adults_y2022_pct_unattached":17.473606538767168,"adults_y2022_n_attached":58158,"adults_y2022_n_unattached":12314,"adults_y2022_n_total":70472,"adults_y2022_fsa_count":4,"adults_y2022_fsa_with_data":4,"adults_change_pct_attached":-4.267116016079058,"has_data":true,"name":"St. Catharines"}},
{"type":"Feature","geometry":{"type":"Polygon","coordinates":[[[-75.69623,45.33428],[-75.69967,45.32942],[-75.69821,45.32372],[-75.69616,45.32112],[-75.69621,45.31929],[-75.69855,45.31632],[-75.69519,45.30787],[-75.69732,45.30468],[-75.69977,45.29402],[-75.69681,45.28681],[-75.69812,45.28204],[-75.701,45.27956],[-75.7022,45.27643],[-75.70089,45.27377],[-75.70249,45.26977],[-75.70548,45.26874],[-75.70509,45.2656],[-75.70641,45.26036],[-75.70523,45.25692],[-75.70615,45.25051],[-75.70523,45.24859],[-75.7032,45.24846],[-75.70309,45.24191],[-75.6995,45.23537],[-75.68883,45.22877],[-75.80927,45.18038],[-75.85785,45.2697],[-75.86282,45.26982],[-75.87079,45.27562],[-75.87624,45.27727],[-75.88951,45.28829],[-75.89095,45.28743],[-75.89224,45.2878],[-75.90999,45.2953],[-75.92036,45.2889],[-75.93103,45.29737],[-75.96823,45.27382],[-75.97373,45.27184],[-75.96985,45.2512],[-75.97097,45.24693],[-75.97382,45.24363],[-75.99097,45.23233],[-76.01468,45.21927],[-76.04154,45.20192],[-76.04486,45.19607],[-76.04741,45.17614],[-76.0505,45.17145],[-75.94081,45.07993],[-75.95313,45.07234],[-75.86997,45.002],[-75.81945,44.9618],[-75.81934,44.9645],[-75.8211,44.96713],[-75.8135,44.96944],[-75.81267,44.97422],[-75.80596,44.97953],[-75.80115,44.98024],[-75.79922,44.98196],[-75.79612,44.98276],[-75.78895,44.98266],[-75.78557,44.98329],[-75.76919,44.98997],[-75.76496,44.99419],[-75.76452,44.99798],[-75.7588,45.00047],[-75.75853,45.00281],[-75.75775,45.00219],[-75.75169,45.00507],[-75.74852,45.00821],[-75.73394,45.01314],[-75.73008,45.0167],[-75.72429,45.01985],[-75.71833,45.02009],[-75.71446,45.02209],[-75.70818,45.02371],[-75.70303,45.02656],[-75.70018,45.02903],[-75.69735,45.03334],[-75.69782,45.03678],[-75.6918,45.0422],[-75.68952,45.04727],[-75.6877,45.04784],[-75.68562,45.04713],[-75.68023,45.04722],[-75.67731,45.05076],[-75.67075,45.05538],[-75.65362,45.06087],[-75.6436,45.06725],[-75.63959,45.07348],[-75.63947,45.0799],[-75.63635,45.08825],[-75.62385,45.09505],[-75.62115,45.09788],[-75.61877,45.10296],[-75.61938,45.10767],[-75.62805,45.121],[-75.62834,45.12564],[-75.60768,45.09903],[-75.59494,45.08442],[-75.5547,45.10239],[-75.49551,45.12706],[-75.47444,45.13365],[-75.43574,45.14744],[-75.3532,45.1821],[-75.36743,45.20449],[-75.40253,45.26539],[-75.43401,45.32807],[-75.43765,45.33447],[-75.52657,45.29815],[-75.56737,45.36991],[-75.56755,45.37158],[-75.56603,45.37389],[-75.57246,45.37521],[-75.57999,45.38154],[-75.61959,45.36513],[-75.60933,45.34768],[-75.63722,45.33593],[-75.64389,45.33391],[-75.63332,45.3162],[-75.67689,45.29788],[-75.68652,45.31546],[-75.68972,45.32462],[-75.69341,45.32905],[-75.69323,45.33465],[-75.69623,45.33428]]]},"properties":{"ed_id":17,"electoral_district":"Carleton","electoral_district_fr":"Carleton","overall_y2020_pct_attached":87.97664886349523,"overall_y2020_pct_unattached":12.023351136504782,"overall_y2020_n_attached":127494,"overall_y2020_n_unattached":17424,"overall_y2020_n_total":144918,"overall_y2020_fsa_count":7,"overall_y2020_fsa_with_data":7,"overall_y2022_pct_attached":85.36522718441488,"overall_y2022_pct_unattached":14.634772815585134,"overall_y2022_n_attached":129616,"overall_y2022_n_unattached":22221,"overall_y2022_n_total":151837,"overall_y2022_fsa_count":7,"overall_y2022_fsa_with_data":7,"overall_change_pct_attached":-2.611421679080351,"children_y2020_pct_attached":91.51784277761689,"children_y2020_pct_unattached":8.482157222383114,"children_y2020_n_attached":28441,"children_y2020_n_unattached":2636,"children_y2020_n_total":31077,"children_y2020_fsa_count":7,"children_y2020_fsa_with_data":7,"children_y2022_pct_attached":85.98148148148148,"children_y2022_pct_unattached":14.018518518518519,"children_y2022_n_attached":27858,"children_y2022_n_unattached":4542,"children_y2022_n_total":32400,"children_y2022_fsa_count":7,"children_y2022_fsa_with_data":7,"children_change_pct_attached":-5.536361296135411,"adults_y2020_pct_attached":87.00995247757838,"adults_y2020_pct_unattached":12.990047522421625,"adults_y2020_n_attached":99053,"adults_y2020_n_unattached":14788,"adults_y2020_n_total":113841,"adults_y2020_fsa_count":7,"adults_y2020_fsa_with_data":7,"adults_y2022_pct_attached":85.19805420430855,"adults_y2022_pct_unattached":14.801945795691452,"adults_y2022_n_attached":101758,"adults_y2022_n_unattached":17679,"adults_y2022_n_total":119437,"adults_y2022_fsa_count":7,"adults_y2022_fsa_with_data":7,"adults_change_pct_attached":-1.8118982732698328,"has_data":true,"name":"Carleton"}},
{"type":"Feature","geometry":{"type":"Polygon","coordinates":[[[-79.33103,42.75221],[-79.28297,42.7507],[-79.27863,42.75271],[-79.28165,42.97039],[-79.28173,42.97205],[-79.28663,42.9697],[-79.29061,42.96662],[-79.29059,42.99756],[-79.28995,42.99757],[-79.29069,43.016],[-79.29054,43.0174],[-79.28028,43.01751],[-79.28006,43.02683],[-79.27503,43.02769],[-79.27504,43.02678],[-79.26743,43.02666],[-79.26787,43.05412],[-79.27311,43.05226],[-79.27851,43.05252],[-79.28171,43.05404],[-79.28576,43.05917],[-79.28716,43.10865],[-79.27464,43.10879],[-79.27578,43.14238],[-79.27626,43.15712],[-79.27905,43.1582],[-79.28117,43.16044],[-79.28142,43.16676],[-79.28451,43.17167],[-79.28526,43.17764],[-79.28775,43.17787],[-79.28857,43.19757],[-79.29431,43.19631],[-79.30648,43.18949],[-79.31777,43.18504],[-79.32536,43.18347],[-79.34321,43.18217],[-79.36209,43.18393],[-79.38537,43.19247],[-79.4094,43.19958],[-79.51326,43.19847],[-79.51334,43.20027],[-79.52303,43.20032],[-79.55145,43.20983],[-79.57933,43.21024],[-79.61879,43.23337],[-79.62029,43.23012],[-79.63562,43.19528],[-79.65826,43.14397],[-79.70975,43.15584],[-79.75407,43.05054],[-79.56145,42.98175],[-79.51151,42.96466],[-79.45771,42.89928],[-79.33103,42.75221]]]},"properties":{"ed_id":70,"electoral_district":"Niagara West","electoral_district_fr":"Niagara-Ouest","overall_y2020_pct_attached":90.75955296794486,"overall_y2020_pct_unattached":9.240447032055144,"overall_y2020_n_attached":135622,"overall_y2020_n_unattached":13808,"overall_y2020_n_total":149430,"overall_y2020_fsa_count":3,"overall_y2020_fsa_with_data":3,"overall_y2022_pct_attached":89.03460076542274,"overall_y2022_pct_unattached":10.965399234577253,"overall_y2022_n_attached":136328,"overall_y2022_n_unattached":16790,"overall_y2022_n_total":153118,"overall_y2022_fsa_count":3,"overall_y2022_fsa_with_data":3,"overall_change_pct_attached":-1.7249522025221182,"children_y2020_pct_attached":96.2540980945889,"children_y2020_pct_unattached":3.745901905411108,"children_y2020_n_attached":29653,"children_y2020_n_unattached":1154,"children_y2020_n_total":30807,"children_y2020_fsa_count":3,"children_y2020_fsa_with_data":3,"children_y2022_pct_attached":92.8575957392848,"children_y2022_pct_unattached":7.142404260715192,"children_y2022_n_attached":29291,"children_y2022_n_unattached":2253,"children_y2022_n_total":31544,"children_y2022_fsa_count":3,"children_y2022_fsa_with_data":3,"children_change_pct_attached":-3.3965023553040936,"adults_y2020_pct_attached":89.33259148731696,"adults_y2020_pct_unattached":10.667408512683037,"adults_y2020_n_attached":105969,"adults_y2020_n_unattached":12654,"adults_y2020_n_total":118623,"adults_y2020_fsa_count":3,"adults_y2020_fsa_with_data":3,"adults_y2022_pct_attached":88.04267359797325,"adults_y2022_pct_unattached":11.95732640202675,"adults_y2022_n_attached":107037,"adults_y2022_n_unattached":14537,"adults_y2022_n_total":121574,"adults_y2022_fsa_count":3,"adults_y2022_fsa_with_data":3,"adults_change_pct_attached":-1.2899178893437124,"has_data":true,"name":"Niagara West"}},
{"type":"Feature","geometry":{"type":"Polygon","coordinates":[[[-79.8662,43.28871],[-79.86838,43.28634],[-79.87141,43.28748],[-79.87485,43.28634],[-79.87707,43.2879],[-79.88606,43.28776],[-79.88736,43.29021],[-79.89165,43.29328],[-79.89577,43.29034],[-79.89699,43.28821],[-79.90047,43.28824],[-79.91453,43.28601],[-79.92695,43.28639],[-79.93076,43.28581],[-79.94207,43.27895],[-79.95113,43.27553],[-79.9649,43.27322],[-79.97298,43.27322],[-80.02788,43.2532],[-80.04099,43.24756],[-80.05663,43.24493],[-80.05373,43.23484],[-80.05591,43.22822],[-80.04915,43.22178],[-80.04743,43.2161],[-80.04675,43.20762],[-80.03861,43.18295],[-79.95568,43.19731],[-79.9381,43.20288],[-79.93141,43.20473],[-79.93006,43.20446],[-79.92861,43.20779],[-79.92893,43.21034],[-79.92551,43.21018],[-79.91226,43.2071],[-79.9051,43.22364],[-79.89054,43.22],[-79.88056,43.2443],[-79.87879,43.24518],[-79.88423,43.24458],[-79.88522,43.2434],[-79.88662,43.24408],[-79.89078,43.24355],[-79.89561,43.24497],[-79.89927,43.24481],[-79.89937,43.24262],[-79.90065,43.24177],[-79.90039,43.24327],[-79.90151,43.2448],[-79.90356,43.24485],[-79.90368,43.24415],[-79.90748,43.24523],[-79.9078,43.24424],[-79.90987,43.24542],[-79.91468,43.24488],[-79.91916,43.24585],[-79.9317,43.24561],[-79.93184,43.24651],[-79.91968,43.24833],[-79.91334,43.25366],[-79.89505,43.25988],[-79.89336,43.26232],[-79.8923,43.27955],[-79.87,43.27985],[-79.8662,43.28871]]]},"properties":{"ed_id":39,"electoral_district":"Hamilton West—Ancaster—Dundas","electoral_district_fr":"Hamilton-Ouest—Ancaster—Dundas","overall_y2020_pct_attached":88.46326928584092,"overall_y2020_pct_unattached":11.536730714159086,"overall_y2020_n_attached":64871,"overall_y2020_n_unattached":8460,"overall_y2020_n_total":73331,"overall_y2020_fsa_count":3,"overall_y2020_fsa_with_data":3,"overall_y2022_pct_attached":87.24850857815579,"overall_y2022_pct_unattached":12.751491421844205,"overall_y2022_n_attached":65959,"overall_y2022_n_unattached":9640,"overall_y2022_n_total":75599,"overall_y2022_fsa_count":3,"overall_y2022_fsa_with_data":3,"overall_change_pct_attached":-1.2147607076851301,"children_y2020_pct_attached":94.47111887094427,"children_y2020_pct_unattached":5.528881129055725,"children_y2020_n_attached":12986,"children_y2020_n_unattached":760,"children_y2020_n_total":13746,"children_y2020_fsa_count":3,"children_y2020_fsa_with_data":3,"children_y2022_pct_attached":90.81274615109201,"children_y2022_pct_unattached":9.187253848907984,"children_y2022_n_attached":12682,"children_y2022_n_unattached":1283,"children_y2022_n_total":13965,"children_y2022_fsa_count":3,"children_y2022_fsa_with_data":3,"children_change_pct_attached":-3.6583727198522524,"adults_y2020_pct_attached":87.07728455148109,"adults_y2020_pct_unattached":12.922715448518924,"adults_y2020_n_attached":51885,"adults_y2020_n_unattached":7700,"adults_y2020_n_total":59585,"adults_y2020_fsa_count":3,"adults_y2020_fsa_with_data":3,"adults_y2022_pct_attached":86.44092546321835,"adults_y2022_pct_unattached":13.559074536781646,"adults_y2022_n_attached":53277,"adults_y2022_n_unattached":8357,"adults_y2022_n_total":61634,"adults_y2022_fsa_count":3,"adults_y2022_fsa_with_data":3,"adults_change_pct_attached":-0.6363590882627363,"has_data":true,"name":"Hamilton West—Ancaster—Dundas"}},
{"type":"Feature","geometry":{"type":"Polygon","coordinates":[[[-79.38963,43.92303],[-79.39028,43.92883],[-79.38923,43.93777],[-79.39253,43.95441],[-79.39268,43.9779],[-79.39619,43.99591],[-79.39818,43.99925],[-79.40425,44.00578],[-79.40646,44.01381],[-79.44592,44.00444],[-79.4943,43.99404],[-79.4812,43.93793],[-79.46735,43.88411],[-79.42159,43.89377],[-79.41978,43.89359],[-79.41845,43.89084],[-79.41613,43.89115],[-79.41184,43.88919],[-79.4083,43.88915],[-79.4069,43.88583],[-79.40316,43.88412],[-79.40047,43.87828],[-79.37959,43.8833],[-79.38963,43.92303]]]},"properties":{"ed_id":3,"electoral_district":"Aurora—Oak Ridges—Richmond Hill","electoral_district_fr":"Aurora—Oak Ridges—Richmond Hill","overall_y2020_pct_attached":91.50417999283783,"overall_y2020_pct_unattached":8.495820007162173,"overall_y2020_n_attached":148202,"overall_y2020_n_unattached":13760,"overall_y2020_n_total":161962,"overall_y2020_fsa_count":3,"overall_y2020_fsa_with_data":3,"overall_y2022_pct_attached":88.89176748445558,"overall_y2022_pct_unattached":11.108232515544417,"overall_y2022_n_attached":147539,"overall_y2022_n_unattached":18437,"overall_y2022_n_total":165976,"overall_y2022_fsa_count":3,"overall_y2022_fsa_with_data":3,"overall_change_pct_attached":-2.612412508382249,"children_y2020_pct_attached":94.50405652970426,"children_y2020_pct_unattached":5.495943470295734,"children_y2020_n_attached":32499,"children_y2020_n_unattached":1890,"children_y2020_n_total":34389,"children_y2020_fsa_count":3,"children_y2020_fsa_with_data":3,"children_y2022_pct_attached":86.88930847297617,"children_y2022_pct_unattached":13.110691527023837,"children_y2022_n_attached":29452,"children_y2022_n_unattached":4444,"children_y2022_n_total":33896,"children_y2022_fsa_count":3,"children_y2022_fsa_with_data":3,"children_change_pct_attached":-7.614748056728089,"adults_y2020_pct_attached":90.69552334741677,"adults_y2020_pct_unattached":9.304476652583226,"adults_y2020_n_attached":115703,"adults_y2020_n_unattached":11870,"adults_y2020_n_total":127573,"adults_y2020_fsa_count":3,"adults_y2020_fsa_with_data":3,"adults_y2022_pct_attached":89.40566323440339,"adults_y2022_pct_unattached":10.594336765596609,"adults_y2022_n_attached":118087,"adults_y2022_n_unattached":13993,"adults_y2022_n_total":132080,"adults_y2022_fsa_count":3,"adults_y2022_fsa_with_data":3,"adults_change_pct_attached":-1.2898601130133756,"has_data":true,"name":"Aurora—Oak Ridges—Richmond Hill"}},
{"type":"Feature","geometry":{"type":"Polygon","coordinates":[[[-79.69723,43.58676],[-79.68521,43.57787],[-79.69355,43.57057],[-79.69084,43.5686],[-79.69045,43.56658],[-79.68801,43.56693],[-79.68304,43.56524],[-79.68494,43.56331],[-79.6836,43.56149],[-79.67968,43.56281],[-79.67754,43.56172],[-79.67386,43.56192],[-79.66756,43.55569],[-79.66408,43.55603],[-79.66142,43.55329],[-79.65775,43.5519],[-79.65501,43.54877],[-79.65806,43.54498],[-79.65808,43.54323],[-79.65055,43.54786],[-79.6485,43.55231],[-79.63292,43.566],[-79.646,43.57512],[-79.62912,43.5893],[-79.6219,43.59374],[-79.62094,43.59633],[-79.62224,43.5983],[-79.63677,43.608],[-79.64452,43.60078],[-79.65292,43.60677],[-79.65773,43.60251],[-79.66083,43.60457],[-79.66541,43.60458],[-79.66953,43.60594],[-79.67021,43.60408],[-79.67351,43.60117],[-79.68092,43.59895],[-79.69084,43.59033],[-79.69388,43.58926],[-79.69723,43.58676]]]},"properties":{"ed_id":60,"electoral_district":"Mississauga Centre","electoral_district_fr":"Mississauga-Centre","overall_y2020_pct_attached":86.64592369099252,"overall_y2020_pct_unattached":13.354076309007478,"overall_y2020_n_attached":27569,"overall_y2020_n_unattached":4249,"overall_y2020_n_total":31818,"overall_y2020_fsa_count":1,"overall_y2020_fsa_with_data":1,"overall_y2022_pct_attached":83.77845606002798,"overall_y2022_pct_unattached":16.221543939972022,"overall_y2022_n_attached":26350,"overall_y2022_n_unattached":5102,"overall_y2022_n_total":31452,"overall_y2022_fsa_count":1,"overall_y2022_fsa_with_data":1,"overall_change_pct_attached":-2.8674676309645406,"children_y2020_pct_attached":93.05898975626987,"children_y2020_pct_unattached":6.941010243730131,"children_y2020_n_attached":5269,"children_y2020_n_unattached":393,"children_y2020_n_total":5662,"children_y2020_fsa_count":1,"children_y2020_fsa_with_data":1,"children_y2022_pct_attached":87.22701413103321,"children_y2022_pct_unattached":12.772985868966783,"children_y2022_n_attached":4753,"children_y2022_n_unattached":696,"children_y2022_n_total":5449,"children_y2022_fsa_count":1,"children_y2022_fsa_with_data":1,"children_change_pct_attached":-5.831975625236652,"adults_y2020_pct_attached":85.25768466126318,"adults_y2020_pct_unattached":14.74231533873681,"adults_y2020_n_attached":22300,"adults_y2020_n_unattached":3856,"adults_y2020_n_total":26156,"adults_y2020_fsa_count":1,"adults_y2020_fsa_with_data":1,"adults_y2022_pct_attached":83.0558012537015,"adults_y2022_pct_unattached":16.944198746298504,"adults_y2022_n_attached":21597,"adults_y2022_n_unattached":4406,"adults_y2022_n_total":26003,"adults_y2022_fsa_count":1,"adults_y2022_fsa_with_data":1,"adults_change_pct_attached":-2.201883407561681,"has_data":true,"name":"Mississauga Centre"}},
{"type":"Feature","geometry":{"type":"Polygon","coordinates":[[[-79.63292,43.566],[-79.6485,43.55231],[-79.65055,43.54786],[-79.65808,43.54323],[-79.66643,43.53673],[-79.68167,43.52276],[-79.61624,43.47487],[-79.52296,43.56034],[-79.54387,43.58139],[-79.54446,43.58545],[-79.54785,43.58731],[-79.54647,43.58883],[-79.54951,43.5908],[-79.54883,43.5951],[-79.55378,43.59586],[-79.55373,43.59848],[-79.5558,43.59971],[-79.55668,43.60283],[-79.56064,43.60579],[-79.56528,43.60716],[-79.56481,43.60834],[-79.56694,43.60891],[-79.56726,43.60967],[-79.59368,43.58725],[-79.59608,43.5841],[-79.62258,43.56089],[-79.62481,43.56238],[-79.62995,43.56392],[-79.63292,43.566]]]},"properties":{"ed_id":63,"electoral_district":"Mississauga—Lakeshore","electoral_district_fr":"Mississauga—Lakeshore","overall_y2020_pct_attached":86.97030756170156,"overall_y2020_pct_unattached":13.029692438298438,"overall_y2020_n_attached":85030,"overall_y2020_n_unattached":12739,"overall_y2020_n_total":97769,"overall_y2020_fsa_count":5,"overall_y2020_fsa_with_data":5,"overall_y2022_pct_attached":85.18904557531167,"overall_y2022_pct_unattached":14.81095442468833,"overall_y2022_n_attached":83366,"overall_y2022_n_unattached":14494,"overall_y2022_n_total":97860,"overall_y2022_fsa_count":5,"overall_y2022_fsa_with_data":5,"overall_change_pct_attached":-1.781261986389893,"children_y2020_pct_attached":93.90929216098087,"children_y2020_pct_unattached":6.090707839019129,"children_y2020_n_attached":16544,"children_y2020_n_unattached":1073,"children_y2020_n_total":17617,"children_y2020_fsa_count":5,"children_y2020_fsa_with_data":5,"children_y2022_pct_attached":88.54338080916983,"children_y2022_pct_unattached":11.456619190830166,"children_y2022_n_attached":15604,"children_y2022_n_unattached":2019,"children_y2022_n_total":17623,"children_y2022_fsa_count":5,"children_y2022_fsa_with_data":5,"children_change_pct_attached":-5.365911351811036,"adults_y2020_pct_attached":85.4451542070067,"adults_y2020_pct_unattached":14.554845792993312,"adults_y2020_n_attached":68486,"adults_y2020_n_unattached":11666,"adults_y2020_n_total":80152,"adults_y2020_fsa_count":5,"adults_y2020_fsa_with_data":5,"adults_y2022_pct_attached":84.45231003153158,"adults_y2022_pct_unattached":15.547689968468411,"adults_y2022_n_attached":67762,"adults_y2022_n_unattached":12475,"adults_y2022_n_total":80237,"adults_y2022_fsa_count":5,"adults_y2022_fsa_with_data":5,"adults_change_pct_attached":-0.9928441754751134,"has_data":true,"name":"Mississauga—Lakeshore"}},
{"type":"Feature","geometry":{"type":"Polygon","coordinates":[[[-76.35559,45.40939],[-76.21443,45.30078],[-76.2106,45.30312],[-76.14777,45.25033],[-76.0505,45.17145],[-76.04741,45.17614],[-76.04486,45.19607],[-76.04154,45.20192],[-76.01468,45.21927],[-75.99097,45.23233],[-75.97382,45.24363],[-75.97097,45.24693],[-75.96985,45.2512],[-75.97373,45.27184],[-75.96823,45.27382],[-75.93103,45.29737],[-75.92036,45.2889],[-75.90999,45.2953],[-75.89224,45.2878],[-75.89095,45.28743],[-75.88951,45.28829],[-75.87624,45.27727],[-75.87079,45.27562],[-75.86282,45.26982],[-75.85785,45.2697],[-75.85236,45.27057],[-75.83528,45.27739],[-75.83814,45.28347],[-75.83253,45.30137],[-75.85992,45.31098],[-75.87678,45.30407],[-75.88604,45.32057],[-75.90299,45.34768],[-75.90451,45.3516],[-75.94578,45.38399],[-75.90539,45.40983],[-75.91538,45.4163],[-75.92504,45.42633],[-75.93191,45.43385],[-75.95148,45.45937],[-75.96294,45.46726],[-75.99174,45.48097],[-76.0001,45.48337],[-76.00802,45.48439],[-76.0173,45.48838],[-76.02317,45.48954],[-76.05145,45.49981],[-76.06541,45.50584],[-76.07058,45.50983],[-76.0818,45.51598],[-76.09751,45.52087],[-76.10471,45.52129],[-76.1251,45.51847],[-76.13826,45.5191],[-76.14518,45.51804],[-76.14935,45.51619],[-76.15672,45.51536],[-76.19474,45.51803],[-76.21019,45.51612],[-76.2235,45.51239],[-76.22963,45.51171],[-76.23452,45.50932],[-76.23694,45.50694],[-76.23873,45.46905],[-76.23954,45.46791],[-76.24121,45.46735],[-76.26853,45.46725],[-76.27481,45.46512],[-76.27939,45.46613],[-76.29362,45.46586],[-76.30016,45.46341],[-76.29999,45.44517],[-76.31135,45.43796],[-76.31358,45.43807],[-76.31278,45.43735],[-76.31423,45.43702],[-76.31304,45.43661],[-76.31368,45.43601],[-76.35559,45.40939]]]},"properties":{"ed_id":43,"electoral_district":"Kanata—Carleton","electoral_district_fr":"Kanata—Carleton","overall_y2020_pct_attached":89.63677280734804,"overall_y2020_pct_unattached":10.363227192651955,"overall_y2020_n_attached":88026,"overall_y2020_n_unattached":10177,"overall_y2020_n_total":98203,"overall_y2020_fsa_count":5,"overall_y2020_fsa_with_data":5,"overall_y2022_pct_attached":86.34510193933367,"overall_y2022_pct_unattached":13.654898060666335,"overall_y2022_n_attached":86820,"overall_y2022_n_unattached":13730,"overall_y2022_n_total":100550,"overall_y2022_fsa_count":5,"overall_y2022_fsa_with_data":5,"overall_change_pct_attached":-3.2916708680143643,"children_y2020_pct_attached":92.37551393330288,"children_y2020_pct_unattached":7.624486066697123,"children_y2020_n_attached":20221,"children_y2020_n_unattached":1669,"children_y2020_n_total":21890,"children_y2020_fsa_count":5,"children_y2020_fsa_with_data":5,"children_y2022_pct_attached":85.55570720167417,"children_y2022_pct_unattached":14.444292798325828,"children_y2022_n_attached":18806,"children_y2022_n_unattached":3175,"children_y2022_n_total":21981,"children_y2022_fsa_count":5,"children_y2022_fsa_with_data":5,"children_change_pct_attached":-6.8198067316287165,"adults_y2020_pct_attached":88.85117869825588,"adults_y2020_pct_unattached":11.148821301744134,"adults_y2020_n_attached":67805,"adults_y2020_n_unattached":8508,"adults_y2020_n_total":76313,"adults_y2020_fsa_count":5,"adults_y2020_fsa_with_data":5,"adults_y2022_pct_attached":86.56594840204151,"adults_y2022_pct_unattached":13.434051597958483,"adults_y2022_n_attached":68014,"adults_y2022_n_unattached":10555,"adults_y2022_n_total":78569,"adults_y2022_fsa_count":5,"adults_y2022_fsa_with_data":5,"adults_change_pct_attached":-2.2852302962143654,"has_data":true,"name":"Kanata—Carleton"}},
{"type":"Feature","geometry":{"type":"Polygon","coordinates":[[[-79.4114,43.75168],[-79.41514,43.75196],[-79.41776,43.74975],[-79.42247,43.74972],[-79.42374,43.75169],[-79.42818,43.75423],[-79.43017,43.75745],[-79.43324,43.75723],[-79.43541,43.75907],[-79.43793,43.75912],[-79.43773,43.76058],[-79.43997,43.76154],[-79.44662,43.78811],[-79.44537,43.79082],[-79.44574,43.7924],[-79.4944,43.78156],[-79.49449,43.77774],[-79.48816,43.75202],[-79.48946,43.75182],[-79.49206,43.75297],[-79.49753,43.75053],[-79.50466,43.74916],[-79.50161,43.74705],[-79.49778,43.74581],[-79.49793,43.74359],[-79.49693,43.74253],[-79.51321,43.73938],[-79.50782,43.71775],[-79.49097,43.72037],[-79.47252,43.72487],[-79.44083,43.73208],[-79.41881,43.74532],[-79.4114,43.75168]]]},"properties":{"ed_id":120,"electoral_district":"York Centre","electoral_district_fr":"York-Centre","overall_y2020_pct_attached":85.45964086772999,"overall_y2020_pct_unattached":14.540359132270005,"overall_y2020_n_attached":123502,"overall_y2020_n_unattached":21013,"overall_y2020_n_total":144515,"overall_y2020_fsa_count":5,"overall_y2020_fsa_with_data":5,"overall_y2022_pct_attached":82.17309404044795,"overall_y2022_pct_unattached":17.82690595955205,"overall_y2022_n_attached":119091,"overall_y2022_n_unattached":25836,"overall_y2022_n_total":144927,"overall_y2022_fsa_count":5,"overall_y2022_fsa_with_data":5,"overall_change_pct_attached":-3.286546827282038,"children_y2020_pct_attached":91.80499129425421,"children_y2020_pct_unattached":8.195008705745792,"children_y2020_n_attached":23727,"children_y2020_n_unattached":2118,"children_y2020_n_total":25845,"children_y2020_fsa_count":5,"children_y2020_fsa_with_data":5,"children_y2022_pct_attached":82.07267407378119,"children_y2022_pct_unattached":17.927325926218813,"children_y2022_n_attached":20757,"children_y2022_n_unattached":4534,"children_y2022_n_total":25291,"children_y2022_fsa_count":5,"children_y2022_fsa_with_data":5,"children_change_pct_attached":-9.732317220473021,"adults_y2020_pct_attached":84.0776944467852,"adults_y2020_pct_unattached":15.922305553214796,"adults_y2020_n_attached":99775,"adults_y2020_n_unattached":18895,"adults_y2020_n_total":118670,"adults_y2020_fsa_count":5,"adults_y2020_fsa_with_data":5,"adults_y2022_pct_attached":82.1943227790966,"adults_y2022_pct_unattached":17.80567722090341,"adults_y2022_n_attached":98334,"adults_y2022_n_unattached":21302,"adults_y2022_n_total":119636,"adults_y2022_fsa_count":5,"adults_y2022_fsa_with_data":5,"adults_change_pct_attached":-1.883371667688607,"has_data":true,"name":"York Centre"}},
{"type":"Feature","geometry":{"type":"Polygon","coordinates":[[[-77.6462,44.27217],[-77.69198,44.36859],[-77.72743,44.43658],[-77.77608,44.42279],[-77.80729,44.4108],[-77.84702,44.40456],[-77.91308,44.38939],[-77.92561,44.41515],[-78.11089,44.36811],[-78.11616,44.36673],[-78.1156,44.36559],[-78.13207,44.36142],[-78.2932,44.32231],[-78.28254,44.29971],[-78.27466,44.30169],[-78.27346,44.29911],[-78.27299,44.29622],[-78.27739,44.29518],[-78.27622,44.29424],[-78.27872,44.29201],[-78.27741,44.28931],[-78.28336,44.2879],[-78.28564,44.2858],[-78.28246,44.27934],[-78.29122,44.27694],[-78.28997,44.27433],[-78.30582,44.27073],[-78.30341,44.26551],[-78.31025,44.26379],[-78.31393,44.25807],[-78.332,44.2528],[-78.33481,44.25927],[-78.34048,44.2554],[-78.33978,44.25375],[-78.33584,44.25125],[-78.33807,44.24663],[-78.33638,44.24019],[-78.3431,44.23528],[-78.34546,44.22783],[-78.35107,44.21943],[-78.35125,44.21558],[-78.35453,44.21197],[-78.38735,44.2044],[-78.36817,44.16225],[-78.34683,44.11992],[-78.42304,44.10088],[-78.50865,44.08123],[-78.51632,44.0988],[-78.69268,44.05838],[-78.69137,44.05565],[-78.69252,44.05348],[-78.69043,44.05362],[-78.62291,43.90325],[-78.60799,43.90605],[-78.604,43.89721],[-78.59882,43.89593],[-78.59229,43.89628],[-78.58499,43.89526],[-78.57668,43.89543],[-78.57588,43.89689],[-78.57303,43.89735],[-78.56241,43.89507],[-78.55269,43.89647],[-78.5414,43.89594],[-78.53523,43.8975],[-78.52055,43.89957],[-78.51435,43.89937],[-78.5027,43.90058],[-78.49661,43.90005],[-78.48779,43.89721],[-78.48183,43.89658],[-78.46652,43.90025],[-78.46272,43.90227],[-78.45533,43.90454],[-78.45179,43.90711],[-78.4444,43.91015],[-78.43203,43.91287],[-78.41471,43.91339],[-78.41052,43.91458],[-78.40578,43.9175],[-78.4016,43.91879],[-78.39579,43.92013],[-78.39529,43.91882],[-78.39409,43.92075],[-78.39153,43.92134],[-78.37793,43.92907],[-78.37394,43.92869],[-78.3706,43.9301],[-78.34673,43.93148],[-78.33922,43.93355],[-78.33675,43.93566],[-78.33158,43.93811],[-78.30997,43.94042],[-78.30364,43.94048],[-78.29954,43.94139],[-78.29545,43.94145],[-78.2921,43.93422],[-78.28347,43.93631],[-78.28771,43.94582],[-78.27456,43.94887],[-78.27208,43.95041],[-78.26422,43.95079],[-78.25566,43.9533],[-78.2453,43.95314],[-78.23989,43.95205],[-78.23349,43.95254],[-78.21479,43.95073],[-78.20621,43.95388],[-78.20557,43.95307],[-78.20065,43.95452],[-78.1935,43.95478],[-78.19394,43.95576],[-78.19231,43.95587],[-78.18949,43.95522],[-78.18618,43.95548],[-78.18138,43.95423],[-78.17058,43.95398],[-78.17062,43.94986],[-78.16286,43.94983],[-78.16283,43.95418],[-78.16407,43.95703],[-78.16236,43.95787],[-78.15526,43.95679],[-78.1518,43.95541],[-78.14571,43.9573],[-78.1372,43.95695],[-78.13061,43.95841],[-78.11846,43.95672],[-78.11541,43.95719],[-78.10718,43.96032],[-78.10445,43.96311],[-78.09849,43.96614],[-78.08931,43.96777],[-78.08026,43.96693],[-78.07147,43.96504],[-78.06723,43.96788],[-78.06343,43.96878],[-78.05542,43.96809],[-78.04404,43.96918],[-78.03437,43.969],[-78.01398,43.96382],[-78.00824,43.96303],[-78.00648,43.9632],[-78.00319,43.96513],[-78.00092,43.96529],[-77.99705,43.96894],[-77.98448,43.97451],[-77.97471,43.97742],[-77.96607,43.97711],[-77.95636,43.97407],[-77.94288,43.97256],[-77.93486,43.97019],[-77.93204,43.97063],[-77.92915,43.97251],[-77.92269,43.97387],[-77.92037,43.97547],[-77.90794,43.97748],[-77.90048,43.98071],[-77.88193,43.97787],[-77.87776,43.97635],[-77.87737,43.97542],[-77.87617,43.97574],[-77.87719,43.97758],[-77.87596,43.97923],[-77.873,43.98124],[-77.8664,43.98367],[-77.86733,43.98634],[-77.86487,43.98874],[-77.85957,43.99153],[-77.85089,43.99346],[-77.84283,43.99422],[-77.83979,43.99783],[-77.83234,43.99952],[-77.82834,44.0017],[-77.82135,44.00326],[-77.80973,44.00407],[-77.79851,44.00269],[-77.78297,44.00838],[-77.77598,44.00891],[-77.75682,43.96285],[-77.6411,43.99284],[-77.66163,44.03864],[-77.66422,44.03811],[-77.68876,44.09127],[-77.68488,44.09222],[-77.7287,44.18026],[-77.72692,44.18072],[-77.75486,44.23644],[-77.7439,44.2353],[-77.73863,44.23599],[-77.73645,44.23711],[-77.73395,44.23931],[-77.72677,44.24279],[-77.72284,44.24632],[-77.72212,44.24973],[-77.71169,44.25245],[-77.7145,44.25802],[-77.71181,44.26049],[-77.70057,44.25852],[-77.69257,44.25854],[-77.68981,44.25952],[-77.6845,44.26349],[-77.68219,44.26404],[-77.67861,44.26346],[-77.67114,44.25829],[-77.66188,44.25716],[-77.65677,44.2575],[-77.65139,44.25634],[-77.64888,44.25482],[-77.64715,44.25119],[-77.64194,44.24863],[-77.63931,44.2482],[-77.65081,44.27106],[-77.6462,44.27217]]]},"properties":{"ed_id":73,"electoral_district":"Northumberland—Peterborough South","electoral_district_fr":"Northumberland—Peterborough-Sud","overall_y2020_pct_attached":93.39013547840813,"overall_y2020_pct_unattached":6.609864521591871,"overall_y2020_n_attached":52941,"overall_y2020_n_unattached":3747,"overall_y2020_n_total":56688,"overall_y2020_fsa_count":3,"overall_y2020_fsa_with_data":3,"overall_y2022_pct_attached":91.76805724778198,"overall_y2022_pct_unattached":8.231942752218007,"overall_y2022_n_attached":53476,"overall_y2022_n_unattached":4797,"overall_y2022_n_total":58273,"overall_y2022_fsa_count":3,"overall_y2022_fsa_with_data":3,"overall_change_pct_attached":-1.622078230626144,"children_y2020_pct_attached":95.35939749695426,"children_y2020_pct_unattached":4.640602503045741,"children_y2020_n_attached":8610,"children_y2020_n_unattached":419,"children_y2020_n_total":9029,"children_y2020_fsa_count":3,"children_y2020_fsa_with_data":3,"children_y2022_pct_attached":92.17400690846287,"children_y2022_pct_unattached":7.825993091537133,"children_y2022_n_attached":8539,"children_y2022_n_unattached":725,"children_y2022_n_total":9264,"children_y2022_fsa_count":3,"children_y2022_fsa_with_data":3,"children_change_pct_attached":-3.185390588491387,"adults_y2020_pct_attached":93.01705868776097,"adults_y2020_pct_unattached":6.982941312239031,"adults_y2020_n_attached":44331,"adults_y2020_n_unattached":3328,"adults_y2020_n_total":47659,"adults_y2020_fsa_count":3,"adults_y2020_fsa_with_data":3,"adults_y2022_pct_attached":91.69132200208125,"adults_y2022_pct_unattached":8.30867799791875,"adults_y2022_n_attached":44937,"adults_y2022_n_unattached":4072,"adults_y2022_n_total":49009,"adults_y2022_fsa_count":3,"adults_y2022_fsa_with_data":3,"adults_change_pct_attached":-1.3257366856797148,"has_data":true,"name":"Northumberland—Peterborough South"}},
{"type":"Feature","geometry":{"type":"Polygon","coordinates":[[[-79.40646,44.01381],[-79.4104,44.03228],[-79.41648,44.05041],[-79.42024,44.06843],[-79.42168,44.07971],[-79.42389,44.0869],[-79.45154,44.08008],[-79.51081,44.06733],[-79.50622,44.04919],[-79.4943,43.99404],[-79.44592,44.00444],[-79.40646,44.01381]]]},"properties":{"ed_id":67,"electoral_district":"Newmarket—Aurora","electoral_district_fr":"Newmarket—Aurora","overall_y2020_pct_attached":93.1433603824621,"overall_y2020_pct_unattached":6.8566396175379,"overall_y2020_n_attached":44421,"overall_y2020_n_unattached":3270,"overall_y2020_n_total":47691,"overall_y2020_fsa_count":1,"overall_y2020_fsa_with_data":1,"overall_y2022_pct_attached":90.5007105929847,"overall_y2022_pct_unattached":9.499289407015302,"overall_y2022_n_attached":43939,"overall_y2022_n_unattached":4612,"overall_y2022_n_total":48551,"overall_y2022_fsa_count":1,"overall_y2022_fsa_with_data":1,"overall_change_pct_attached":-2.642649789477403,"children_y2020_pct_attached":96.26552227903579,"children_y2020_pct_unattached":3.7344777209642075,"children_y2020_n_attached":10543,"children_y2020_n_unattached":409,"children_y2020_n_total":10952,"children_y2020_fsa_count":1,"children_y2020_fsa_with_data":1,"children_y2022_pct_attached":91.62443563991523,"children_y2022_pct_unattached":8.37556436008477,"children_y2022_n_attached":9944,"children_y2022_n_unattached":909,"children_y2022_n_total":10853,"children_y2022_fsa_count":1,"children_y2022_fsa_with_data":1,"children_change_pct_attached":-4.641086639120559,"adults_y2020_pct_attached":92.21263507444405,"adults_y2020_pct_unattached":7.787364925555949,"adults_y2020_n_attached":33878,"adults_y2020_n_unattached":2861,"adults_y2020_n_total":36739,"adults_y2020_fsa_count":1,"adults_y2020_fsa_with_data":1,"adults_y2022_pct_attached":90.17719772932251,"adults_y2022_pct_unattached":9.82280227067749,"adults_y2022_n_attached":33995,"adults_y2022_n_unattached":3703,"adults_y2022_n_total":37698,"adults_y2022_fsa_count":1,"adults_y2022_fsa_with_data":1,"adults_change_pct_attached":-2.0354373451215366,"has_data":true,"name":"Newmarket—Aurora"}},
{"type":"Feature","geometry":{"type":"Polygon","coordinates":[[[-90.16814,50.06347],[-90.16634,50.3243],[-90.1662,50.49525],[-90.16672,50.91512],[-90.1663,51.12961],[-90.16549,51.13006],[-90.16644,51.13078],[-90.16513,51.13199],[-90.16243,51.13251],[-90.16056,51.13154],[-90.1612,51.13084],[-90.16245,51.13115],[-90.16495,51.13037],[-90.16539,51.12871],[-90.16382,51.1275],[-90.16211,51.12745],[-90.16106,51.12868],[-90.15687,51.12876],[-90.15464,51.12785],[-90.15673,51.12731],[-90.1569,51.12657],[-90.15344,51.12592],[-90.15409,51.12426],[-90.15258,51.12439],[-90.1534,51.1238],[-90.15039,51.12328],[-90.15034,51.1227],[-90.14589,51.12392],[-90.14735,51.12457],[-90.14359,51.12521],[-90.14142,51.12482],[-90.14198,51.1242],[-90.14002,51.12323],[-90.14152,51.12277],[-90.14296,51.12329],[-90.14368,51.12167],[-90.13752,51.12047],[-90.14061,51.11882],[-90.1392,51.11954],[-90.13835,51.11865],[-90.13607,51.11894],[-90.13425,51.11781],[-90.12952,51.12035],[-90.11966,51.12087],[-90.11914,51.11957],[-90.11789,51.11934],[-90.11607,51.12069],[-90.11302,51.12143],[-90.1098,51.12081],[-90.10825,51.12153],[-90.10489,51.11931],[-90.10168,51.12038],[-90.10215,51.11974],[-90.10046,51.11932],[-90.09878,51.12055],[-90.10177,51.12196],[-90.10054,51.12256],[-90.096,51.12213],[-90.09139,51.12264],[-90.09032,51.12208],[-90.08421,51.12309],[-90.08198,51.12189],[-90.08045,51.12269],[-90.07909,51.12283],[-90.07867,51.12216],[-90.07709,51.12283],[-90.07327,51.12215],[-90.07109,51.12268],[-90.06908,51.12173],[-90.06775,51.12243],[-90.06192,51.12155],[-90.06053,51.12205],[-90.05585,51.12139],[-90.05243,51.12171],[-90.04516,51.11924],[-90.04496,51.12125],[-90.04157,51.12501],[-90.042,51.12686],[-90.04083,51.12827],[-90.03675,51.12887],[-90.03297,51.13053],[-90.0224,51.14031],[-90.01985,51.14005],[-90.01824,51.13881],[-90.0182,51.13458],[-90.01906,51.13391],[-90.01672,51.13353],[-90.01755,51.13128],[-90.0207,51.12954],[-90.01805,51.12954],[-90.01715,51.13026],[-90.01499,51.12996],[-90.01303,51.13089],[-90.01317,51.12946],[-90.01085,51.12875],[-90.01301,51.12766],[-90.00933,51.12628],[-90.0081,51.12713],[-90.00834,51.12826],[-90.00454,51.12897],[-90.00241,51.12854],[-90.00073,51.12963],[-89.99799,51.12941],[-89.99405,51.13128],[-89.99164,51.13159],[-89.99144,51.12986],[-89.98938,51.12976],[-89.98869,51.13182],[-89.98968,51.13245],[-89.99251,51.13224],[-89.98999,51.13371],[-89.98909,51.13666],[-89.99175,51.13703],[-89.99185,51.13643],[-89.99393,51.13608],[-89.99109,51.13926],[-89.9936,51.13799],[-89.995,51.13566],[-89.98959,51.13642],[-89.99043,51.13456],[-89.99193,51.13304],[-89.99635,51.13171],[-89.99998,51.13284],[-89.99875,51.1352],[-90.00001,51.13641],[-90.00132,51.13605],[-90.00137,51.13723],[-89.99975,51.13892],[-90.00104,51.13902],[-90.00224,51.14033],[-89.99699,51.14319],[-89.99102,51.14233],[-89.99179,51.13944],[-89.98788,51.14429],[-89.98424,51.14565],[-89.98273,51.1449],[-89.98134,51.14616],[-89.98141,51.14771],[-89.97843,51.14898],[-89.9752,51.14813],[-89.97255,51.14895],[-89.97313,51.1474],[-89.97019,51.14546],[-89.9708,51.1473],[-89.9698,51.14703],[-89.96749,51.15055],[-89.96501,51.15148],[-89.9646,51.15246],[-89.95761,51.15363],[-89.95831,51.15458],[-89.96382,51.15588],[-89.96004,51.15695],[-89.95681,51.15977],[-89.95372,51.16044],[-89.95252,51.16171],[-89.9528,51.16497],[-89.94594,51.16705],[-89.94429,51.16665],[-89.94386,51.16547],[-89.94163,51.16527],[-89.94157,51.1672],[-89.93935,51.16839],[-89.93049,51.16461],[-89.9278,51.16445],[-89.92978,51.16257],[-89.9335,51.16227],[-89.93375,51.16154],[-89.93689,51.16272],[-89.93897,51.16169],[-89.93584,51.16091],[-89.93673,51.15905],[-89.93853,51.15839],[-89.93652,51.15764],[-89.93652,51.15642],[-89.93488,51.15625],[-89.9345,51.15543],[-89.93218,51.15609],[-89.93652,51.15258],[-89.93638,51.14975],[-89.93458,51.14983],[-89.93526,51.14884],[-89.9301,51.14972],[-89.92583,51.14871],[-89.91885,51.15214],[-89.92246,51.14786],[-89.91952,51.14755],[-89.91789,51.14812],[-89.92,51.14605],[-89.91683,51.14453],[-89.91002,51.1445],[-89.90438,51.14691],[-89.9014,51.15],[-89.90082,51.14916],[-89.89275,51.15371],[-89.88976,51.1535],[-89.88749,51.1555],[-89.88885,51.15721],[-89.89537,51.15732],[-89.89656,51.15853],[-89.89489,51.1621],[-89.8955,51.17],[-89.89132,51.17515],[-89.89231,51.1762],[-89.8915,51.17691],[-89.88986,51.17725],[-89.88999,51.17617],[-89.88744,51.17538],[-89.88571,51.17374],[-89.88197,51.17386],[-89.87948,51.17275],[-89.87373,51.17412],[-89.87265,51.17312],[-89.87143,51.17318],[-89.86893,51.17424],[-89.86754,51.17591],[-89.86017,51.17824],[-89.85842,51.17818],[-89.85805,51.17721],[-89.85723,51.17811],[-89.85923,51.179],[-89.85311,51.18523],[-89.84674,51.18974],[-89.8443,51.19095],[-89.84299,51.19045],[-89.83913,51.19419],[-89.83728,51.19387],[-89.83513,51.19524],[-89.83277,51.19523],[-89.83046,51.19853],[-89.82865,51.1976],[-89.82613,51.1977],[-89.82565,51.19915],[-89.8238,51.19916],[-89.82383,51.19992],[-89.8199,51.20129],[-89.81856,51.20291],[-89.8164,51.20291],[-89.81344,51.20061],[-89.81052,51.20163],[-89.80988,51.20261],[-89.80881,51.20224],[-89.80688,51.20356],[-89.8054,51.20348],[-89.80015,51.20947],[-89.79932,51.20957],[-89.80026,51.20842],[-89.79302,51.21307],[-89.79355,51.21472],[-89.79255,51.21628],[-89.79118,51.2163],[-89.79211,51.21596],[-89.79107,51.21462],[-89.78704,51.21651],[-89.78414,51.21667],[-89.78406,51.21501],[-89.77439,51.21739],[-89.77289,51.21692],[-89.76785,51.21745],[-89.76755,51.21677],[-89.76565,51.21683],[-89.7594,51.21437],[-89.75654,51.21495],[-89.75621,51.21437],[-89.74758,51.21428],[-89.74847,51.21312],[-89.74055,51.21819],[-89.73688,51.21788],[-89.72846,51.22149],[-89.72711,51.22127],[-89.72607,51.21965],[-89.72133,51.21957],[-89.72234,51.21878],[-89.72142,51.21844],[-89.72003,51.21918],[-89.71794,51.21872],[-89.70873,51.22427],[-89.70587,51.2285],[-89.70285,51.23008],[-89.69966,51.22935],[-89.69817,51.23032],[-89.69477,51.22926],[-89.69228,51.22951],[-89.69115,51.22734],[-89.68973,51.22791],[-89.68351,51.22709],[-89.6837,51.22511],[-89.68024,51.22532],[-89.67916,51.22304],[-89.67722,51.22442],[-89.67795,51.2278],[-89.67423,51.23055],[-89.67313,51.23331],[-89.6707,51.23391],[-89.67056,51.23318],[-89.6679,51.23278],[-89.66803,51.23137],[-89.66549,51.23107],[-89.6526,51.24004],[-89.63231,51.24682],[-89.61472,51.25634],[-89.61063,51.25697],[-89.60335,51.25602],[-89.60104,51.25418],[-89.60322,51.25165],[-89.60124,51.25006],[-89.60481,51.24891],[-89.61012,51.24495],[-89.612,51.24229],[-89.60971,51.2388],[-89.60622,51.2378],[-89.60617,51.23374],[-89.61302,51.2317],[-89.61564,51.22927],[-89.61882,51.22938],[-89.62387,51.22577],[-89.62858,51.22416],[-89.63201,51.22425],[-89.63346,51.22354],[-89.63621,51.2183],[-89.64027,51.21625],[-89.64364,51.21601],[-89.64437,51.21422],[-89.64704,51.21242],[-89.64344,51.21146],[-89.6448,51.21046],[-89.6442,51.20985],[-89.64576,51.21003],[-89.64807,51.20883],[-89.6516,51.20829],[-89.65033,51.20653],[-89.64845,51.20701],[-89.64764,51.20642],[-89.65629,51.19965],[-89.6584,51.19678],[-89.65826,51.19494],[-89.65125,51.19172],[-89.64836,51.19165],[-89.64346,51.19558],[-89.64075,51.19963],[-89.63352,51.20337],[-89.63253,51.20535],[-89.6314,51.20471],[-89.63004,51.20528],[-89.62982,51.20777],[-89.62727,51.20722],[-89.62562,51.20817],[-89.62521,51.20979],[-89.62691,51.21011],[-89.62629,51.21081],[-89.62232,51.21214],[-89.62046,51.21459],[-89.61574,51.21669],[-89.61375,51.21925],[-89.61414,51.22063],[-89.61254,51.22161],[-89.61294,51.2226],[-89.60999,51.22165],[-89.60788,51.22289],[-89.60105,51.22464],[-89.5978,51.22289],[-89.59247,51.22293],[-89.59115,51.22382],[-89.59049,51.22299],[-89.58741,51.22454],[-89.58805,51.22306],[-89.58602,51.22129],[-89.58599,51.21997],[-89.58597,51.2208],[-89.57715,51.22298],[-89.57182,51.22707],[-89.56905,51.23388],[-89.5697,51.23521],[-89.57129,51.23525],[-89.57073,51.23723],[-89.57277,51.23663],[-89.57427,51.23807],[-89.57722,51.23842],[-89.58048,51.23694],[-89.58164,51.23854],[-89.5841,51.23855],[-89.58104,51.2403],[-89.57817,51.24361],[-89.57176,51.24584],[-89.56938,51.24834],[-89.57211,51.25261],[-89.5762,51.25442],[-89.57759,51.25592],[-89.57842,51.26051],[-89.57521,51.26588],[-89.57926,51.27178],[-89.57883,51.27426],[-89.57095,51.27904],[-89.56731,51.28026],[-89.55774,51.27931],[-89.54837,51.28542],[-89.54552,51.28621],[-89.5402,51.29038],[-89.5294,51.29502],[-89.52773,51.29736],[-89.52427,51.29967],[-89.51425,51.30217],[-89.50797,51.30718],[-89.50165,51.31419],[-89.49515,51.31657],[-89.49065,51.32201],[-89.49023,51.32442],[-89.48782,51.32625],[-89.48708,51.32895],[-89.48313,51.33078],[-89.47979,51.33472],[-89.47465,51.33676],[-89.46893,51.33772],[-89.46732,51.33716],[-89.46161,51.33997],[-89.45749,51.34482],[-89.44543,51.34973],[-89.44101,51.3551],[-89.43513,51.35757],[-89.43236,51.36048],[-89.4179,51.36767],[-89.4101,51.36916],[-89.40923,51.37004],[-89.40961,51.37317],[-89.40841,51.37229],[-89.40634,51.37275],[-89.39971,51.3766],[-89.39465,51.37845],[-89.39402,51.37895],[-89.39617,51.37857],[-89.39544,51.3796],[-89.39067,51.38183],[-89.38909,51.38184],[-89.3881,51.38098],[-89.38358,51.38188],[-89.37971,51.38387],[-89.37346,51.38922],[-89.36686,51.39264],[-89.36354,51.3928],[-89.36071,51.39499],[-89.35808,51.39443],[-89.35567,51.39547],[-89.35204,51.39559],[-89.35026,51.39781],[-89.33965,51.40324],[-89.33802,51.405],[-89.33017,51.40701],[-89.31925,51.41722],[-89.31883,51.41912],[-89.32161,51.42128],[-89.32099,51.42591],[-89.31643,51.42436],[-89.31098,51.42471],[-89.29843,51.43114],[-89.29333,51.43105],[-89.28778,51.43343],[-89.28451,51.43009],[-89.29107,51.42688],[-89.29309,51.42416],[-89.28868,51.42102],[-89.28809,51.41928],[-89.28559,51.42028],[-89.2826,51.418],[-89.28033,51.41926],[-89.27973,51.4188],[-89.27734,51.41931],[-89.27217,51.42195],[-89.2672,51.42244],[-89.26628,51.42223],[-89.26873,51.42177],[-89.26591,51.42191],[-89.26079,51.42435],[-89.26044,51.42631],[-89.25492,51.43156],[-89.2515,51.43138],[-89.25276,51.43033],[-89.2509,51.43038],[-89.24853,51.43211],[-89.24469,51.4322],[-89.24154,51.42927],[-89.23764,51.4284],[-89.23112,51.42956],[-89.22744,51.42919],[-89.22354,51.43107],[-89.22045,51.42967],[-89.21555,51.42549],[-89.20948,51.42817],[-89.20674,51.42815],[-89.20469,51.42621],[-89.19927,51.42566],[-89.19303,51.42625],[-89.18797,51.42852],[-89.18502,51.43091],[-89.18397,51.43328],[-89.18694,51.43532],[-89.18617,51.43691],[-89.18723,51.43901],[-89.18524,51.44507],[-89.187,51.44706],[-89.18532,51.44766],[-89.18269,51.45473],[-89.17656,51.46052],[-89.17314,51.46731],[-89.16438,51.47611],[-89.16246,51.4832],[-89.15881,51.48648],[-89.15862,51.48825],[-89.15659,51.49009],[-89.14901,51.49301],[-89.14538,51.49533],[-89.14383,51.49902],[-89.13849,51.50505],[-89.13944,51.50504],[-89.13817,51.50808],[-89.13828,51.50662],[-89.13351,51.51324],[-89.12611,51.51806],[-89.11664,51.52236],[-89.11348,51.52487],[-89.1088,51.52528],[-89.10828,51.52638],[-89.10922,51.52707],[-89.10751,51.52787],[-89.1025,51.52528],[-89.09785,51.5254],[-89.09399,51.52697],[-89.08319,51.52483],[-89.07673,51.5261],[-89.07508,51.5248],[-89.07607,51.52477],[-89.07132,51.5224],[-89.06474,51.52103],[-89.0558,51.52255],[-89.04294,51.52339],[-89.04124,51.52057],[-89.04651,51.51512],[-89.04179,51.51125],[-89.02707,51.50636],[-89.01814,51.50613],[-89.01326,51.50515],[-88.99878,51.50919],[-88.99477,51.50884],[-88.99747,51.50508],[-88.99169,51.50103],[-88.99212,51.49929],[-88.98986,51.49792],[-89.00347,51.48995],[-89.01193,51.48653],[-89.01567,51.48317],[-89.01485,51.47993],[-89.01072,51.47805],[-89.01516,51.47584],[-89.0165,51.47388],[-89.015,51.47026],[-89.01694,51.46554],[-89.01405,51.461],[-89.01525,51.45885],[-89.01125,51.45441],[-89.00839,51.45346],[-89.00962,51.45373],[-89.00847,51.45279],[-89.00918,51.45076],[-89.00559,51.44947],[-89.00383,51.44723],[-89.00506,51.44378],[-89.00393,51.43816],[-89.00474,51.43729],[-89.00476,51.44071],[-89.0074,51.444],[-89.00953,51.44447],[-89.01217,51.4433],[-89.01632,51.44377],[-89.01764,51.44268],[-89.01824,51.44345],[-89.02062,51.44365],[-89.02323,51.4424],[-89.02415,51.44068],[-89.02346,51.43979],[-89.02787,51.43447],[-89.02706,51.43213],[-89.02359,51.43063],[-89.02291,51.43086],[-89.02422,51.43226],[-89.02309,51.43185],[-89.02309,51.43244],[-89.02393,51.43277],[-89.02218,51.43299],[-89.02234,51.43202],[-89.01895,51.43285],[-89.019,51.43359],[-89.01262,51.43423],[-89.01315,51.43369],[-89.01172,51.43341],[-89.00996,51.43416],[-89.00977,51.43126],[-89.01245,51.4323],[-89.01478,51.43228],[-89.01396,51.43101],[-89.01511,51.42953],[-89.01272,51.42831],[-89.0086,51.43036],[-89.00545,51.43066],[-89.00226,51.43369],[-88.99621,51.43561],[-88.99449,51.43801],[-88.99662,51.43931],[-88.9945,51.43926],[-88.98867,51.44228],[-88.99001,51.44493],[-88.98795,51.44551],[-88.98698,51.44741],[-88.98801,51.44866],[-88.98566,51.44886],[-88.98205,51.45083],[-88.98374,51.45239],[-88.98317,51.45413],[-88.98523,51.45542],[-88.98103,51.45859],[-88.98348,51.46151],[-88.9835,51.46303],[-88.97858,51.46585],[-88.976,51.46863],[-88.97225,51.47787],[-88.96727,51.48112],[-88.96005,51.47989],[-88.95344,51.48034],[-88.94836,51.48207],[-88.94221,51.48872],[-88.94006,51.48898],[-88.93839,51.48811],[-88.935,51.48804],[-88.92945,51.48658],[-88.92192,51.48941],[-88.91955,51.49115],[-88.9197,51.49203],[-88.91339,51.49328],[-88.91278,51.49461],[-88.90673,51.49611],[-88.9032,51.49782],[-88.89702,51.49752],[-88.89019,51.49988],[-88.88801,51.50187],[-88.88229,51.50463],[-88.87975,51.50493],[-88.87777,51.50414],[-88.86818,51.50925],[-88.86288,51.50972],[-88.86078,51.50903],[-88.8578,51.50973],[-88.85767,51.5091],[-88.85736,51.51124],[-88.85421,51.51258],[-88.85451,51.51432],[-88.85136,51.51591],[-88.85237,51.51938],[-88.84832,51.5256],[-88.84973,51.52907],[-88.849,51.53081],[-88.84264,51.53549],[-88.84332,51.53697],[-88.84787,51.54007],[-88.84795,51.54308],[-88.84431,51.54709],[-88.83833,51.54913],[-88.83448,51.55466],[-88.8301,51.55659],[-88.81461,51.55214],[-88.80567,51.55349],[-88.79632,51.55635],[-88.78958,51.5563],[-88.78033,51.55506],[-88.76784,51.55699],[-88.7471,51.55664],[-88.73853,51.55811],[-88.74161,51.55676],[-88.74286,51.55409],[-88.74575,51.55369],[-88.74641,51.55137],[-88.7477,51.55195],[-88.75976,51.55212],[-88.75069,51.55141],[-88.75557,51.55145],[-88.75407,51.5506],[-88.74927,51.55054],[-88.74863,51.55117],[-88.74327,51.54934],[-88.73928,51.54937],[-88.73596,51.54724],[-88.73385,51.54691],[-88.73146,51.54711],[-88.73026,51.5481],[-88.7279,51.54793],[-88.72646,51.54956],[-88.72346,51.54998],[-88.72364,51.54896],[-88.71831,51.54679],[-88.71916,51.54592],[-88.71826,51.54482],[-88.71102,51.54474],[-88.70838,51.54358],[-88.70395,51.54394],[-88.69779,51.54697],[-88.68527,51.54772],[-88.68242,51.54637],[-88.67737,51.54624],[-88.67619,51.545],[-88.67437,51.54503],[-88.67153,51.54349],[-88.6661,51.54325],[-88.66188,51.54194],[-88.66174,51.54047],[-88.65662,51.54037],[-88.65591,51.53897],[-88.65424,51.53851],[-88.64352,51.53982],[-88.63458,51.54215],[-88.6325,51.54467],[-88.63148,51.54422],[-88.62412,51.54726],[-88.62053,51.54669],[-88.62568,51.54513],[-88.6258,51.54435],[-88.6236,51.5434],[-88.62148,51.54386],[-88.61694,51.54268],[-88.61252,51.54411],[-88.60865,51.54393],[-88.60219,51.55095],[-88.58881,51.54903],[-88.58704,51.55043],[-88.58386,51.55062],[-88.58254,51.5524],[-88.57458,51.55511],[-88.57421,51.55629],[-88.56855,51.55487],[-88.56822,51.55382],[-88.56369,51.55286],[-88.56297,51.55157],[-88.55914,51.55008],[-88.55092,51.55151],[-88.54086,51.55211],[-88.53831,51.55017],[-88.53511,51.54973],[-88.53486,51.5478],[-88.53844,51.54682],[-88.54009,51.54736],[-88.54409,51.547],[-88.55232,51.54341],[-88.55618,51.54302],[-88.55676,51.54048],[-88.55105,51.53824],[-88.55058,51.53555],[-88.54827,51.53382],[-88.54532,51.53303],[-88.54444,51.53144],[-88.54233,51.53179],[-88.54128,51.53125],[-88.54302,51.52906],[-88.54249,51.52713],[-88.53536,51.52584],[-88.53218,51.52215],[-88.5275,51.52241],[-88.52979,51.52005],[-88.52821,51.51563],[-88.52071,51.51513],[-88.52579,51.51359],[-88.52668,51.51246],[-88.52692,51.51015],[-88.52314,51.50957],[-88.52405,51.50796],[-88.52657,51.50749],[-88.5275,51.50605],[-88.52915,51.50756],[-88.52944,51.507],[-88.52522,51.50381],[-88.51383,51.50132],[-88.51282,51.49945],[-88.5108,51.49855],[-88.51232,51.49622],[-88.51526,51.49502],[-88.51301,51.49274],[-88.50715,51.49156],[-88.50184,51.49219],[-88.49819,51.49427],[-88.49842,51.4959],[-88.49714,51.4956],[-88.49788,51.49445],[-88.49638,51.49348],[-88.49436,51.49459],[-88.4935,51.49659],[-88.48792,51.49713],[-88.48494,51.49877],[-88.48564,51.49931],[-88.48264,51.49966],[-88.48207,51.49821],[-88.47566,51.49787],[-88.47082,51.49642],[-88.46353,51.49631],[-88.46151,51.49443],[-88.45954,51.49496],[-88.45789,51.49451],[-88.45744,51.49602],[-88.45637,51.49498],[-88.45351,51.49438],[-88.44774,51.49464],[-88.44012,51.49102],[-88.43772,51.49156],[-88.43478,51.49027],[-88.4269,51.49049],[-88.42694,51.48872],[-88.42471,51.48973],[-88.42302,51.48938],[-88.42302,51.48868],[-88.41831,51.48899],[-88.412,51.48803],[-88.409,51.48854],[-88.40529,51.4853],[-88.40131,51.48511],[-88.40336,51.48307],[-88.40241,51.48124],[-88.40469,51.48068],[-88.40568,51.47936],[-88.40565,51.47687],[-88.40324,51.47593],[-88.39977,51.47725],[-88.39648,51.47622],[-88.39611,51.4743],[-88.39731,51.47341],[-88.40362,51.47274],[-88.40552,51.47174],[-88.40797,51.47237],[-88.4087,51.47167],[-88.40782,51.46971],[-88.40908,51.46866],[-88.41048,51.46928],[-88.41987,51.46821],[-88.42155,51.46621],[-88.42007,51.46504],[-88.41703,51.46666],[-88.41225,51.46626],[-88.41237,51.46824],[-88.40996,51.46854],[-88.40871,51.46742],[-88.40851,51.46423],[-88.40848,51.46673],[-88.40663,51.46574],[-88.4048,51.46674],[-88.40326,51.47001],[-88.40495,51.47016],[-88.40442,51.47064],[-88.39951,51.47071],[-88.39516,51.47245],[-88.39197,51.47229],[-88.3912,51.47291],[-88.3887,51.47275],[-88.37782,51.47476],[-88.37664,51.47463],[-88.37572,51.47329],[-88.3787,51.47338],[-88.38176,51.47212],[-88.38091,51.47019],[-88.37811,51.46962],[-88.35026,51.47534],[-88.3426,51.47176],[-88.34524,51.47149],[-88.34555,51.47074],[-88.35085,51.47086],[-88.35198,51.46953],[-88.3555,51.46932],[-88.35492,51.46766],[-88.35945,51.46716],[-88.35321,51.46687],[-88.35217,51.46568],[-88.35078,51.4656],[-88.33749,51.47233],[-88.33683,51.47338],[-88.33856,51.47447],[-88.3379,51.47594],[-88.33969,51.4771],[-88.33552,51.47938],[-88.33422,51.48112],[-88.32962,51.48299],[-88.32315,51.48425],[-88.32062,51.48311],[-88.32352,51.48236],[-88.32208,51.4817],[-88.3226,51.48065],[-88.32152,51.48015],[-88.32453,51.47841],[-88.32158,51.47827],[-88.32107,51.47632],[-88.31891,51.47852],[-88.3115,51.48004],[-88.30853,51.47775],[-88.30174,51.47758],[-88.29604,51.47464],[-88.2908,51.47566],[-88.28732,51.47466],[-88.28714,51.4756],[-88.28484,51.47448],[-88.28178,51.47505],[-88.27919,51.47445],[-88.28462,51.47259],[-88.27909,51.47049],[-88.27835,51.47108],[-88.28318,51.47252],[-88.27505,51.47061],[-88.26766,51.47162],[-88.26935,51.47269],[-88.2733,51.47287],[-88.27529,51.47397],[-88.27748,51.47345],[-88.27917,51.47574],[-88.27544,51.47829],[-88.26976,51.47961],[-88.26914,51.47898],[-88.27208,51.47616],[-88.26758,51.47692],[-88.26082,51.47579],[-88.25258,51.47602],[-88.25063,51.47544],[-88.25044,51.47633],[-88.24641,51.4767],[-88.24735,51.47576],[-88.24405,51.47426],[-88.24652,51.47294],[-88.24627,51.47216],[-88.24501,51.47354],[-88.2432,51.47369],[-88.24348,51.4729],[-88.23938,51.47355],[-88.23737,51.47257],[-88.23383,51.4727],[-88.23129,51.47467],[-88.22901,51.47396],[-88.22829,51.47285],[-88.22623,51.47383],[-88.22305,51.47306],[-88.2183,51.47313],[-88.21995,51.46993],[-88.21431,51.4712],[-88.20926,51.47078],[-88.20927,51.47139],[-88.20704,51.47198],[-88.20165,51.4711],[-88.19954,51.47293],[-88.19711,51.47042],[-88.19543,51.47073],[-88.19479,51.47185],[-88.19364,51.47156],[-88.19306,51.46803],[-88.19716,51.46701],[-88.19824,51.46592],[-88.20077,51.46605],[-88.20071,51.46483],[-88.20445,51.4639],[-88.20468,51.46222],[-88.20721,51.46202],[-88.21001,51.46349],[-88.21275,51.4626],[-88.21515,51.46336],[-88.21833,51.46185],[-88.21778,51.46314],[-88.2195,51.46394],[-88.22577,51.46124],[-88.22942,51.46077],[-88.22922,51.45767],[-88.22743,51.457],[-88.22995,51.45628],[-88.22929,51.45479],[-88.22487,51.45417],[-88.2214,51.45659],[-88.2202,51.45522],[-88.21848,51.45541],[-88.21822,51.45426],[-88.22301,51.45384],[-88.22037,51.45294],[-88.22153,51.45117],[-88.22823,51.45068],[-88.23029,51.44911],[-88.23469,51.44848],[-88.23471,51.44722],[-88.2329,51.4463],[-88.23317,51.44509],[-88.23096,51.44599],[-88.22789,51.44552],[-88.22368,51.44659],[-88.22257,51.44628],[-88.22351,51.44637],[-88.22333,51.44569],[-88.2213,51.44519],[-88.21951,51.44834],[-88.2148,51.4475],[-88.21203,51.44892],[-88.20547,51.44909],[-88.2043,51.4508],[-88.20753,51.45162],[-88.21125,51.45086],[-88.21957,51.45154],[-88.21782,51.45297],[-88.21612,51.45335],[-88.21443,51.45268],[-88.21055,51.45393],[-88.20746,51.45249],[-88.2022,51.45251],[-88.19974,51.45151],[-88.19672,51.45242],[-88.19631,51.45034],[-88.19298,51.45069],[-88.19052,51.45196],[-88.18373,51.45266],[-88.18268,51.45238],[-88.1843,51.45153],[-88.18301,51.45118],[-88.18515,51.45022],[-88.18395,51.44982],[-88.18207,51.45044],[-88.1785,51.45004],[-88.17754,51.45145],[-88.17469,51.4506],[-88.17277,51.4527],[-88.17353,51.45496],[-88.16854,51.45462],[-88.17064,51.45562],[-88.17033,51.4574],[-88.17265,51.45742],[-88.17285,51.45817],[-88.17789,51.45662],[-88.17993,51.45729],[-88.18351,51.4568],[-88.18402,51.45817],[-88.18306,51.46008],[-88.18191,51.45991],[-88.18071,51.46137],[-88.17847,51.46209],[-88.17831,51.46498],[-88.17579,51.46502],[-88.17642,51.46418],[-88.17533,51.46342],[-88.17029,51.46482],[-88.16748,51.46652],[-88.16245,51.46632],[-88.16069,51.46729],[-88.15776,51.46719],[-88.15468,51.46811],[-88.14941,51.4676],[-88.14642,51.46889],[-88.14075,51.46967],[-88.14112,51.46873],[-88.15013,51.46523],[-88.14748,51.46479],[-88.14301,51.46621],[-88.13878,51.47045],[-88.13478,51.47149],[-88.13245,51.47337],[-88.12572,51.47332],[-88.12069,51.47575],[-88.12072,51.47724],[-88.11679,51.47718],[-88.117,51.48147],[-88.11363,51.48327],[-88.11156,51.48293],[-88.11105,51.48503],[-88.10543,51.48368],[-88.10251,51.48563],[-88.09968,51.48414],[-88.09725,51.48387],[-88.09762,51.48315],[-88.09622,51.48242],[-88.09391,51.48332],[-88.09181,51.48277],[-88.09108,51.48114],[-88.08841,51.47982],[-88.08419,51.48041],[-88.08225,51.47928],[-88.07971,51.48092],[-88.07592,51.48145],[-88.0687,51.485],[-88.06262,51.4854],[-88.0591,51.48446],[-88.0549,51.48525],[-88.03925,51.49063],[-88.03861,51.49162],[-88.02847,51.48596],[-88.02704,51.48687],[-88.0284,51.48873],[-88.03713,51.49193],[-88.03425,51.49231],[-88.02839,51.49631],[-88.02495,51.49736],[-88.01801,51.49606],[-88.01641,51.49687],[-88.01606,51.49568],[-88.01072,51.49276],[-88.00867,51.49334],[-88.00559,51.49213],[-88.00338,51.49291],[-87.99928,51.4902],[-87.99981,51.48939],[-87.99832,51.4885],[-87.98797,51.49073],[-87.98615,51.48982],[-87.98704,51.48956],[-87.98682,51.4881],[-87.98364,51.48927],[-87.97871,51.48981],[-87.97522,51.4885],[-87.97644,51.486],[-87.98063,51.48484],[-87.98903,51.48485],[-87.99199,51.4838],[-87.99269,51.48264],[-87.98667,51.48114],[-87.97586,51.48275],[-87.97514,51.48177],[-87.97258,51.48199],[-87.97447,51.48035],[-87.97098,51.48013],[-87.97211,51.47889],[-87.97051,51.47875],[-87.97138,51.47806],[-87.96922,51.47601],[-87.96476,51.47539],[-87.95511,51.47791],[-87.95163,51.47621],[-87.95124,51.47455],[-87.94866,51.47375],[-87.94355,51.47381],[-87.94059,51.46996],[-87.94133,51.46816],[-87.94361,51.46779],[-87.94557,51.46637],[-87.94642,51.46301],[-87.94557,51.45964],[-87.94313,51.46075],[-87.94085,51.46045],[-87.94311,51.45675],[-87.94284,51.45503],[-87.94166,51.45497],[-87.94119,51.45368],[-87.93742,51.45384],[-87.92404,51.45889],[-87.9213,51.45897],[-87.9168,51.45695],[-87.91802,51.4545],[-87.91643,51.45418],[-87.91644,51.45231],[-87.91399,51.45141],[-87.91259,51.44987],[-87.91428,51.44813],[-87.91248,51.44738],[-87.90916,51.44751],[-87.90279,51.45009],[-87.90023,51.44996],[-87.89728,51.44859],[-87.89545,51.44949],[-87.89067,51.44913],[-87.88687,51.44992],[-87.88132,51.44993],[-87.88358,51.44555],[-87.87796,51.442],[-87.87602,51.44138],[-87.87304,51.44202],[-87.86495,51.44203],[-87.8607,51.44102],[-87.86022,51.43917],[-87.86693,51.43672],[-87.86662,51.43529],[-87.86412,51.43381],[-87.85917,51.43311],[-87.85703,51.43481],[-87.85441,51.43397],[-87.85127,51.4353],[-87.84432,51.43371],[-87.84072,51.43181],[-87.83708,51.43263],[-87.83454,51.43239],[-87.83485,51.4286],[-87.83196,51.42857],[-87.83172,51.42755],[-87.8303,51.42762],[-87.83046,51.42595],[-87.82413,51.42387],[-87.82316,51.42185],[-87.81725,51.42043],[-87.81495,51.41883],[-87.81663,51.41705],[-87.81513,51.41477],[-87.81733,51.41197],[-87.81871,51.41086],[-87.82445,51.41007],[-87.82542,51.40918],[-87.8349,51.41188],[-87.8378,51.41161],[-87.84118,51.41296],[-87.84561,51.41261],[-87.85015,51.41431],[-87.85899,51.41571],[-87.86499,51.41595],[-87.8718,51.41472],[-87.87874,51.41549],[-87.8802,51.41498],[-87.88245,51.4119],[-87.88817,51.41011],[-87.88738,51.40768],[-87.89169,51.40559],[-87.89064,51.40446],[-87.89143,51.40335],[-87.89508,51.40207],[-87.89813,51.40322],[-87.91109,51.40498],[-87.91405,51.40633],[-87.91567,51.40881],[-87.92004,51.41054],[-87.92804,51.4106],[-87.93335,51.40948],[-87.93544,51.40822],[-87.93502,51.40545],[-87.94269,51.40163],[-87.94418,51.39981],[-87.94675,51.39955],[-87.94996,51.39582],[-87.94929,51.39441],[-87.94622,51.39394],[-87.94436,51.39126],[-87.94006,51.39223],[-87.94169,51.39068],[-87.9402,51.38888],[-87.93607,51.38987],[-87.93488,51.38937],[-87.93269,51.39035],[-87.93472,51.38855],[-87.94017,51.38659],[-87.93861,51.38395],[-87.93615,51.38382],[-87.9355,51.38492],[-87.93316,51.38474],[-87.93087,51.3859],[-87.92925,51.3851],[-87.92637,51.38513],[-87.92268,51.38771],[-87.91957,51.38782],[-87.9191,51.38861],[-87.92037,51.38967],[-87.91797,51.39024],[-87.91652,51.38748],[-87.91172,51.38833],[-87.90855,51.38979],[-87.90798,51.39253],[-87.90637,51.39365],[-87.90052,51.39334],[-87.89728,51.39429],[-87.89457,51.39312],[-87.8933,51.39444],[-87.89351,51.39607],[-87.88985,51.39569],[-87.88842,51.39787],[-87.88905,51.39854],[-87.88672,51.39947],[-87.88294,51.40287],[-87.87716,51.40369],[-87.87553,51.40833],[-87.87324,51.40608],[-87.86781,51.4068],[-87.86446,51.40557],[-87.86277,51.40741],[-87.8642,51.40927],[-87.85931,51.40895],[-87.85705,51.41027],[-87.8525,51.41116],[-87.84963,51.41127],[-87.84901,51.40956],[-87.84528,51.4086],[-87.8373,51.40859],[-87.83508,51.40718],[-87.83373,51.40736],[-87.83457,51.40624],[-87.82909,51.40681],[-87.82242,51.40476],[-87.81642,51.40488],[-87.79507,51.40034],[-87.79944,51.39824],[-87.80048,51.39617],[-87.79847,51.39392],[-87.79917,51.39272],[-87.79794,51.39178],[-87.79482,51.39123],[-87.79597,51.39005],[-87.7958,51.38842],[-87.79393,51.38748],[-87.79509,51.38238],[-87.79272,51.37919],[-87.79321,51.37824],[-87.79756,51.37726],[-87.79642,51.37623],[-87.79851,51.37582],[-87.8014,51.3738],[-87.79287,51.36685],[-87.79129,51.36247],[-87.79517,51.36108],[-87.79525,51.35823],[-87.79825,51.35745],[-87.79888,51.35663],[-87.79744,51.35612],[-87.80052,51.35469],[-87.7983,51.3545],[-87.8018,51.35105],[-87.80526,51.35064],[-87.80527,51.3487],[-87.80675,51.34986],[-87.8098,51.3494],[-87.81318,51.35045],[-87.81592,51.35037],[-87.80995,51.34904],[-87.80691,51.34928],[-87.80986,51.34771],[-87.80921,51.34621],[-87.80649,51.3459],[-87.79688,51.34867],[-87.79434,51.34808],[-87.79262,51.34906],[-87.79433,51.34886],[-87.79481,51.34947],[-87.78783,51.35072],[-87.78425,51.35329],[-87.77463,51.35659],[-87.76974,51.36082],[-87.76521,51.36208],[-87.76326,51.36221],[-87.76107,51.36104],[-87.75377,51.36154],[-87.7456,51.35981],[-87.74464,51.35923],[-87.74625,51.35833],[-87.74686,51.35653],[-87.74549,51.35505],[-87.74443,51.35058],[-87.74168,51.34827],[-87.74296,51.34626],[-87.74214,51.3441],[-87.7393,51.34339],[-87.73418,51.34365],[-87.72961,51.34188],[-87.72218,51.34286],[-87.72113,51.34199],[-87.72287,51.34153],[-87.72388,51.33966],[-87.72263,51.33816],[-87.71164,51.34111],[-87.71099,51.33981],[-87.70851,51.33939],[-87.7075,51.33671],[-87.71185,51.33542],[-87.70699,51.3363],[-87.70427,51.33509],[-87.70343,51.33356],[-87.7004,51.33363],[-87.69942,51.33266],[-87.69122,51.33499],[-87.69001,51.33404],[-87.69014,51.33167],[-87.68841,51.33145],[-87.69139,51.32928],[-87.69092,51.32857],[-87.68828,51.32833],[-87.68978,51.32787],[-87.6912,51.32595],[-87.69053,51.32458],[-87.68648,51.32349],[-87.68309,51.32426],[-87.682,51.32213],[-87.67592,51.32083],[-87.6767,51.31907],[-87.68104,51.3177],[-87.681,51.31671],[-87.67912,51.3167],[-87.67926,51.31524],[-87.68644,51.3155],[-87.68856,51.3139],[-87.69525,51.31372],[-87.70783,51.31006],[-87.70945,51.3078],[-87.70877,51.30599],[-87.71304,51.30481],[-87.70982,51.30202],[-87.7081,51.30216],[-87.70576,51.30398],[-87.7064,51.30547],[-87.70523,51.30631],[-87.70202,51.30738],[-87.70024,51.30631],[-87.69828,51.30753],[-87.6916,51.30801],[-87.68441,51.31027],[-87.68335,51.30982],[-87.68374,51.30891],[-87.68239,51.30853],[-87.68109,51.30995],[-87.68016,51.30927],[-87.67707,51.30998],[-87.6776,51.31064],[-87.6767,51.31103],[-87.66971,51.31117],[-87.66757,51.31206],[-87.66581,51.31132],[-87.6637,51.31228],[-87.66374,51.30973],[-87.66224,51.30948],[-87.66143,51.31057],[-87.65923,51.30966],[-87.65923,51.30828],[-87.65528,51.30444],[-87.656,51.30364],[-87.6543,51.3035],[-87.65424,51.3018],[-87.64816,51.29947],[-87.64819,51.2979],[-87.64663,51.29678],[-87.64845,51.29102],[-87.64595,51.29046],[-87.64783,51.28933],[-87.64495,51.28784],[-87.64745,51.28688],[-87.6444,51.28503],[-87.64432,51.28389],[-87.64938,51.28331],[-87.64983,51.28222],[-87.6484,51.28214],[-87.64826,51.28137],[-87.65218,51.28007],[-87.64611,51.28039],[-87.64344,51.27906],[-87.64126,51.279],[-87.64046,51.27746],[-87.63611,51.28069],[-87.63248,51.27968],[-87.62079,51.28022],[-87.62211,51.27743],[-87.61948,51.28031],[-87.61774,51.28065],[-87.61486,51.27859],[-87.61302,51.2792],[-87.61488,51.277],[-87.61314,51.2746],[-87.6176,51.27454],[-87.61646,51.27401],[-87.61306,51.27383],[-87.61122,51.27484],[-87.60805,51.27447],[-87.60461,51.27534],[-87.60251,51.27474],[-87.60314,51.27354],[-87.60206,51.27267],[-87.60304,51.27176],[-87.6008,51.27251],[-87.59667,51.27131],[-87.59061,51.27244],[-87.58876,51.27192],[-87.58869,51.27087],[-87.58655,51.27038],[-87.57181,51.27144],[-87.57162,51.26973],[-87.56674,51.26657],[-87.56726,51.26479],[-87.56952,51.26317],[-87.56648,51.26296],[-87.56473,51.2619],[-87.56583,51.25893],[-87.56172,51.25932],[-87.55905,51.2607],[-87.55325,51.26033],[-87.55672,51.25862],[-87.5563,51.2573],[-87.54779,51.2594],[-87.54443,51.25809],[-87.54013,51.26165],[-87.53531,51.26307],[-87.52912,51.26228],[-87.52868,51.26044],[-87.53227,51.2585],[-87.52885,51.25625],[-87.52968,51.25407],[-87.53827,51.25163],[-87.53924,51.25049],[-87.53921,51.24731],[-87.5369,51.24734],[-87.53506,51.24679],[-87.53525,51.24619],[-87.54254,51.24201],[-87.54466,51.24304],[-87.54601,51.24278],[-87.55255,51.23832],[-87.54859,51.23882],[-87.54431,51.24114],[-87.54148,51.24076],[-87.54055,51.24204],[-87.53709,51.24303],[-87.53507,51.24196],[-87.53671,51.23879],[-87.53776,51.23785],[-87.54126,51.23776],[-87.54517,51.23577],[-87.54502,51.23642],[-87.54799,51.23621],[-87.5492,51.2349],[-87.55219,51.2346],[-87.55324,51.23583],[-87.55795,51.23474],[-87.55828,51.23366],[-87.55637,51.2329],[-87.55575,51.22991],[-87.55488,51.22983],[-87.55516,51.2324],[-87.55337,51.23474],[-87.55158,51.23398],[-87.55089,51.23215],[-87.54734,51.23339],[-87.54668,51.23261],[-87.54207,51.23665],[-87.53916,51.23752],[-87.536,51.23659],[-87.53265,51.23838],[-87.52854,51.23806],[-87.525,51.23944],[-87.52286,51.23872],[-87.52278,51.23771],[-87.52091,51.2385],[-87.52139,51.23906],[-87.51959,51.23934],[-87.51903,51.23805],[-87.5123,51.24127],[-87.51195,51.24002],[-87.50989,51.23907],[-87.50425,51.24138],[-87.50242,51.24114],[-87.50256,51.24024],[-87.50136,51.2399],[-87.49293,51.24199],[-87.48459,51.24567],[-87.48366,51.2458],[-87.48319,51.24475],[-87.4796,51.24527],[-87.47909,51.24659],[-87.4774,51.24612],[-87.47524,51.24672],[-87.47565,51.24759],[-87.47413,51.24748],[-87.47493,51.24852],[-87.47357,51.24905],[-87.47198,51.24871],[-87.47225,51.24709],[-87.47077,51.24688],[-87.47059,51.24611],[-87.47422,51.24385],[-87.4746,51.24276],[-87.47222,51.24383],[-87.47163,51.24207],[-87.47087,51.24252],[-87.47032,51.24198],[-87.47061,51.24467],[-87.46853,51.24518],[-87.46824,51.24686],[-87.4696,51.24717],[-87.46947,51.24841],[-87.46705,51.2484],[-87.46595,51.24761],[-87.46596,51.24581],[-87.46509,51.24627],[-87.46398,51.24565],[-87.46257,51.2476],[-87.45784,51.25021],[-87.45631,51.24972],[-87.45784,51.2489],[-87.45748,51.24832],[-87.45577,51.24858],[-87.45569,51.24786],[-87.45228,51.24929],[-87.45169,51.24576],[-87.44932,51.24622],[-87.44888,51.24506],[-87.44614,51.24488],[-87.43191,51.24957],[-87.43226,51.24839],[-87.43017,51.24886],[-87.43105,51.24907],[-87.43036,51.25023],[-87.42624,51.25185],[-87.42454,51.25373],[-87.42012,51.25485],[-87.41858,51.2565],[-87.41129,51.25707],[-87.4031,51.25914],[-87.39922,51.25854],[-87.39683,51.25935],[-87.39495,51.26168],[-87.39182,51.26004],[-87.38809,51.2595],[-87.38486,51.26001],[-87.37865,51.2595],[-87.37641,51.26144],[-87.37061,51.25943],[-87.36938,51.26029],[-87.37006,51.2611],[-87.36843,51.26117],[-87.36616,51.26288],[-87.36397,51.26116],[-87.35782,51.26077],[-87.35769,51.26205],[-87.35575,51.26204],[-87.35563,51.26148],[-87.3528,51.26226],[-87.35292,51.26279],[-87.34902,51.26282],[-87.34645,51.26424],[-87.34177,51.2652],[-87.34023,51.26638],[-87.33706,51.26578],[-87.33432,51.26655],[-87.3317,51.2659],[-87.32978,51.26755],[-87.32556,51.26731],[-87.32364,51.26872],[-87.31278,51.27131],[-87.31008,51.27095],[-87.30716,51.27168],[-87.30499,51.26927],[-87.30242,51.2685],[-87.29886,51.26964],[-87.29128,51.26987],[-87.28659,51.27161],[-87.28445,51.27123],[-87.28139,51.27218],[-87.27839,51.27134],[-87.27405,51.27301],[-87.27051,51.27231],[-87.26519,51.27468],[-87.26196,51.27449],[-87.25647,51.27637],[-87.24981,51.28013],[-87.24238,51.28111],[-87.24565,51.2774],[-87.24784,51.27658],[-87.24755,51.27464],[-87.24613,51.27379],[-87.24357,51.27406],[-87.24304,51.27315],[-87.23392,51.27317],[-87.23301,51.27632],[-87.23398,51.27758],[-87.23702,51.27879],[-87.24079,51.27854],[-87.24175,51.28053],[-87.23978,51.28111],[-87.23879,51.28239],[-87.23148,51.28209],[-87.2272,51.28411],[-87.22004,51.28592],[-87.21601,51.28862],[-87.20877,51.29136],[-87.1969,51.29411],[-87.19762,51.29792],[-87.19864,51.29855],[-87.19982,51.29812],[-87.19923,51.29885],[-87.20054,51.2989],[-87.19569,51.29913],[-87.19488,51.29777],[-87.19174,51.29741],[-87.19223,51.29592],[-87.18863,51.29534],[-87.18759,51.29597],[-87.18773,51.29821],[-87.18612,51.29894],[-87.18156,51.29937],[-87.18056,51.30034],[-87.17857,51.30053],[-87.17674,51.29939],[-87.17249,51.30171],[-87.16889,51.30051],[-87.16472,51.30148],[-87.15819,51.30066],[-87.1512,51.3015],[-87.14803,51.29951],[-87.14241,51.29946],[-87.13689,51.30223],[-87.13542,51.30567],[-87.13126,51.30811],[-87.12923,51.30778],[-87.12785,51.30515],[-87.12532,51.30546],[-87.1249,51.30386],[-87.12466,51.305],[-87.12366,51.30427],[-87.12201,51.30449],[-87.11312,51.30765],[-87.11105,51.30978],[-87.11313,51.31108],[-87.11405,51.31365],[-87.11743,51.3148],[-87.11803,51.31591],[-87.1163,51.31699],[-87.11589,51.32006],[-87.11904,51.32144],[-87.126,51.32211],[-87.12837,51.32394],[-87.13087,51.32366],[-87.13139,51.32484],[-87.12938,51.32897],[-87.11554,51.33383],[-87.1064,51.34269],[-87.1058,51.34525],[-87.10203,51.34653],[-87.09785,51.3469],[-87.09692,51.3488],[-87.08967,51.35256],[-87.08849,51.35168],[-87.0797,51.35074],[-87.07954,51.34973],[-87.0743,51.34994],[-87.05572,51.35603],[-87.05327,51.35785],[-87.05254,51.36121],[-87.04762,51.36401],[-87.04455,51.36747],[-87.04649,51.36888],[-87.04646,51.37042],[-87.04257,51.37177],[-87.03922,51.37474],[-87.03725,51.37401],[-87.03945,51.37571],[-87.03589,51.37901],[-87.03197,51.38104],[-87.02625,51.38079],[-87.02588,51.38275],[-87.02194,51.38262],[-87.01851,51.38495],[-87.01714,51.38385],[-87.01916,51.38643],[-87.0205,51.39151],[-87.01377,51.39843],[-87.01078,51.39908],[-87.00273,51.40393],[-87.00063,51.40426],[-86.96617,51.41994],[-86.94448,51.42238],[-86.91946,51.4122],[-86.90015,51.41454],[-86.89538,51.40218],[-86.87869,51.39133],[-86.84381,51.39022],[-86.81739,51.39666],[-86.80314,51.40224],[-86.78246,51.41443],[-86.75849,51.4138],[-86.72036,51.42546],[-86.73461,51.44446],[-86.7381,51.46069],[-86.6816,51.48355],[-86.63544,51.4962],[-86.59898,51.49904],[-86.55424,51.51619],[-86.55708,52.18139],[-86.55846,52.49739],[-86.56174,53.23155],[-86.56214,53.32045],[-86.56529,54.00114],[-87,54],[-87.08083,54.00034],[-87.08538,54.01688],[-87.08281,54.02303],[-87.08347,54.02815],[-87.09384,54.03624],[-87.09716,54.04448],[-87.10943,54.06143],[-87.12331,54.06751],[-87.12673,54.07701],[-87.14118,54.10184],[-87.14712,54.11458],[-87.14818,54.12317],[-87.15848,54.13672],[-87.16021,54.14414],[-87.16479,54.14858],[-87.16683,54.15327],[-87.1659,54.15552],[-87.1667,54.15782],[-87.17416,54.17117],[-87.17418,54.17744],[-87.17643,54.18749],[-87.17558,54.18954],[-87.17117,54.19173],[-87.17066,54.199],[-87.16467,54.20123],[-87.16534,54.20691],[-87.16923,54.21483],[-87.18687,54.23267],[-87.18798,54.2374],[-87.18664,54.24104],[-87.18437,54.24271],[-87.18429,54.24446],[-87.18242,54.24613],[-87.18589,54.24907],[-87.18447,54.2516],[-87.1862,54.25377],[-87.18593,54.25859],[-87.1895,54.26304],[-87.18887,54.2655],[-87.18996,54.26698],[-87.1913,54.26697],[-87.24258,54.2371],[-87.30107,54.22327],[-87.34256,54.2624],[-87.18374,54.32114],[-87.17406,54.329],[-87.16633,54.33074],[-87.15766,54.33463],[-87.14421,54.3446],[-87.14351,54.35173],[-87.14572,54.35558],[-87.14225,54.38473],[-87.14829,54.39686],[-87.16168,54.40581],[-87.16918,54.4136],[-87.18128,54.42229],[-87.18675,54.43413],[-87.19571,54.44494],[-87.20612,54.46095],[-87.21363,54.46707],[-87.22426,54.48538],[-87.22949,54.50658],[-87.22478,54.51515],[-87.22795,54.52237],[-87.22608,54.53013],[-87.23772,54.54609],[-87.23479,54.55836],[-87.24527,54.56524],[-87.25618,54.57768],[-87.2499,54.58326],[-87.25319,54.5878],[-87.25464,54.59597],[-87.26248,54.60098],[-87.27006,54.60356],[-87.27145,54.6077],[-87.26538,54.61132],[-87.26279,54.61532],[-87.27738,54.62297],[-87.29246,54.65865],[-87.30227,54.68875],[-87.30678,54.70977],[-87.31038,54.71681],[-87.30974,54.72003],[-87.29998,54.73273],[-87.29016,54.73512],[-87.23611,54.73782],[-87.13402,54.74434],[-87.08972,54.74199],[-87.03989,54.74037],[-86.93918,54.74364],[-86.89244,54.75244],[-86.86581,54.75449],[-86.80656,54.76155],[-86.78348,54.77246],[-86.76525,54.77315],[-86.73567,54.77149],[-86.72194,54.77231],[-86.70165,54.77768],[-86.68123,54.77905],[-86.67224,54.783],[-86.65117,54.78035],[-86.63363,54.77518],[-86.59134,54.74912],[-86.55011,54.75007],[-86.57416,55.80693],[-86.5926,55.81506],[-86.60588,55.81903],[-86.62661,55.82195],[-86.6356,55.82461],[-86.68593,55.831],[-86.71001,55.8395],[-86.73159,55.8454],[-86.77276,55.8635],[-86.78117,55.86452],[-86.78942,55.86028],[-86.79327,55.86843],[-86.81934,55.8764],[-86.84844,55.88866],[-86.86142,55.88894],[-86.87402,55.89217],[-86.90889,55.90609],[-86.93633,55.90784],[-86.97546,55.90705],[-86.98763,55.91072],[-87.01475,55.90833],[-87.02953,55.91391],[-87.04,55.91476],[-87.05526,55.91306],[-87.11477,55.91529],[-87.13148,55.91842],[-87.15996,55.92175],[-87.16088,55.92087],[-87.20629,55.9255],[-87.21159,55.92889],[-87.26938,55.93578],[-87.29593,55.94198],[-87.33279,55.95425],[-87.3508,55.9533],[-87.35429,55.95113],[-87.35767,55.94281],[-87.36446,55.94762],[-87.36255,55.95736],[-87.35898,55.9602],[-87.36095,55.96438],[-87.37831,55.97664],[-87.39397,55.98221],[-87.41365,55.98472],[-87.42313,55.98733],[-87.43455,55.99822],[-87.43905,55.99985],[-87.45148,56.0069],[-87.48047,56.01318],[-87.49999,56.01542],[-87.49999,56.02063],[-87.49238,56.02043],[-87.48222,56.02275],[-87.47738,56.02641],[-87.47906,56.03051],[-87.50491,56.04272],[-87.51482,56.05157],[-87.52509,56.05769],[-87.53656,56.06083],[-87.54144,56.06049],[-87.56988,56.06892],[-87.57097,56.0707],[-87.60004,56.08468],[-87.62521,56.09348],[-87.63471,56.10026],[-87.64906,56.10316],[-87.65401,56.10633],[-87.64304,56.1098],[-87.64022,56.11187],[-87.64028,56.11528],[-87.65726,56.12865],[-87.67313,56.14725],[-87.68391,56.1554],[-87.69561,56.16834],[-87.71428,56.20266],[-87.72433,56.21423],[-87.72787,56.22721],[-87.74169,56.2424],[-87.77247,56.26365],[-87.8224,56.31372],[-87.8482,56.32859],[-87.87909,56.36625],[-87.91528,56.38285],[-87.932,56.393],[-87.95145,56.41291],[-87.95106,56.42934],[-87.95898,56.44889],[-87.96912,56.45839],[-87.98419,56.46648],[-88.03118,56.48024],[-88.04666,56.48786],[-88.06829,56.49339],[-88.08163,56.49806],[-88.1481,56.5116],[-88.21988,56.52186],[-88.24879,56.53366],[-88.26253,56.53671],[-88.28511,56.54446],[-88.36554,56.57303],[-88.43931,56.60777],[-88.45416,56.61718],[-88.47532,56.63814],[-88.48768,56.64666],[-88.51632,56.65749],[-88.55463,56.66112],[-88.6068,56.67824],[-88.66043,56.69875],[-88.6732,56.70565],[-88.68314,56.71418],[-88.68757,56.72895],[-88.69626,56.73705],[-88.75028,56.76299],[-88.81267,56.7881],[-88.83069,56.79878],[-88.83376,56.80193],[-88.83833,56.80985],[-88.83537,56.8172],[-88.81688,56.82226],[-88.81464,56.82755],[-88.81923,56.83592],[-88.82524,56.83948],[-88.83619,56.8416],[-88.85457,56.84247],[-88.85696,56.84038],[-88.85181,56.83748],[-88.85817,56.83146],[-88.86317,56.83138],[-88.86835,56.83496],[-88.8661,56.84777],[-88.87059,56.8541],[-88.87535,56.85744],[-88.88335,56.85892],[-88.89045,56.85904],[-88.89827,56.85709],[-88.91814,56.84629],[-88.92595,56.84435],[-88.94508,56.84359],[-89.00505,56.84848],[-89.39672,56.60829],[-89.96366,56.25345],[-90.12273,56.15462],[-90.35631,56.00937],[-90.48299,55.9281],[-90.71462,55.77575],[-90.98112,55.59944],[-91.39096,55.32749],[-91.85119,55.0205],[-92.0151,54.90726],[-92.47779,54.58762],[-92.7348,54.40326],[-93.00444,54.20897],[-93.19684,54.06996],[-93.5937,53.78437],[-93.69115,53.72035],[-93.95717,53.56057],[-94.05104,53.5047],[-94.53882,53.21122],[-94.87037,53.01209],[-95.15455,52.8384],[-95.15479,52.28658],[-95.15493,51.96909],[-95.15505,51.69501],[-95.15463,51.51124],[-95.15407,51.27676],[-95.1541,51.06318],[-95.15354,50.76575],[-95.15389,50.37738],[-95.15416,50.00688],[-94.88859,50.00651],[-94.88932,49.91953],[-94.75478,49.91956],[-94.7548,50.08613],[-94.68731,50.08615],[-94.68731,50.1151],[-94.58273,50.11515],[-94.58273,49.91988],[-94.57962,49.91997],[-94.58046,49.92079],[-94.57956,49.92224],[-94.57618,49.92384],[-94.57742,49.92504],[-94.58006,49.92532],[-94.57996,49.92939],[-94.5764,49.93092],[-94.57572,49.92956],[-94.57422,49.93034],[-94.57393,49.92956],[-94.57277,49.92984],[-94.57302,49.93114],[-94.57201,49.93141],[-94.5732,49.93232],[-94.5721,49.93273],[-94.56994,49.93203],[-94.56825,49.92915],[-94.56748,49.92993],[-94.56315,49.92826],[-94.56152,49.92852],[-94.55906,49.92685],[-94.55781,49.92511],[-94.56092,49.92492],[-94.55944,49.9235],[-94.56023,49.92129],[-94.55895,49.92312],[-94.55724,49.92304],[-94.55632,49.92474],[-94.55314,49.92509],[-94.5521,49.91972],[-94.55346,49.9172],[-94.55265,49.9161],[-94.55161,49.9164],[-94.55165,49.91561],[-94.54188,49.91396],[-94.53897,49.91564],[-94.5329,49.91337],[-94.5308,49.91346],[-94.52874,49.91213],[-94.52553,49.91415],[-94.52381,49.9127],[-94.52391,49.9112],[-94.51214,49.90808],[-94.50985,49.90609],[-94.50705,49.90634],[-94.50294,49.90515],[-94.47779,49.905],[-94.47847,49.99186],[-94.34311,49.99205],[-94.34324,49.90886],[-94.20783,49.90873],[-94.20826,49.86044],[-94.20515,49.86099],[-94.20182,49.86067],[-94.20076,49.85983],[-94.2033,49.86317],[-94.20031,49.86505],[-94.19859,49.8647],[-94.19949,49.86351],[-94.19772,49.86144],[-94.19735,49.8624],[-94.19483,49.86304],[-94.18552,49.86343],[-94.17436,49.86508],[-94.17285,49.86432],[-94.17195,49.86211],[-94.17003,49.86159],[-94.17309,49.8597],[-94.17271,49.85843],[-94.16873,49.85653],[-94.16743,49.85687],[-94.16739,49.85831],[-94.1658,49.85815],[-94.16304,49.85951],[-94.15137,49.86215],[-94.14968,49.86185],[-94.14874,49.86277],[-94.14235,49.86331],[-94.1394,49.8624],[-94.13825,49.86272],[-94.13591,49.86483],[-94.13795,49.86897],[-94.13981,49.86944],[-94.13998,49.87068],[-94.13715,49.87222],[-94.12812,49.87387],[-94.12717,49.87501],[-94.12842,49.87792],[-94.1358,49.87624],[-94.13425,49.87785],[-94.13514,49.87907],[-94.1332,49.87945],[-94.13162,49.88139],[-94.12248,49.88459],[-94.1191,49.88683],[-93.60492,49.88696],[-93.60508,49.97357],[-93.47521,49.97375],[-93.47573,50.06361],[-93.20603,50.06341],[-93.07118,50.0641],[-92.80306,50.06364],[-92.2772,50.06361],[-92.2771,49.9733],[-92.0077,49.9733],[-92.0079,50.034],[-91.8915,50.0341],[-91.8844,50.0318],[-91.8822,50.029],[-91.8804,50.0183],[-91.874,50.0154],[-91.8669,50.0158],[-91.8586,50.0187],[-91.8546,50.0188],[-91.8494,50.0178],[-91.8495,50.0125],[-91.844,50.0082],[-91.8375,50.0077],[-91.8297,50.0089],[-91.8106,50.0161],[-91.7974,50.0155],[-91.7938,50.0168],[-91.7896,50.0166],[-91.7865,50.0153],[-91.7777,50.0155],[-91.7582,50.0221],[-91.7518,50.0234],[-91.7474,50.0232],[-91.7405,50.0206],[-91.7236,50.0206],[-91.7237,50.108],[-91.70218,50.11238],[-91.69218,50.11931],[-91.68897,50.1196],[-91.68326,50.11871],[-91.67909,50.11937],[-91.65623,50.13029],[-91.649,50.13516],[-91.61755,50.14956],[-91.60673,50.15567],[-91.58959,50.16312],[-91.57725,50.16743],[-91.57142,50.171],[-91.56193,50.1723],[-91.54628,50.1697],[-91.54331,50.16827],[-91.5406,50.16425],[-91.53854,50.16299],[-91.51931,50.15874],[-91.49181,50.16562],[-91.48546,50.16638],[-91.47961,50.16575],[-91.47157,50.16746],[-91.46218,50.1674],[-91.45104,50.17212],[-91.44205,50.17402],[-91.43141,50.17307],[-91.4215,50.17445],[-91.41348,50.1712],[-91.40354,50.16867],[-91.37244,50.16877],[-91.35555,50.17047],[-91.34942,50.17439],[-91.34191,50.17564],[-91.3364,50.17822],[-91.31736,50.18409],[-91.30014,50.18442],[-91.27895,50.19021],[-91.26975,50.19165],[-91.25049,50.19973],[-91.23637,50.199],[-91.22054,50.20126],[-91.21449,50.20146],[-91.2043,50.20446],[-91.19627,50.20569],[-91.19275,50.2049],[-91.18786,50.20169],[-91.16876,50.1966],[-91.16424,50.19198],[-91.15956,50.189],[-91.15588,50.18414],[-91.15257,50.18288],[-91.14874,50.18305],[-91.13755,50.18768],[-91.12684,50.18957],[-91.11551,50.19025],[-91.11076,50.18977],[-91.09627,50.18514],[-91.08032,50.18499],[-91.07281,50.1875],[-91.06426,50.18925],[-91.05701,50.19291],[-91.04007,50.19263],[-91.032,50.19542],[-91.01976,50.19568],[-91.01589,50.19657],[-91.00969,50.20099],[-91.00674,50.20686],[-91.00103,50.21011],[-90.99594,50.21575],[-90.99596,50.2237],[-90.99396,50.22984],[-90.99181,50.23206],[-90.97902,50.23712],[-90.96317,50.23943],[-90.96341,50.06327],[-90.91191,50.06374],[-90.63377,50.06141],[-90.16814,50.06347]]]},"properties":{"ed_id":123,"electoral_district":"Kiiwetinoong","electoral_district_fr":"Kiiwetinoong","overall_y2020_pct_attached":53.06368924381347,"overall_y2020_pct_unattached":46.936310756186536,"overall_y2020_n_attached":21529,"overall_y2020_n_unattached":19043,"overall_y2020_n_total":40572,"overall_y2020_fsa_count":3,"overall_y2020_fsa_with_data":3,"overall_y2022_pct_attached":48.09277596214819,"overall_y2022_pct_unattached":51.907224037851805,"overall_y2022_n_attached":19719,"overall_y2022_n_unattached":21283,"overall_y2022_n_total":41002,"overall_y2022_fsa_count":3,"overall_y2022_fsa_with_data":3,"overall_change_pct_attached":-4.970913281665283,"children_y2020_pct_attached":57.73403324584427,"children_y2020_pct_unattached":42.265966754155734,"children_y2020_n_attached":6599,"children_y2020_n_unattached":4831,"children_y2020_n_total":11430,"children_y2020_fsa_count":3,"children_y2020_fsa_with_data":3,"children_y2022_pct_attached":49.067308518868735,"children_y2022_pct_unattached":50.932691481131265,"children_y2022_n_attached":5708,"children_y2022_n_unattached":5925,"children_y2022_n_total":11633,"children_y2022_fsa_count":3,"children_y2022_fsa_with_data":3,"children_change_pct_attached":-8.666724726975538,"adults_y2020_pct_attached":51.23189897742091,"adults_y2020_pct_unattached":48.768101022579096,"adults_y2020_n_attached":14930,"adults_y2020_n_unattached":14212,"adults_y2020_n_total":29142,"adults_y2020_fsa_count":3,"adults_y2020_fsa_with_data":3,"adults_y2022_pct_attached":47.70676563723654,"adults_y2022_pct_unattached":52.293234362763464,"adults_y2022_n_attached":14011,"adults_y2022_n_unattached":15358,"adults_y2022_n_total":29369,"adults_y2022_fsa_count":3,"adults_y2022_fsa_with_data":3,"adults_change_pct_attached":-3.525133340184368,"has_data":true,"name":"Kiiwetinoong"}},
{"type":"Feature","geometry":{"type":"Polygon","coordinates":[[[-78.69268,44.05838],[-78.72696,44.13176],[-78.76941,44.22573],[-78.77723,44.22141],[-78.80251,44.19508],[-78.81731,44.18516],[-78.83233,44.17723],[-78.84434,44.1678],[-78.84116,44.17507],[-78.84192,44.17848],[-78.84614,44.18443],[-78.84802,44.18914],[-78.84859,44.19349],[-78.84661,44.20481],[-78.85003,44.21371],[-78.85633,44.21801],[-78.86722,44.21926],[-78.87429,44.22102],[-78.88695,44.21543],[-78.89421,44.21146],[-78.89833,44.20547],[-78.90824,44.1955],[-78.91529,44.18605],[-78.91758,44.17043],[-78.92116,44.15954],[-78.92138,44.15074],[-78.95235,44.22066],[-79.03724,44.20261],[-79.12249,44.18329],[-79.04728,44.00925],[-78.95857,44.0289],[-78.91324,43.92519],[-78.82977,43.94398],[-78.79616,43.86636],[-78.79516,43.86752],[-78.79128,43.86776],[-78.78457,43.8696],[-78.77614,43.86831],[-78.75362,43.86797],[-78.73816,43.87002],[-78.73203,43.86944],[-78.73185,43.86881],[-78.73758,43.86406],[-78.74056,43.85586],[-78.73984,43.85572],[-78.7369,43.8638],[-78.73166,43.86814],[-78.72959,43.86755],[-78.73161,43.86083],[-78.73025,43.86067],[-78.72926,43.86748],[-78.72544,43.86668],[-78.71465,43.86719],[-78.71444,43.86539],[-78.71455,43.8672],[-78.7118,43.86765],[-78.70572,43.87033],[-78.69675,43.87527],[-78.69095,43.87644],[-78.69167,43.87696],[-78.68901,43.87787],[-78.68354,43.87864],[-78.68114,43.87993],[-78.67745,43.8842],[-78.67263,43.88667],[-78.66699,43.88797],[-78.66457,43.88766],[-78.66287,43.88915],[-78.65385,43.89197],[-78.6362,43.89296],[-78.63301,43.89522],[-78.62312,43.89677],[-78.61712,43.89863],[-78.61051,43.89889],[-78.604,43.89721],[-78.60799,43.90605],[-78.62291,43.90325],[-78.69043,44.05362],[-78.69252,44.05348],[-78.69137,44.05565],[-78.69268,44.05838]]]},"properties":{"ed_id":24,"electoral_district":"Durham","electoral_district_fr":"Durham","overall_y2020_pct_attached":93.14215026190492,"overall_y2020_pct_unattached":6.8578497380950845,"overall_y2020_n_attached":144565,"overall_y2020_n_unattached":10644,"overall_y2020_n_total":155209,"overall_y2020_fsa_count":6,"overall_y2020_fsa_with_data":6,"overall_y2022_pct_attached":90.16767585554271,"overall_y2022_pct_unattached":9.832324144457296,"overall_y2022_n_attached":145784,"overall_y2022_n_unattached":15897,"overall_y2022_n_total":161681,"overall_y2022_fsa_count":6,"overall_y2022_fsa_with_data":6,"overall_change_pct_attached":-2.974474406362205,"children_y2020_pct_attached":96.90695132145842,"children_y2020_pct_unattached":3.0930486785415727,"children_y2020_n_attached":30140,"children_y2020_n_unattached":962,"children_y2020_n_total":31102,"children_y2020_fsa_count":6,"children_y2020_fsa_with_data":6,"children_y2022_pct_attached":92.47683792564072,"children_y2022_pct_unattached":7.523162074359282,"children_y2022_n_attached":30743,"children_y2022_n_unattached":2501,"children_y2022_n_total":33244,"children_y2022_fsa_count":6,"children_y2022_fsa_with_data":6,"children_change_pct_attached":-4.430113395817699,"adults_y2020_pct_attached":92.19866727904147,"adults_y2020_pct_unattached":7.801332720958527,"adults_y2020_n_attached":114425,"adults_y2020_n_unattached":9682,"adults_y2020_n_total":124107,"adults_y2020_fsa_count":6,"adults_y2020_fsa_with_data":6,"adults_y2022_pct_attached":89.56998372743057,"adults_y2022_pct_unattached":10.430016272569432,"adults_y2022_n_attached":115041,"adults_y2022_n_unattached":13396,"adults_y2022_n_total":128437,"adults_y2022_fsa_count":6,"adults_y2022_fsa_with_data":6,"adults_change_pct_attached":-2.628683551610905,"has_data":true,"name":"Durham"}},
{"type":"Feature","geometry":{"type":"Polygon","coordinates":[[[-90.96341,50.06327],[-90.96317,50.23943],[-90.97902,50.23712],[-90.99181,50.23206],[-90.99396,50.22984],[-90.99596,50.2237],[-90.99594,50.21575],[-91.00103,50.21011],[-91.00674,50.20686],[-91.00969,50.20099],[-91.01589,50.19657],[-91.01976,50.19568],[-91.032,50.19542],[-91.04007,50.19263],[-91.05701,50.19291],[-91.06426,50.18925],[-91.07281,50.1875],[-91.08032,50.18499],[-91.09627,50.18514],[-91.11076,50.18977],[-91.11551,50.19025],[-91.12684,50.18957],[-91.13755,50.18768],[-91.14874,50.18305],[-91.15257,50.18288],[-91.15588,50.18414],[-91.15956,50.189],[-91.16424,50.19198],[-91.16876,50.1966],[-91.18786,50.20169],[-91.19275,50.2049],[-91.19627,50.20569],[-91.2043,50.20446],[-91.21449,50.20146],[-91.22054,50.20126],[-91.23637,50.199],[-91.25049,50.19973],[-91.26975,50.19165],[-91.27895,50.19021],[-91.30014,50.18442],[-91.31736,50.18409],[-91.3364,50.17822],[-91.34191,50.17564],[-91.34942,50.17439],[-91.35555,50.17047],[-91.37244,50.16877],[-91.40354,50.16867],[-91.41348,50.1712],[-91.4215,50.17445],[-91.43141,50.17307],[-91.44205,50.17402],[-91.45104,50.17212],[-91.46218,50.1674],[-91.47157,50.16746],[-91.47961,50.16575],[-91.48546,50.16638],[-91.49181,50.16562],[-91.51931,50.15874],[-91.53854,50.16299],[-91.5406,50.16425],[-91.54331,50.16827],[-91.54628,50.1697],[-91.56193,50.1723],[-91.57142,50.171],[-91.57725,50.16743],[-91.58959,50.16312],[-91.60673,50.15567],[-91.61755,50.14956],[-91.649,50.13516],[-91.65623,50.13029],[-91.67909,50.11937],[-91.68326,50.11871],[-91.68897,50.1196],[-91.69218,50.11931],[-91.70218,50.11238],[-91.7237,50.108],[-91.7236,50.0206],[-91.7405,50.0206],[-91.7474,50.0232],[-91.7518,50.0234],[-91.7582,50.0221],[-91.7777,50.0155],[-91.7865,50.0153],[-91.7896,50.0166],[-91.7938,50.0168],[-91.7974,50.0155],[-91.8106,50.0161],[-91.8297,50.0089],[-91.8375,50.0077],[-91.844,50.0082],[-91.8495,50.0125],[-91.8494,50.0178],[-91.8546,50.0188],[-91.8586,50.0187],[-91.8669,50.0158],[-91.874,50.0154],[-91.8804,50.0183],[-91.8822,50.029],[-91.8844,50.0318],[-91.8915,50.0341],[-92.0079,50.034],[-92.0077,49.9733],[-92.2771,49.9733],[-92.2772,50.06361],[-92.80306,50.06364],[-93.07118,50.0641],[-93.20603,50.06341],[-93.47573,50.06361],[-93.47521,49.97375],[-93.60508,49.97357],[-93.60492,49.88696],[-94.1191,49.88683],[-94.12248,49.88459],[-94.13162,49.88139],[-94.1332,49.87945],[-94.13514,49.87907],[-94.13425,49.87785],[-94.1358,49.87624],[-94.12842,49.87792],[-94.12717,49.87501],[-94.12812,49.87387],[-94.13715,49.87222],[-94.13998,49.87068],[-94.13981,49.86944],[-94.13795,49.86897],[-94.13591,49.86483],[-94.13825,49.86272],[-94.1394,49.8624],[-94.14235,49.86331],[-94.14874,49.86277],[-94.14968,49.86185],[-94.15137,49.86215],[-94.16304,49.85951],[-94.1658,49.85815],[-94.16739,49.85831],[-94.16743,49.85687],[-94.16873,49.85653],[-94.17271,49.85843],[-94.17309,49.8597],[-94.17003,49.86159],[-94.17195,49.86211],[-94.17285,49.86432],[-94.17436,49.86508],[-94.18552,49.86343],[-94.19483,49.86304],[-94.19735,49.8624],[-94.19772,49.86144],[-94.19949,49.86351],[-94.19859,49.8647],[-94.20031,49.86505],[-94.2033,49.86317],[-94.20076,49.85983],[-94.20182,49.86067],[-94.20515,49.86099],[-94.20826,49.86044],[-94.20783,49.90873],[-94.34324,49.90886],[-94.34311,49.99205],[-94.47847,49.99186],[-94.47779,49.905],[-94.50294,49.90515],[-94.50705,49.90634],[-94.50985,49.90609],[-94.51214,49.90808],[-94.52391,49.9112],[-94.52381,49.9127],[-94.52553,49.91415],[-94.52874,49.91213],[-94.5308,49.91346],[-94.5329,49.91337],[-94.53897,49.91564],[-94.54188,49.91396],[-94.55165,49.91561],[-94.55161,49.9164],[-94.55265,49.9161],[-94.55346,49.9172],[-94.5521,49.91972],[-94.55314,49.92509],[-94.55632,49.92474],[-94.55724,49.92304],[-94.55895,49.92312],[-94.56023,49.92129],[-94.55944,49.9235],[-94.56092,49.92492],[-94.55781,49.92511],[-94.55906,49.92685],[-94.56152,49.92852],[-94.56315,49.92826],[-94.56748,49.92993],[-94.56825,49.92915],[-94.56994,49.93203],[-94.5721,49.93273],[-94.5732,49.93232],[-94.57201,49.93141],[-94.57302,49.93114],[-94.57277,49.92984],[-94.57393,49.92956],[-94.57422,49.93034],[-94.57572,49.92956],[-94.5764,49.93092],[-94.57996,49.92939],[-94.58006,49.92532],[-94.57742,49.92504],[-94.57618,49.92384],[-94.57956,49.92224],[-94.58046,49.92079],[-94.57962,49.91997],[-94.58273,49.91988],[-94.58273,50.11515],[-94.68731,50.1151],[-94.68731,50.08615],[-94.7548,50.08613],[-94.75478,49.91956],[-94.88932,49.91953],[-94.88859,50.00651],[-95.15416,50.00688],[-95.15328,49.66363],[-95.15343,49.39958],[-95.1538,49.39614],[-95.15609,49.39265],[-95.15372,49.38798],[-95.15335,49.38458],[-95.15063,49.38364],[-95.14988,49.38076],[-95.14685,49.38017],[-95.14528,49.37842],[-95.14222,49.37835],[-95.13985,49.37619],[-95.13289,49.37471],[-95.12891,49.37049],[-95.11611,49.36673],[-95.10458,49.36556],[-95.09076,49.36581],[-95.08945,49.36485],[-95.0851,49.36469],[-95.08021,49.36606],[-95.07889,49.36509],[-95.07517,49.36548],[-95.07492,49.3661],[-95.06662,49.36625],[-95.06827,49.36496],[-95.06625,49.36366],[-95.06589,49.35506],[-95.05812,49.35306],[-95.04883,49.35315],[-95.0141,49.35645],[-94.98914,49.36889],[-94.97465,49.3677],[-94.95755,49.37028],[-94.95224,49.36865],[-94.9087,49.35006],[-94.8781,49.33338],[-94.85401,49.32419],[-94.83512,49.32423],[-94.81573,49.32136],[-94.82432,49.30864],[-94.82523,49.2942],[-94.79724,49.21375],[-94.79792,49.19805],[-94.7957,49.19086],[-94.77286,49.12058],[-94.74972,49.09868],[-94.71935,48.99986],[-94.67808,48.87782],[-94.67989,48.8667],[-94.6861,48.84624],[-94.6885,48.84559],[-94.70201,48.83194],[-94.70447,48.82436],[-94.69535,48.80953],[-94.69603,48.7999],[-94.69461,48.78988],[-94.69112,48.77821],[-94.68692,48.77504],[-94.67705,48.77179],[-94.6674,48.76635],[-94.66063,48.76059],[-94.65222,48.75644],[-94.64563,48.7492],[-94.64563,48.74415],[-94.64451,48.7433],[-94.63246,48.73944],[-94.61943,48.73728],[-94.61105,48.73201],[-94.6015,48.7283],[-94.5968,48.72509],[-94.59174,48.71981],[-94.58788,48.71766],[-94.57128,48.71556],[-94.55611,48.71633],[-94.54926,48.71483],[-94.54599,48.71257],[-94.53874,48.70283],[-94.53334,48.70137],[-94.51667,48.70113],[-94.50964,48.70058],[-94.49951,48.69804],[-94.486,48.69791],[-94.47037,48.69654],[-94.45265,48.69253],[-94.44657,48.69306],[-94.43869,48.69504],[-94.42547,48.70448],[-94.41915,48.71029],[-94.38449,48.71186],[-94.38017,48.71111],[-94.36829,48.70645],[-94.35874,48.70425],[-94.34345,48.70342],[-94.32913,48.70447],[-94.309,48.71033],[-94.29148,48.70791],[-94.28297,48.70566],[-94.27463,48.69986],[-94.26473,48.699],[-94.2612,48.69664],[-94.25823,48.69184],[-94.25297,48.68635],[-94.25152,48.6837],[-94.25073,48.6781],[-94.25494,48.66349],[-94.25465,48.66142],[-94.25133,48.65703],[-94.24469,48.65357],[-94.23351,48.65247],[-94.22428,48.64958],[-94.21459,48.64942],[-94.19981,48.65099],[-94.18874,48.65047],[-94.1679,48.64823],[-94.1575,48.64585],[-94.13925,48.64603],[-94.12616,48.64442],[-94.11005,48.64432],[-94.10026,48.64592],[-94.09143,48.64374],[-94.07655,48.64439],[-94.07157,48.64596],[-94.06598,48.64626],[-94.06442,48.64384],[-94.06029,48.64321],[-94.05255,48.64412],[-94.04362,48.64354],[-94.03572,48.64116],[-94.03087,48.641],[-94.00682,48.64341],[-94.00075,48.64292],[-93.98909,48.6404],[-93.98418,48.64019],[-93.97788,48.6386],[-93.96811,48.63853],[-93.95964,48.63724],[-93.95294,48.63413],[-93.93548,48.63254],[-93.91965,48.6316],[-93.88881,48.63117],[-93.87588,48.63189],[-93.84451,48.63027],[-93.83664,48.6276],[-93.83347,48.62568],[-93.82943,48.61766],[-93.82506,48.61392],[-93.82153,48.60919],[-93.81587,48.59308],[-93.81259,48.58704],[-93.8064,48.57939],[-93.80431,48.5704],[-93.8053,48.56458],[-93.80826,48.55693],[-93.81214,48.55047],[-93.81043,48.54459],[-93.81124,48.54102],[-93.81793,48.53515],[-93.8187,48.53149],[-93.81144,48.52478],[-93.80319,48.52207],[-93.79366,48.51646],[-93.78877,48.516],[-93.76206,48.51668],[-93.75284,48.51588],[-93.73937,48.51852],[-93.721,48.5177],[-93.71119,48.51868],[-93.69325,48.51538],[-93.68685,48.5155],[-93.67745,48.51687],[-93.65947,48.51654],[-93.64763,48.51775],[-93.64366,48.51906],[-93.63979,48.52184],[-93.636,48.52854],[-93.6313,48.53139],[-93.62877,48.53192],[-93.62589,48.5315],[-93.62125,48.52601],[-93.61244,48.52249],[-93.60535,48.52322],[-93.59643,48.52872],[-93.5903,48.53049],[-93.58697,48.5299],[-93.58128,48.52718],[-93.57646,48.52714],[-93.56046,48.52971],[-93.54784,48.52944],[-93.54256,48.53008],[-93.52731,48.53409],[-93.51739,48.53483],[-93.50119,48.5417],[-93.48494,48.54341],[-93.46572,48.54651],[-93.45985,48.55372],[-93.45787,48.55982],[-93.45764,48.56719],[-93.4619,48.57305],[-93.46726,48.58848],[-93.46551,48.59176],[-93.46273,48.5928],[-93.4399,48.59381],[-93.43488,48.59545],[-93.42993,48.59976],[-93.42271,48.60329],[-93.41914,48.60354],[-93.415,48.60535],[-93.41436,48.60648],[-93.40599,48.60991],[-93.40365,48.60981],[-93.40326,48.6084],[-93.40136,48.60767],[-93.39935,48.60494],[-93.39641,48.60374],[-93.38392,48.60589],[-93.37174,48.6058],[-93.36758,48.60807],[-93.36213,48.61409],[-93.35508,48.61152],[-93.35283,48.61373],[-93.35348,48.61486],[-93.34874,48.62645],[-93.25463,48.64284],[-93.20757,48.64264],[-93.18423,48.62842],[-93.1784,48.62332],[-93.09035,48.62784],[-92.98474,48.62378],[-92.95483,48.63153],[-92.94971,48.63032],[-92.94998,48.60823],[-92.92962,48.60694],[-92.9098,48.59627],[-92.89429,48.59486],[-92.72821,48.53916],[-92.65727,48.54598],[-92.63446,48.54259],[-92.62773,48.52179],[-92.62497,48.51783],[-92.6265,48.51408],[-92.62461,48.51304],[-92.63,48.50951],[-92.63147,48.50682],[-92.6265,48.5033],[-92.63053,48.50066],[-92.63713,48.49933],[-92.64711,48.49993],[-92.65399,48.50161],[-92.66166,48.49624],[-92.68556,48.49766],[-92.69889,48.49508],[-92.70174,48.48456],[-92.70957,48.47286],[-92.70877,48.47031],[-92.71299,48.46291],[-92.68824,48.44387],[-92.66336,48.44016],[-92.65645,48.43667],[-92.57599,48.44098],[-92.53722,48.44794],[-92.50736,48.4483],[-92.48971,48.43036],[-92.48209,48.42833],[-92.48235,48.42751],[-92.4808,48.42627],[-92.48138,48.42541],[-92.47575,48.41865],[-92.45664,48.41414],[-92.45673,48.40098],[-92.47693,48.3717],[-92.47456,48.36484],[-92.44005,48.3142],[-92.43778,48.30965],[-92.43211,48.30537],[-92.42916,48.30594],[-92.42591,48.30469],[-92.42141,48.2996],[-92.41621,48.29568],[-92.4016,48.27059],[-92.39292,48.25978],[-92.39292,48.25717],[-92.38923,48.25361],[-92.38999,48.25253],[-92.39207,48.25281],[-92.3924,48.25133],[-92.39014,48.25047],[-92.3867,48.25158],[-92.38563,48.25097],[-92.38465,48.24935],[-92.38699,48.24915],[-92.38631,48.24749],[-92.38789,48.24637],[-92.3875,48.2451],[-92.38634,48.24382],[-92.3833,48.24389],[-92.38422,48.24052],[-92.38087,48.23644],[-92.37871,48.2357],[-92.37815,48.23005],[-92.37561,48.22799],[-92.37523,48.22609],[-92.37269,48.22354],[-92.37093,48.22373],[-92.36948,48.22003],[-92.36695,48.22188],[-92.36844,48.22399],[-92.36222,48.22283],[-92.3601,48.22553],[-92.35427,48.22873],[-92.35341,48.23004],[-92.34448,48.23201],[-92.34175,48.23175],[-92.33857,48.23499],[-92.33601,48.23558],[-92.33422,48.23398],[-92.33257,48.23385],[-92.31432,48.24064],[-92.27941,48.2449],[-92.2696,48.24799],[-92.27379,48.25657],[-92.29028,48.26492],[-92.29471,48.27139],[-92.29343,48.27632],[-92.29461,48.27636],[-92.30176,48.28811],[-92.29466,48.30631],[-92.30634,48.31632],[-92.30454,48.32288],[-92.29579,48.32403],[-92.28876,48.34282],[-92.26254,48.35491],[-92.22159,48.34874],[-92.21739,48.34481],[-92.207,48.34565],[-92.20673,48.34708],[-92.20839,48.34805],[-92.20438,48.35192],[-92.19568,48.35048],[-92.19494,48.34861],[-92.19278,48.34859],[-92.17861,48.35181],[-92.17927,48.35463],[-92.17781,48.35698],[-92.16178,48.36351],[-92.14527,48.36573],[-92.14408,48.35592],[-92.08366,48.35376],[-92.07815,48.35809],[-92.06781,48.35945],[-92.06067,48.35938],[-92.05419,48.35749],[-92.0491,48.3489],[-92.04607,48.34817],[-92.04516,48.34589],[-92.04803,48.34378],[-92.04667,48.33482],[-92.03792,48.33317],[-92.03076,48.3259],[-92.00036,48.32128],[-92.01333,48.29761],[-92.0123,48.28747],[-92.00748,48.28073],[-92.00672,48.26555],[-91.98953,48.26029],[-91.98074,48.24826],[-91.97714,48.247],[-91.97624,48.24434],[-91.97318,48.2471],[-91.97034,48.24797],[-91.97244,48.25079],[-91.96997,48.25379],[-91.95915,48.25374],[-91.95725,48.25244],[-91.95386,48.25232],[-91.95402,48.24959],[-91.94844,48.2465],[-91.94937,48.2447],[-91.95783,48.24445],[-91.95736,48.23942],[-91.95934,48.2367],[-91.9593,48.23317],[-91.95199,48.23318],[-91.94333,48.23049],[-91.93655,48.23451],[-91.92165,48.23628],[-91.918,48.2389],[-91.90756,48.23845],[-91.90449,48.23692],[-91.89112,48.23753],[-91.88094,48.22542],[-91.86706,48.21873],[-91.8641,48.20964],[-91.84515,48.20945],[-91.83611,48.21039],[-91.83195,48.20933],[-91.81667,48.21218],[-91.81452,48.20914],[-91.81265,48.20912],[-91.8141,48.2094],[-91.81453,48.21103],[-91.8135,48.21225],[-91.80971,48.2136],[-91.80686,48.21276],[-91.80469,48.21321],[-91.80116,48.21202],[-91.8019,48.21039],[-91.80309,48.21007],[-91.80233,48.20953],[-91.80403,48.20903],[-91.79097,48.20889],[-91.78886,48.20826],[-91.78876,48.19675],[-91.78519,48.19647],[-91.78262,48.19823],[-91.78018,48.20155],[-91.77483,48.2005],[-91.76368,48.20077],[-91.76177,48.20218],[-91.76174,48.20506],[-91.75535,48.20654],[-91.75266,48.20195],[-91.74663,48.19843],[-91.7432,48.19888],[-91.74168,48.19995],[-91.74256,48.20466],[-91.74168,48.20473],[-91.73617,48.20407],[-91.71359,48.1985],[-91.71082,48.19431],[-91.71145,48.18937],[-91.71273,48.18714],[-91.72255,48.17846],[-91.72446,48.17069],[-91.72285,48.16889],[-91.71325,48.1726],[-91.70672,48.17283],[-91.70507,48.1695],[-91.70493,48.15864],[-91.70781,48.15267],[-91.70249,48.14472],[-91.69921,48.1453],[-91.69766,48.14404],[-91.69975,48.13153],[-91.70297,48.12588],[-91.70772,48.12334],[-91.70987,48.11804],[-91.69137,48.11783],[-91.69009,48.12066],[-91.68296,48.12216],[-91.68386,48.11774],[-91.65562,48.11331],[-91.65315,48.11441],[-91.65195,48.11416],[-91.65104,48.11292],[-91.65287,48.11005],[-91.64798,48.10633],[-91.64782,48.10517],[-91.6397,48.09721],[-91.61473,48.10218],[-91.5955,48.10224],[-91.60562,48.4311],[-91.61311,48.67198],[-91.75193,48.6722],[-91.75309,49.01805],[-91.20758,49.02002],[-90.96303,49.02006],[-90.96393,49.10888],[-90.96297,49.33227],[-90.96398,49.33632],[-90.96408,49.54152],[-90.96341,50.06327]]]},"properties":{"ed_id":44,"electoral_district":"Kenora—Rainy River","electoral_district_fr":"Kenora—Rainy River","overall_y2020_pct_attached":76.68120366332316,"overall_y2020_pct_unattached":23.318796336676844,"overall_y2020_n_attached":35166,"overall_y2020_n_unattached":10694,"overall_y2020_n_total":45860,"overall_y2020_fsa_count":5,"overall_y2020_fsa_with_data":5,"overall_y2022_pct_attached":75.51734698341865,"overall_y2022_pct_unattached":24.482653016581356,"overall_y2022_n_attached":34522,"overall_y2022_n_unattached":11192,"overall_y2022_n_total":45714,"overall_y2022_fsa_count":5,"overall_y2022_fsa_with_data":5,"overall_change_pct_attached":-1.1638566799045122,"children_y2020_pct_attached":81.19229454006611,"children_y2020_pct_unattached":18.80770545993389,"children_y2020_n_attached":7123,"children_y2020_n_unattached":1650,"children_y2020_n_total":8773,"children_y2020_fsa_count":4,"children_y2020_fsa_with_data":4,"children_y2022_pct_attached":77.23045125732001,"children_y2022_pct_unattached":22.769548742679987,"children_y2022_n_attached":6726,"children_y2022_n_unattached":1983,"children_y2022_n_total":8709,"children_y2022_fsa_count":4,"children_y2022_fsa_with_data":4,"children_change_pct_attached":-3.961843282746102,"adults_y2020_pct_attached":75.61409658370857,"adults_y2020_pct_unattached":24.385903416291423,"adults_y2020_n_attached":28043,"adults_y2020_n_unattached":9044,"adults_y2020_n_total":37087,"adults_y2020_fsa_count":5,"adults_y2020_fsa_with_data":5,"adults_y2022_pct_attached":75.11417376030266,"adults_y2022_pct_unattached":24.88582623969734,"adults_y2022_n_attached":27796,"adults_y2022_n_unattached":9209,"adults_y2022_n_total":37005,"adults_y2022_fsa_count":5,"adults_y2022_fsa_with_data":5,"adults_change_pct_attached":-0.4999228234059103,"has_data":true,"name":"Kenora—Rainy River"}},
{"type":"Feature","geometry":{"type":"Polygon","coordinates":[[[-80.98527,46.53713],[-80.98555,46.54414],[-80.99589,46.54414],[-80.99574,46.54035],[-81.00614,46.54029],[-81.00593,46.53666],[-81.06876,46.53679],[-81.07008,46.48042],[-81.07678,46.48023],[-81.07774,46.45891],[-81.08478,46.45885],[-81.08495,46.45209],[-81.07427,46.45207],[-81.0742,46.44838],[-81.07301,46.44964],[-81.07087,46.44986],[-81.00399,46.44972],[-81.00313,46.45148],[-80.99658,46.45019],[-80.99247,46.44831],[-80.98676,46.44457],[-80.98319,46.43941],[-80.97538,46.43594],[-80.96626,46.43568],[-80.92918,46.4317],[-80.90501,46.43272],[-80.89574,46.42875],[-80.88039,46.42635],[-80.87986,46.44991],[-80.88144,46.44991],[-80.8813,46.53685],[-80.98527,46.53713]]]},"properties":{"ed_id":103,"electoral_district":"Sudbury","electoral_district_fr":"Sudbury","overall_y2020_pct_attached":85.63691771876361,"overall_y2020_pct_unattached":14.363082281236395,"overall_y2020_n_attached":49177,"overall_y2020_n_unattached":8248,"overall_y2020_n_total":57425,"overall_y2020_fsa_count":3,"overall_y2020_fsa_with_data":3,"overall_y2022_pct_attached":83.84953490749258,"overall_y2022_pct_unattached":16.15046509250741,"overall_y2022_n_attached":49218,"overall_y2022_n_unattached":9480,"overall_y2022_n_total":58698,"overall_y2022_fsa_count":3,"overall_y2022_fsa_with_data":3,"overall_change_pct_attached":-1.78738281127103,"children_y2020_pct_attached":93.03139584217224,"children_y2020_pct_unattached":6.968604157827747,"children_y2020_n_attached":8771,"children_y2020_n_unattached":657,"children_y2020_n_total":9428,"children_y2020_fsa_count":3,"children_y2020_fsa_with_data":3,"children_y2022_pct_attached":86.92843961451712,"children_y2022_pct_unattached":13.071560385482877,"children_y2022_n_attached":8479,"children_y2022_n_unattached":1275,"children_y2022_n_total":9754,"children_y2022_fsa_count":3,"children_y2022_fsa_with_data":3,"children_change_pct_attached":-6.1029562276551275,"adults_y2020_pct_attached":84.18442819342874,"adults_y2020_pct_unattached":15.815571806571244,"adults_y2020_n_attached":40406,"adults_y2020_n_unattached":7591,"adults_y2020_n_total":47997,"adults_y2020_fsa_count":3,"adults_y2020_fsa_with_data":3,"adults_y2022_pct_attached":83.23594311866623,"adults_y2022_pct_unattached":16.76405688133377,"adults_y2022_n_attached":40739,"adults_y2022_n_unattached":8205,"adults_y2022_n_total":48944,"adults_y2022_fsa_count":3,"adults_y2022_fsa_with_data":3,"adults_change_pct_attached":-0.948485074762516,"has_data":true,"name":"Sudbury"}},
{"type":"Feature","geometry":{"type":"Polygon","coordinates":[[[-78.40536,46.29419],[-78.43088,46.29523],[-78.44481,46.29437],[-78.45889,46.29501],[-78.47504,46.29402],[-78.48389,46.29564],[-78.49216,46.29422],[-78.50055,46.29422],[-78.514,46.29668],[-78.5345,46.30401],[-78.54925,46.30819],[-78.59802,46.31867],[-78.63759,46.3212],[-78.67971,46.31786],[-78.69554,46.31918],[-78.70912,46.3241],[-78.71902,46.33116],[-78.72663,46.34197],[-78.72743,46.34684],[-78.72439,46.35693],[-78.72297,46.36847],[-78.72409,46.37386],[-78.7257,46.37531],[-78.72536,46.37813],[-78.72714,46.38129],[-78.73209,46.38581],[-78.73931,46.38939],[-78.74647,46.39143],[-78.75769,46.39307],[-78.76876,46.40208],[-78.79005,46.41478],[-78.7953,46.41893],[-78.81795,46.42927],[-78.84353,46.43914],[-78.85423,46.44115],[-78.85916,46.44301],[-78.87003,46.45031],[-78.88825,46.45894],[-78.90219,46.47133],[-78.91632,46.48099],[-78.93204,46.49637],[-78.93781,46.50487],[-78.94238,46.50957],[-78.96105,46.52107],[-78.96619,46.52575],[-78.97102,46.53297],[-78.97673,46.53729],[-79.25704,46.53781],[-79.25677,46.44849],[-79.76009,46.44766],[-79.75754,46.36864],[-79.88394,46.36506],[-79.88412,46.28465],[-79.77411,46.20822],[-79.68058,46.21309],[-79.66403,46.18492],[-79.66405,46.18291],[-79.61187,46.09421],[-79.68369,46.07375],[-79.61476,45.95795],[-79.61582,45.95589],[-79.60267,45.95508],[-79.60238,45.95337],[-79.60426,45.95364],[-79.60658,45.94976],[-79.60762,45.93986],[-79.60639,45.93725],[-79.5977,45.9368],[-79.59875,45.92842],[-79.58568,45.90392],[-79.4164,45.94901],[-79.38056,45.95923],[-79.34439,45.97104],[-79.25741,45.99452],[-79.18967,45.8724],[-79.19505,45.87097],[-79.12995,45.75116],[-79.0625,45.7688],[-79.05812,45.76078],[-79.05317,45.7621],[-79.04633,45.74956],[-79.05612,45.74695],[-79.05151,45.73849],[-79.04173,45.74111],[-78.99275,45.65116],[-78.99463,45.65066],[-78.93041,45.53236],[-78.92442,45.53397],[-78.85975,45.41434],[-78.81249,45.4284],[-78.80224,45.42959],[-78.73213,45.448],[-78.63601,45.47488],[-78.31201,45.56146],[-78.24805,45.57829],[-78.38009,45.8165],[-78.38268,45.81581],[-78.44505,45.93515],[-78.61731,45.89069],[-78.68118,46.00568],[-78.50411,46.05411],[-78.51177,46.07181],[-78.32902,46.12167],[-78.41312,46.27332],[-78.39796,46.27322],[-78.39797,46.28196],[-78.40536,46.29419]]]},"properties":{"ed_id":72,"electoral_district":"Nipissing","electoral_district_fr":"Nipissing","overall_y2020_pct_attached":86.99844525503796,"overall_y2020_pct_unattached":13.001554744962029,"overall_y2020_n_attached":58195,"overall_y2020_n_unattached":8697,"overall_y2020_n_total":66892,"overall_y2020_fsa_count":4,"overall_y2020_fsa_with_data":4,"overall_y2022_pct_attached":83.02242654642973,"overall_y2022_pct_unattached":16.977573453570272,"overall_y2022_n_attached":56344,"overall_y2022_n_unattached":11522,"overall_y2022_n_total":67866,"overall_y2022_fsa_count":4,"overall_y2022_fsa_with_data":4,"overall_change_pct_attached":-3.976018708608237,"children_y2020_pct_attached":89.19041568342712,"children_y2020_pct_unattached":10.80958431657288,"children_y2020_n_attached":9827,"children_y2020_n_unattached":1191,"children_y2020_n_total":11018,"children_y2020_fsa_count":4,"children_y2020_fsa_with_data":4,"children_y2022_pct_attached":85.08137432188066,"children_y2022_pct_unattached":14.91862567811935,"children_y2022_n_attached":9410,"children_y2022_n_unattached":1650,"children_y2022_n_total":11060,"children_y2022_fsa_count":4,"children_y2022_fsa_with_data":4,"children_change_pct_attached":-4.10904136154646,"adults_y2020_pct_attached":86.56620252711458,"adults_y2020_pct_unattached":13.43379747288542,"adults_y2020_n_attached":48368,"adults_y2020_n_unattached":7506,"adults_y2020_n_total":55874,"adults_y2020_fsa_count":4,"adults_y2020_fsa_with_data":4,"adults_y2022_pct_attached":82.62155406119072,"adults_y2022_pct_unattached":17.378445938809282,"adults_y2022_n_attached":46934,"adults_y2022_n_unattached":9872,"adults_y2022_n_total":56806,"adults_y2022_fsa_count":4,"adults_y2022_fsa_with_data":4,"adults_change_pct_attached":-3.944648465923862,"has_data":true,"name":"Nipissing"}},
{"type":"Feature","geometry":{"type":"Polygon","coordinates":[[[-79.5091,44.40865],[-79.44243,44.42107],[-79.48436,44.46899],[-79.55481,44.55433],[-79.55467,44.55542],[-79.5493,44.55777],[-79.54956,44.56113],[-79.55245,44.5645],[-79.57239,44.57553],[-79.58425,44.58991],[-79.58544,44.58941],[-79.64467,44.65695],[-79.64399,44.65948],[-79.64064,44.66268],[-79.64805,44.66082],[-79.68448,44.70197],[-79.79854,44.65263],[-79.79936,44.65209],[-79.79618,44.6484],[-79.82003,44.63781],[-79.83151,44.63292],[-79.8343,44.63616],[-79.98518,44.56963],[-79.97264,44.55346],[-79.97954,44.5505],[-79.97443,44.54437],[-79.97894,44.54244],[-79.96484,44.52609],[-79.97829,44.5203],[-79.96841,44.5098],[-79.97517,44.50688],[-79.96559,44.49563],[-79.98315,44.48804],[-79.91185,44.40332],[-79.85205,44.33851],[-79.74536,44.36113],[-79.74562,44.3621],[-79.73503,44.36452],[-79.73187,44.36589],[-79.73035,44.36559],[-79.68927,44.3749],[-79.5091,44.40865]]]},"properties":{"ed_id":5,"electoral_district":"Barrie—Springwater—Oro-Medonte","electoral_district_fr":"Barrie—Springwater—Oro-Medonte","overall_y2020_pct_attached":89.00773069771994,"overall_y2020_pct_unattached":10.992269302280066,"overall_y2020_n_attached":90957,"overall_y2020_n_unattached":11233,"overall_y2020_n_total":102190,"overall_y2020_fsa_count":3,"overall_y2020_fsa_with_data":3,"overall_y2022_pct_attached":86.75102624938802,"overall_y2022_pct_unattached":13.248973750611984,"overall_y2022_n_attached":92140,"overall_y2022_n_unattached":14072,"overall_y2022_n_total":106212,"overall_y2022_fsa_count":3,"overall_y2022_fsa_with_data":3,"overall_change_pct_attached":-2.2567044483319165,"children_y2020_pct_attached":93.0046531081717,"children_y2020_pct_unattached":6.995346891828305,"children_y2020_n_attached":17789,"children_y2020_n_unattached":1338,"children_y2020_n_total":19127,"children_y2020_fsa_count":3,"children_y2020_fsa_with_data":3,"children_y2022_pct_attached":89.49410383378427,"children_y2022_pct_unattached":10.505896166215734,"children_y2022_n_attached":17531,"children_y2022_n_unattached":2058,"children_y2022_n_total":19589,"children_y2022_fsa_count":3,"children_y2022_fsa_with_data":3,"children_change_pct_attached":-3.5105492743874294,"adults_y2020_pct_attached":88.0873553808555,"adults_y2020_pct_unattached":11.912644619144505,"adults_y2020_n_attached":73168,"adults_y2020_n_unattached":9895,"adults_y2020_n_total":83063,"adults_y2020_fsa_count":3,"adults_y2020_fsa_with_data":3,"adults_y2022_pct_attached":86.13070431640557,"adults_y2022_pct_unattached":13.869295683594427,"adults_y2022_n_attached":74609,"adults_y2022_n_unattached":12014,"adults_y2022_n_total":86623,"adults_y2022_fsa_count":3,"adults_y2022_fsa_with_data":3,"adults_change_pct_attached":-1.9566510644499289,"has_data":true,"name":"Barrie—Springwater—Oro-Medonte"}},
{"type":"Feature","geometry":{"type":"Polygon","coordinates":[[[-79.74536,44.36113],[-79.85205,44.33851],[-79.91185,44.40332],[-79.98315,44.48804],[-79.96559,44.49563],[-79.97517,44.50688],[-79.96841,44.5098],[-79.97829,44.5203],[-79.96484,44.52609],[-79.97894,44.54244],[-79.97443,44.54437],[-79.97954,44.5505],[-79.97264,44.55346],[-79.98518,44.56963],[-80.06661,44.53155],[-80.51594,44.90373],[-80.59989,44.97334],[-80.51509,44.59433],[-80.48513,44.46242],[-80.46373,44.37277],[-80.2664,44.41603],[-80.22908,44.25342],[-80.034,44.29487],[-79.99251,44.1236],[-79.99396,44.12325],[-79.96829,44.01731],[-79.95118,43.95142],[-79.77549,43.98976],[-79.67016,44.01293],[-79.6718,44.01923],[-79.671,44.0194],[-79.67434,44.03163],[-79.67541,44.03146],[-79.67869,44.04388],[-79.67765,44.04412],[-79.67921,44.05051],[-79.68083,44.0563],[-79.68167,44.05615],[-79.68485,44.06858],[-79.68389,44.06879],[-79.68706,44.08119],[-79.68792,44.08102],[-79.69131,44.09295],[-79.70686,44.15421],[-79.70977,44.15359],[-79.71289,44.16597],[-79.71735,44.16502],[-79.72396,44.19619],[-79.7043,44.20069],[-79.7201,44.26337],[-79.71277,44.26501],[-79.7159,44.27693],[-79.72316,44.27529],[-79.74536,44.36113]]]},"properties":{"ed_id":99,"electoral_district":"Simcoe—Grey","electoral_district_fr":"Simcoe—Grey","overall_y2020_pct_attached":90.67611777535441,"overall_y2020_pct_unattached":9.323882224645583,"overall_y2020_n_attached":156322,"overall_y2020_n_unattached":16074,"overall_y2020_n_total":172396,"overall_y2020_fsa_count":6,"overall_y2020_fsa_with_data":6,"overall_y2022_pct_attached":89.34877296171284,"overall_y2022_pct_unattached":10.651227038287159,"overall_y2022_n_attached":160415,"overall_y2022_n_unattached":19123,"overall_y2022_n_total":179538,"overall_y2022_fsa_count":6,"overall_y2022_fsa_with_data":6,"overall_change_pct_attached":-1.3273448136415738,"children_y2020_pct_attached":94.50235478806907,"children_y2020_pct_unattached":5.497645211930926,"children_y2020_n_attached":30099,"children_y2020_n_unattached":1751,"children_y2020_n_total":31850,"children_y2020_fsa_count":6,"children_y2020_fsa_with_data":6,"children_y2022_pct_attached":90.73762614127823,"children_y2022_pct_unattached":9.26237385872177,"children_y2022_n_attached":30212,"children_y2022_n_unattached":3084,"children_y2022_n_total":33296,"children_y2022_fsa_count":6,"children_y2022_fsa_with_data":6,"children_change_pct_attached":-3.764728646790843,"adults_y2020_pct_attached":89.80903049535384,"adults_y2020_pct_unattached":10.190969504646166,"adults_y2020_n_attached":126223,"adults_y2020_n_unattached":14323,"adults_y2020_n_total":140546,"adults_y2020_fsa_count":6,"adults_y2020_fsa_with_data":6,"adults_y2022_pct_attached":89.03256246495535,"adults_y2022_pct_unattached":10.967437535044652,"adults_y2022_n_attached":130203,"adults_y2022_n_unattached":16039,"adults_y2022_n_total":146242,"adults_y2022_fsa_count":6,"adults_y2022_fsa_with_data":6,"adults_change_pct_attached":-0.7764680303984903,"has_data":true,"name":"Simcoe—Grey"}},
{"type":"Feature","geometry":{"type":"Polygon","coordinates":[[[-78.31201,45.56146],[-78.63601,45.47488],[-78.73213,45.448],[-78.80224,45.42959],[-78.81249,45.4284],[-78.85975,45.41434],[-78.92278,45.39669],[-78.97164,45.38444],[-78.97072,45.38164],[-78.97268,45.37804],[-78.96792,45.37547],[-78.96943,45.37325],[-78.9693,45.37175],[-78.95775,45.3702],[-78.95816,45.36329],[-78.95966,45.36052],[-78.95907,45.35869],[-78.95482,45.35875],[-78.95287,45.35636],[-78.95086,45.35577],[-78.94968,45.35243],[-78.9501,45.35036],[-78.9486,45.34919],[-78.94824,45.3475],[-78.94476,45.34544],[-78.94495,45.33828],[-78.94013,45.33016],[-78.94007,45.32861],[-78.93859,45.32722],[-78.93433,45.32558],[-78.9336,45.31632],[-78.93081,45.31242],[-78.92768,45.31219],[-78.92488,45.3086],[-78.92636,45.30651],[-78.92517,45.30318],[-78.92161,45.30106],[-78.9209,45.29781],[-78.91934,45.29651],[-78.91893,45.29401],[-78.92066,45.29152],[-78.91731,45.28658],[-78.9182,45.28528],[-78.91605,45.28417],[-78.91243,45.27691],[-78.90622,45.276],[-78.90704,45.27267],[-78.90507,45.26741],[-78.90523,45.26324],[-78.90221,45.25965],[-78.90151,45.25502],[-78.89327,45.25042],[-78.89496,45.2398],[-78.89089,45.2368],[-78.88911,45.23234],[-78.88689,45.23018],[-78.88602,45.22635],[-78.88284,45.22589],[-78.88313,45.21862],[-78.88036,45.21728],[-78.8807,45.21492],[-78.87919,45.21347],[-78.87575,45.21267],[-78.87035,45.21336],[-78.86929,45.212],[-78.8718,45.21115],[-78.87503,45.20857],[-78.8746,45.20631],[-78.87219,45.20395],[-78.87194,45.19965],[-78.87019,45.1964],[-78.86846,45.19587],[-78.86725,45.19415],[-78.86754,45.19104],[-78.86925,45.19053],[-78.8682,45.1866],[-78.86901,45.18387],[-78.86694,45.18216],[-78.86746,45.18027],[-78.86967,45.17916],[-78.8695,45.17836],[-78.86338,45.17926],[-78.86076,45.17834],[-78.85556,45.17467],[-78.8559,45.17223],[-78.85438,45.17077],[-78.85495,45.16836],[-78.85156,45.16585],[-78.84816,45.16093],[-78.8458,45.15934],[-78.84653,45.15529],[-78.84787,45.15356],[-78.84341,45.14509],[-79.00099,45.10614],[-78.93587,44.9855],[-79.09293,44.94298],[-79.0997,44.95525],[-79.11989,44.9501],[-79.11937,44.94913],[-79.09851,44.90936],[-79.09816,44.90871],[-79.06683,44.84809],[-79.06462,44.84416],[-79.0623,44.84004],[-79.0763,44.8362],[-79.20215,44.80147],[-79.20318,44.80118],[-79.20603,44.80039],[-79.20845,44.79972],[-79.20791,44.79861],[-79.20622,44.79514],[-79.20598,44.79466],[-79.1944,44.76712],[-79.15795,44.68786],[-79.1196,44.5997],[-79.0818,44.51566],[-79.09307,44.51637],[-79.10135,44.5111],[-79.10674,44.5094],[-79.11495,44.50877],[-79.12094,44.50748],[-79.12184,44.50705],[-79.12118,44.50615],[-79.12569,44.50501],[-79.12586,44.50704],[-79.12876,44.50727],[-79.13194,44.5095],[-79.13143,44.51053],[-79.13464,44.51135],[-79.13559,44.51089],[-79.13555,44.51261],[-79.13808,44.51205],[-79.13873,44.51245],[-79.13785,44.51313],[-79.13997,44.51283],[-79.13959,44.51406],[-79.14048,44.51418],[-79.14192,44.51339],[-79.14182,44.51215],[-79.14341,44.51268],[-79.14519,44.51216],[-79.14423,44.50908],[-79.1475,44.50606],[-79.14805,44.50186],[-79.14934,44.50099],[-79.14819,44.50051],[-79.15193,44.5],[-79.15193,44.49813],[-79.15475,44.49797],[-79.15373,44.49642],[-79.15514,44.49532],[-79.15375,44.49447],[-79.15559,44.49293],[-79.1531,44.49241],[-79.1556,44.49088],[-79.15387,44.48971],[-79.15547,44.48825],[-79.15811,44.48856],[-79.15782,44.48751],[-79.16014,44.48685],[-79.1596,44.48579],[-79.16031,44.48527],[-79.15832,44.48471],[-79.15855,44.48297],[-79.15653,44.48202],[-79.15985,44.4797],[-79.15838,44.47957],[-79.15808,44.47832],[-79.15636,44.47742],[-79.15708,44.47627],[-79.16097,44.47428],[-79.16134,44.47188],[-79.24263,44.45802],[-79.24907,44.45528],[-79.25048,44.45317],[-79.25205,44.45312],[-79.25189,44.45195],[-79.2484,44.44953],[-79.24408,44.44832],[-79.24113,44.44953],[-79.23872,44.44865],[-79.15613,44.26314],[-79.12249,44.18329],[-79.03724,44.20261],[-78.95235,44.22066],[-78.92138,44.15074],[-78.92116,44.15954],[-78.91758,44.17043],[-78.91529,44.18605],[-78.90824,44.1955],[-78.89833,44.20547],[-78.89421,44.21146],[-78.88695,44.21543],[-78.87429,44.22102],[-78.86722,44.21926],[-78.85633,44.21801],[-78.85003,44.21371],[-78.84661,44.20481],[-78.84859,44.19349],[-78.84802,44.18914],[-78.84614,44.18443],[-78.84192,44.17848],[-78.84116,44.17507],[-78.84434,44.1678],[-78.83233,44.17723],[-78.81731,44.18516],[-78.80251,44.19508],[-78.77723,44.22141],[-78.76941,44.22573],[-78.72696,44.13176],[-78.69268,44.05838],[-78.51632,44.0988],[-78.50865,44.08123],[-78.42304,44.10088],[-78.34683,44.11992],[-78.36817,44.16225],[-78.38735,44.2044],[-78.35453,44.21197],[-78.35125,44.21558],[-78.35107,44.21943],[-78.34546,44.22783],[-78.3431,44.23528],[-78.33638,44.24019],[-78.33807,44.24663],[-78.33584,44.25125],[-78.33978,44.25375],[-78.34048,44.2554],[-78.33481,44.25927],[-78.33022,44.26386],[-78.33055,44.26446],[-78.34023,44.26213],[-78.34212,44.26188],[-78.34278,44.26329],[-78.34962,44.26162],[-78.35342,44.25346],[-78.35733,44.25252],[-78.35926,44.25685],[-78.36089,44.2564],[-78.35937,44.25307],[-78.36137,44.25259],[-78.36731,44.26346],[-78.37436,44.26173],[-78.37621,44.26552],[-78.37907,44.2656],[-78.37877,44.26696],[-78.37713,44.26671],[-78.37703,44.26726],[-78.37866,44.26751],[-78.37812,44.26963],[-78.37725,44.2699],[-78.37798,44.27003],[-78.37761,44.27087],[-78.38181,44.28032],[-78.37547,44.28173],[-78.38366,44.30085],[-78.42543,44.29041],[-78.48894,44.42772],[-78.49231,44.44557],[-78.49157,44.45301],[-78.49004,44.45754],[-78.49098,44.4584],[-78.48981,44.46085],[-78.49083,44.46241],[-78.48908,44.46994],[-78.49005,44.47482],[-78.49257,44.47871],[-78.50544,44.48968],[-78.50828,44.49317],[-78.51007,44.4971],[-78.51431,44.5225],[-78.52945,44.55416],[-78.54395,44.55062],[-78.58639,44.64197],[-78.65504,44.79385],[-78.45231,44.84203],[-78.45135,44.84305],[-78.45067,44.84241],[-78.43384,44.84614],[-78.1399,44.91368],[-78.11933,44.8748],[-78.03101,44.89447],[-77.9612,44.9115],[-77.99643,44.97194],[-77.99602,44.97315],[-77.99728,44.9733],[-78.00432,44.98579],[-78.09988,45.16811],[-78.1101,45.18486],[-78.17759,45.31036],[-78.27063,45.48293],[-78.31201,45.56146]]]},"properties":{"ed_id":35,"electoral_district":"Haliburton—Kawartha Lakes—Brock","electoral_district_fr":"Haliburton—Kawartha Lakes—Brock","overall_y2020_pct_attached":90.69626972215104,"overall_y2020_pct_unattached":9.303730277848958,"overall_y2020_n_attached":99102,"overall_y2020_n_unattached":10166,"overall_y2020_n_total":109268,"overall_y2020_fsa_count":4,"overall_y2020_fsa_with_data":4,"overall_y2022_pct_attached":88.77020810514786,"overall_y2022_pct_unattached":11.229791894852136,"overall_y2022_n_attached":101309,"overall_y2022_n_unattached":12816,"overall_y2022_n_total":114125,"overall_y2022_fsa_count":4,"overall_y2022_fsa_with_data":4,"overall_change_pct_attached":-1.9260616170031852,"children_y2020_pct_attached":94.95070212130265,"children_y2020_pct_unattached":5.049297878697341,"children_y2020_n_attached":15890,"children_y2020_n_unattached":845,"children_y2020_n_total":16735,"children_y2020_fsa_count":4,"children_y2020_fsa_with_data":4,"children_y2022_pct_attached":91.25084669225558,"children_y2022_pct_unattached":8.749153307744411,"children_y2022_n_attached":16166,"children_y2022_n_unattached":1550,"children_y2022_n_total":17716,"children_y2022_fsa_count":4,"children_y2022_fsa_with_data":4,"children_change_pct_attached":-3.6998554290470764,"adults_y2020_pct_attached":89.92683691223672,"adults_y2020_pct_unattached":10.073163087763284,"adults_y2020_n_attached":83212,"adults_y2020_n_unattached":9321,"adults_y2020_n_total":92533,"adults_y2020_fsa_count":4,"adults_y2020_fsa_with_data":4,"adults_y2022_pct_attached":88.31436899044695,"adults_y2022_pct_unattached":11.68563100955305,"adults_y2022_n_attached":85143,"adults_y2022_n_unattached":11266,"adults_y2022_n_total":96409,"adults_y2022_fsa_count":4,"adults_y2022_fsa_with_data":4,"adults_change_pct_attached":-1.6124679217897722,"has_data":true,"name":"Haliburton—Kawartha Lakes—Brock"}},
{"type":"Feature","geometry":{"type":"Polygon","coordinates":[[[-77.72743,44.43658],[-77.75394,44.48458],[-77.79933,44.57639],[-77.81399,44.60055],[-77.83523,44.64231],[-77.84217,44.65751],[-77.85885,44.70688],[-77.86798,44.72467],[-77.88782,44.76926],[-77.88547,44.76985],[-77.88763,44.77453],[-77.9612,44.9115],[-78.03101,44.89447],[-78.11933,44.8748],[-78.1399,44.91368],[-78.43384,44.84614],[-78.45067,44.84241],[-78.45135,44.84305],[-78.45231,44.84203],[-78.65504,44.79385],[-78.58639,44.64197],[-78.54395,44.55062],[-78.52945,44.55416],[-78.51431,44.5225],[-78.51007,44.4971],[-78.50828,44.49317],[-78.50544,44.48968],[-78.49257,44.47871],[-78.49005,44.47482],[-78.48908,44.46994],[-78.49083,44.46241],[-78.48981,44.46085],[-78.49098,44.4584],[-78.49004,44.45754],[-78.49157,44.45301],[-78.49231,44.44557],[-78.48894,44.42772],[-78.42543,44.29041],[-78.38366,44.30085],[-78.37547,44.28173],[-78.38181,44.28032],[-78.37761,44.27087],[-78.37798,44.27003],[-78.37725,44.2699],[-78.37812,44.26963],[-78.37866,44.26751],[-78.37703,44.26726],[-78.37713,44.26671],[-78.37877,44.26696],[-78.37907,44.2656],[-78.37621,44.26552],[-78.37436,44.26173],[-78.36731,44.26346],[-78.36137,44.25259],[-78.35937,44.25307],[-78.36089,44.2564],[-78.35926,44.25685],[-78.35733,44.25252],[-78.35342,44.25346],[-78.34962,44.26162],[-78.34278,44.26329],[-78.34212,44.26188],[-78.34023,44.26213],[-78.33055,44.26446],[-78.33022,44.26386],[-78.33481,44.25927],[-78.332,44.2528],[-78.31393,44.25807],[-78.31025,44.26379],[-78.30341,44.26551],[-78.30582,44.27073],[-78.28997,44.27433],[-78.29122,44.27694],[-78.28246,44.27934],[-78.28564,44.2858],[-78.28336,44.2879],[-78.27741,44.28931],[-78.27872,44.29201],[-78.27622,44.29424],[-78.27739,44.29518],[-78.27299,44.29622],[-78.27346,44.29911],[-78.27466,44.30169],[-78.28254,44.29971],[-78.2932,44.32231],[-78.13207,44.36142],[-78.1156,44.36559],[-78.11616,44.36673],[-78.11089,44.36811],[-77.92561,44.41515],[-77.91308,44.38939],[-77.84702,44.40456],[-77.80729,44.4108],[-77.77608,44.42279],[-77.72743,44.43658]]]},"properties":{"ed_id":86,"electoral_district":"Peterborough—Kawartha","electoral_district_fr":"Peterborough—Kawartha","overall_y2020_pct_attached":89.16293812489171,"overall_y2020_pct_unattached":10.83706187510829,"overall_y2020_n_attached":87484,"overall_y2020_n_unattached":10633,"overall_y2020_n_total":98117,"overall_y2020_fsa_count":4,"overall_y2020_fsa_with_data":4,"overall_y2022_pct_attached":85.35107746535287,"overall_y2022_pct_unattached":14.648922534647122,"overall_y2022_n_attached":85235,"overall_y2022_n_unattached":14629,"overall_y2022_n_total":99864,"overall_y2022_fsa_count":4,"overall_y2022_fsa_with_data":4,"overall_change_pct_attached":-3.811860659538837,"children_y2020_pct_attached":92.10606895707024,"children_y2020_pct_unattached":7.893931042929757,"children_y2020_n_attached":15040,"children_y2020_n_unattached":1289,"children_y2020_n_total":16329,"children_y2020_fsa_count":4,"children_y2020_fsa_with_data":4,"children_y2022_pct_attached":87.56984079303093,"children_y2022_pct_unattached":12.43015920696906,"children_y2022_n_attached":14576,"children_y2022_n_unattached":2069,"children_y2022_n_total":16645,"children_y2022_fsa_count":4,"children_y2022_fsa_with_data":4,"children_change_pct_attached":-4.536228164039301,"adults_y2020_pct_attached":88.57534112583754,"adults_y2020_pct_unattached":11.42465887416247,"adults_y2020_n_attached":72444,"adults_y2020_n_unattached":9344,"adults_y2020_n_total":81788,"adults_y2020_fsa_count":4,"adults_y2020_fsa_with_data":4,"adults_y2022_pct_attached":84.90729280572947,"adults_y2022_pct_unattached":15.092707194270538,"adults_y2022_n_attached":70659,"adults_y2022_n_unattached":12560,"adults_y2022_n_total":83219,"adults_y2022_fsa_count":4,"adults_y2022_fsa_with_data":4,"adults_change_pct_attached":-3.6680483201080705,"has_data":true,"name":"Peterborough—Kawartha"}},
{"type":"Feature","geometry":{"type":"Polygon","coordinates":[[[-77.6411,43.99284],[-77.62508,43.99717],[-77.56603,43.87861],[-77.51347,43.87489],[-77.49631,43.87093],[-77.32804,43.8211],[-77.23218,43.80665],[-77.20755,43.80353],[-77.14803,43.79817],[-77.00431,43.80358],[-76.99128,43.80527],[-76.79744,43.8656],[-76.5825,43.90936],[-76.5064,44.0076],[-76.53194,44.05293],[-76.55163,44.04961],[-76.6349,44.03228],[-76.75812,44.0111],[-76.8372,44.13282],[-76.86376,44.11883],[-76.87827,44.10978],[-76.89126,44.10496],[-76.91508,44.09423],[-76.92803,44.08348],[-76.94898,44.06965],[-76.95777,44.06264],[-76.96201,44.06056],[-76.97162,44.05704],[-77,44.0514],[-77.02098,44.0447],[-77.04161,44.04308],[-77.0546,44.04431],[-77.06599,44.0493],[-77.08041,44.05955],[-77.0842,44.06339],[-77.08543,44.06589],[-77.08704,44.0707],[-77.08696,44.07358],[-77.08559,44.07904],[-77.07955,44.08868],[-77.07196,44.10722],[-77.06976,44.1255],[-77.05624,44.15268],[-77.04992,44.17964],[-77.05042,44.18451],[-77.05276,44.18527],[-77.05678,44.18526],[-77.05996,44.18431],[-77.07177,44.17804],[-77.10908,44.16758],[-77.12427,44.16432],[-77.14231,44.158],[-77.15239,44.15579],[-77.17117,44.15651],[-77.17675,44.15572],[-77.19454,44.15086],[-77.21314,44.14746],[-77.22208,44.14671],[-77.23418,44.1476],[-77.24645,44.17207],[-77.25098,44.17083],[-77.24897,44.1728],[-77.25163,44.17679],[-77.24871,44.17666],[-77.26945,44.21828],[-77.28038,44.22153],[-77.28736,44.22213],[-77.29283,44.22143],[-77.35832,44.2058],[-77.38266,44.19638],[-77.41161,44.18873],[-77.47297,44.31449],[-77.54172,44.29757],[-77.53979,44.29574],[-77.53729,44.29042],[-77.56381,44.28372],[-77.56743,44.29123],[-77.6462,44.27217],[-77.65081,44.27106],[-77.63931,44.2482],[-77.64194,44.24863],[-77.64715,44.25119],[-77.64888,44.25482],[-77.65139,44.25634],[-77.65677,44.2575],[-77.66188,44.25716],[-77.67114,44.25829],[-77.67861,44.26346],[-77.68219,44.26404],[-77.6845,44.26349],[-77.68981,44.25952],[-77.69257,44.25854],[-77.70057,44.25852],[-77.71181,44.26049],[-77.7145,44.25802],[-77.71169,44.25245],[-77.72212,44.24973],[-77.72284,44.24632],[-77.72677,44.24279],[-77.73395,44.23931],[-77.73645,44.23711],[-77.73863,44.23599],[-77.7439,44.2353],[-77.75486,44.23644],[-77.72692,44.18072],[-77.7287,44.18026],[-77.68488,44.09222],[-77.68876,44.09127],[-77.66422,44.03811],[-77.66163,44.03864],[-77.6411,43.99284]]]},"properties":{"ed_id":6,"electoral_district":"Bay of Quinte","electoral_district_fr":"Baie de Quinte","overall_y2020_pct_attached":84.04691591243319,"overall_y2020_pct_unattached":15.953084087566804,"overall_y2020_n_attached":70296,"overall_y2020_n_unattached":13343,"overall_y2020_n_total":83639,"overall_y2020_fsa_count":4,"overall_y2020_fsa_with_data":4,"overall_y2022_pct_attached":78.89662560257096,"overall_y2022_pct_unattached":21.103374397429032,"overall_y2022_n_attached":67758,"overall_y2022_n_unattached":18124,"overall_y2022_n_total":85882,"overall_y2022_fsa_count":4,"overall_y2022_fsa_with_data":4,"overall_change_pct_attached":-5.150290309862228,"children_y2020_pct_attached":89.06072928471436,"children_y2020_pct_unattached":10.939270715285648,"children_y2020_n_attached":13360,"children_y2020_n_unattached":1641,"children_y2020_n_total":15001,"children_y2020_fsa_count":4,"children_y2020_fsa_with_data":4,"children_y2022_pct_attached":84.33656110965715,"children_y2022_pct_unattached":15.663438890342842,"children_y2022_n_attached":12890,"children_y2022_n_unattached":2394,"children_y2022_n_total":15284,"children_y2022_fsa_count":4,"children_y2022_fsa_with_data":4,"children_change_pct_attached":-4.724168175057201,"adults_y2020_pct_attached":82.95113493982925,"adults_y2020_pct_unattached":17.04886506017075,"adults_y2020_n_attached":56936,"adults_y2020_n_unattached":11702,"adults_y2020_n_total":68638,"adults_y2020_fsa_count":4,"adults_y2020_fsa_with_data":4,"adults_y2022_pct_attached":77.71891555001558,"adults_y2022_pct_unattached":22.28108444998442,"adults_y2022_n_attached":54868,"adults_y2022_n_unattached":15730,"adults_y2022_n_total":70598,"adults_y2022_fsa_count":4,"adults_y2022_fsa_with_data":4,"adults_change_pct_attached":-5.232219389813665,"has_data":true,"name":"Bay of Quinte"}},
{"type":"Feature","geometry":{"type":"Polygon","coordinates":[[[-75.59494,45.08442],[-75.60768,45.09903],[-75.62834,45.12564],[-75.62805,45.121],[-75.61938,45.10767],[-75.61877,45.10296],[-75.62115,45.09788],[-75.62385,45.09505],[-75.63635,45.08825],[-75.63947,45.0799],[-75.63959,45.07348],[-75.6436,45.06725],[-75.65362,45.06087],[-75.67075,45.05538],[-75.67731,45.05076],[-75.68023,45.04722],[-75.68562,45.04713],[-75.6877,45.04784],[-75.68952,45.04727],[-75.6918,45.0422],[-75.69782,45.03678],[-75.69735,45.03334],[-75.70018,45.02903],[-75.70303,45.02656],[-75.70818,45.02371],[-75.71446,45.02209],[-75.71833,45.02009],[-75.72429,45.01985],[-75.73008,45.0167],[-75.73394,45.01314],[-75.74852,45.00821],[-75.75169,45.00507],[-75.75775,45.00219],[-75.75853,45.00281],[-75.7588,45.00047],[-75.76452,44.99798],[-75.76496,44.99419],[-75.76919,44.98997],[-75.78557,44.98329],[-75.78895,44.98266],[-75.79612,44.98276],[-75.79922,44.98196],[-75.80115,44.98024],[-75.80596,44.97953],[-75.81267,44.97422],[-75.8135,44.96944],[-75.8211,44.96713],[-75.81934,44.9645],[-75.81945,44.9618],[-75.81902,44.96006],[-75.81646,44.95814],[-75.81633,44.95627],[-75.8177,44.95249],[-75.81976,44.95081],[-75.82102,44.9466],[-75.82636,44.94028],[-75.82728,44.93642],[-75.83186,44.92846],[-75.83169,44.926],[-75.83578,44.92633],[-75.83645,44.92511],[-75.84395,44.93138],[-75.85454,44.92516],[-75.84674,44.91877],[-75.84762,44.91827],[-75.84725,44.91576],[-75.85206,44.91498],[-75.85809,44.9155],[-75.86085,44.91092],[-75.86677,44.90906],[-75.87032,44.90663],[-75.87711,44.89421],[-75.87862,44.885],[-75.88306,44.87995],[-75.88522,44.8742],[-75.88829,44.87121],[-75.89346,44.86919],[-75.90447,44.86967],[-75.91434,44.86827],[-75.91967,44.86967],[-75.92214,44.87176],[-75.926,44.87753],[-75.92751,44.88195],[-75.92661,44.88662],[-75.92757,44.8874],[-75.92967,44.88676],[-75.9362,44.88669],[-75.94178,44.88468],[-75.94669,44.88117],[-75.95021,44.87633],[-75.9537,44.87342],[-75.95821,44.8713],[-75.96259,44.87053],[-75.97169,44.87093],[-75.98009,44.87249],[-75.98179,44.87413],[-75.98326,44.87943],[-75.98826,44.88103],[-75.99189,44.88404],[-75.99587,44.884],[-75.9969,44.88575],[-75.99672,44.89049],[-75.9999,44.89082],[-76.00359,44.89236],[-76.00506,44.8869],[-76.00711,44.88806],[-76.0095,44.88655],[-76.0056,44.88318],[-76.01057,44.88007],[-76.01178,44.88107],[-76.01509,44.88025],[-76.0149,44.87928],[-76.01674,44.8785],[-76.01655,44.87751],[-76.02574,44.88504],[-76.03547,44.87832],[-76.03724,44.87973],[-76.03165,44.89074],[-76.03402,44.89166],[-76.03416,44.89105],[-76.03587,44.89145],[-76.03766,44.89346],[-76.04333,44.89366],[-76.04437,44.89734],[-76.04783,44.90024],[-76.05207,44.90001],[-76.05365,44.89893],[-76.05547,44.89481],[-76.05831,44.89663],[-76.05987,44.89672],[-76.05871,44.89264],[-76.05996,44.89156],[-76.0632,44.89099],[-76.06472,44.89186],[-76.0735,44.89251],[-76.07778,44.88812],[-76.07936,44.8829],[-76.08198,44.88303],[-76.08557,44.88055],[-76.08423,44.8679],[-76.08948,44.86774],[-76.09513,44.87248],[-76.09727,44.87076],[-76.10506,44.87042],[-76.11225,44.86822],[-76.1231,44.86036],[-76.12758,44.85417],[-76.13459,44.84958],[-76.14761,44.84573],[-76.1668,44.83521],[-76.17338,44.82667],[-76.17994,44.82319],[-76.18271,44.81822],[-76.18715,44.81538],[-76.18851,44.81066],[-76.19981,44.8013],[-76.20048,44.79023],[-76.22726,44.74679],[-76.23744,44.73285],[-76.24536,44.72611],[-76.25491,44.72032],[-76.27132,44.71293],[-76.28835,44.70395],[-76.29081,44.7034],[-76.3197,44.72607],[-76.40322,44.79397],[-76.47005,44.7547],[-76.46623,44.75131],[-76.52215,44.7184],[-76.50065,44.69941],[-76.46229,44.66322],[-76.30966,44.52582],[-76.29139,44.51244],[-76.26464,44.49106],[-76.25564,44.49684],[-76.24851,44.45604],[-76.24784,44.44685],[-76.24853,44.44686],[-76.24328,44.40885],[-76.24046,44.37966],[-76.23547,44.35146],[-76.23534,44.33121],[-76.2341,44.30502],[-76.21064,44.30824],[-76.20118,44.30693],[-76.19133,44.30089],[-76.19973,44.29543],[-76.16181,44.28072],[-76.13117,44.29639],[-76.12944,44.29514],[-76.11819,44.29492],[-76.11183,44.29808],[-76.09697,44.29972],[-76.0455,44.33181],[-76.008,44.34419],[-76.00111,44.34786],[-75.98608,44.34689],[-75.98194,44.34747],[-75.98022,44.34603],[-75.97844,44.3465],[-75.97503,44.346],[-75.97292,44.34303],[-75.97019,44.34253],[-75.94972,44.34897],[-75.94083,44.35467],[-75.92953,44.35931],[-75.92167,44.36875],[-75.91283,44.36781],[-75.86992,44.39617],[-75.82139,44.43206],[-75.80758,44.47169],[-75.76692,44.51528],[-75.72586,44.54383],[-75.69933,44.56572],[-75.66133,44.59272],[-75.62003,44.61872],[-75.50492,44.70536],[-75.47611,44.72078],[-75.42364,44.75608],[-75.41372,44.77217],[-75.39653,44.7735],[-75.38786,44.77958],[-75.36994,44.78297],[-75.36958,44.78775],[-75.35815,44.79742],[-75.4183,44.86938],[-75.49532,44.96924],[-75.52386,45.00336],[-75.56196,45.04529],[-75.59494,45.08442]]]},"properties":{"ed_id":52,"electoral_district":"Leeds—Grenville—Thousand Islands and Rideau Lakes","electoral_district_fr":"Leeds—Grenville—Thousand Islands et Rideau Lakes","overall_y2020_pct_attached":92.20997103675077,"overall_y2020_pct_unattached":7.790028963249227,"overall_y2020_n_attached":110474,"overall_y2020_n_unattached":9333,"overall_y2020_n_total":119807,"overall_y2020_fsa_count":5,"overall_y2020_fsa_with_data":5,"overall_y2022_pct_attached":91.18571232400909,"overall_y2022_pct_unattached":8.814287675990922,"overall_y2022_n_attached":112887,"overall_y2022_n_unattached":10912,"overall_y2022_n_total":123799,"overall_y2022_fsa_count":5,"overall_y2022_fsa_with_data":5,"overall_change_pct_attached":-1.024258712741684,"children_y2020_pct_attached":94.46352377978978,"children_y2020_pct_unattached":5.536476220210219,"children_y2020_n_attached":18154,"children_y2020_n_unattached":1064,"children_y2020_n_total":19218,"children_y2020_fsa_count":5,"children_y2020_fsa_with_data":5,"children_y2022_pct_attached":91.29972130732202,"children_y2022_pct_unattached":8.700278692677983,"children_y2022_n_attached":18018,"children_y2022_n_unattached":1717,"children_y2022_n_total":19735,"children_y2022_fsa_count":5,"children_y2022_fsa_with_data":5,"children_change_pct_attached":-3.163802472467765,"adults_y2020_pct_attached":91.77941922078955,"adults_y2020_pct_unattached":8.220580779210449,"adults_y2020_n_attached":92320,"adults_y2020_n_unattached":8269,"adults_y2020_n_total":100589,"adults_y2020_fsa_count":5,"adults_y2020_fsa_with_data":5,"adults_y2022_pct_attached":91.16409132841329,"adults_y2022_pct_unattached":8.835908671586717,"adults_y2022_n_attached":94869,"adults_y2022_n_unattached":9195,"adults_y2022_n_total":104064,"adults_y2022_fsa_count":5,"adults_y2022_fsa_with_data":5,"adults_change_pct_attached":-0.6153278923762571,"has_data":true,"name":"Leeds—Grenville—Thousand Islands and Rideau Lakes"}},
{"type":"Feature","geometry":{"type":"Polygon","coordinates":[[[-81.07461,48.2765],[-81.0746,48.27699],[-80.81272,48.27707],[-80.81314,48.53778],[-80.81225,48.53778],[-80.81142,48.62375],[-80.81607,48.62481],[-80.92117,48.62503],[-80.91521,48.64855],[-80.93642,48.66613],[-80.93824,48.66931],[-80.93097,48.68292],[-80.94337,48.70284],[-80.94336,48.71132],[-81.20361,48.71128],[-81.3347,48.711],[-81.3347,48.7116],[-81.7272,48.7112],[-81.7273,48.4507],[-81.7264,48.4506],[-81.7264,48.27715],[-81.5964,48.27729],[-81.59642,48.27829],[-81.33565,48.27707],[-81.07461,48.2765]]]},"properties":{"ed_id":108,"electoral_district":"Timmins","electoral_district_fr":"Timmins","overall_y2020_pct_attached":88.53195164075993,"overall_y2020_pct_unattached":11.46804835924007,"overall_y2020_n_attached":38445,"overall_y2020_n_unattached":4980,"overall_y2020_n_total":43425,"overall_y2020_fsa_count":4,"overall_y2020_fsa_with_data":4,"overall_y2022_pct_attached":83.70607028753993,"overall_y2022_pct_unattached":16.293929712460063,"overall_y2022_n_attached":36680,"overall_y2022_n_unattached":7140,"overall_y2022_n_total":43820,"overall_y2022_fsa_count":4,"overall_y2022_fsa_with_data":4,"overall_change_pct_attached":-4.825881353219998,"children_y2020_pct_attached":91.29265011617953,"children_y2020_pct_unattached":8.707349883820473,"children_y2020_n_attached":7465,"children_y2020_n_unattached":712,"children_y2020_n_total":8177,"children_y2020_fsa_count":4,"children_y2020_fsa_with_data":4,"children_y2022_pct_attached":85.72834645669292,"children_y2022_pct_unattached":14.271653543307087,"children_y2022_n_attached":6968,"children_y2022_n_unattached":1160,"children_y2022_n_total":8128,"children_y2022_fsa_count":4,"children_y2022_fsa_with_data":4,"children_change_pct_attached":-5.564303659486612,"adults_y2020_pct_attached":87.89151157512482,"adults_y2020_pct_unattached":12.108488424875171,"adults_y2020_n_attached":30980,"adults_y2020_n_unattached":4268,"adults_y2020_n_total":35248,"adults_y2020_fsa_count":4,"adults_y2020_fsa_with_data":4,"adults_y2022_pct_attached":83.24554522021742,"adults_y2022_pct_unattached":16.754454779782584,"adults_y2022_n_attached":29712,"adults_y2022_n_unattached":5980,"adults_y2022_n_total":35692,"adults_y2022_fsa_count":4,"adults_y2022_fsa_with_data":4,"adults_change_pct_attached":-4.645966354907401,"has_data":true,"name":"Timmins"}},
{"type":"Feature","geometry":{"type":"Polygon","coordinates":[[[-88.77809,48.20383],[-88.67922,48.24395],[-88.36862,48.30561],[-87.25714,47.87664],[-87.00957,48.04671],[-86.71493,48.24697],[-86.26863,48.54592],[-86.26833,48.55229],[-86.26713,48.55451],[-86.25035,48.56339],[-86.24303,48.56604],[-86.24265,48.56829],[-86.23962,48.56868],[-86.23893,48.56308],[-86.23558,48.56177],[-86.23281,48.55852],[-86.22928,48.55632],[-86.22653,48.54944],[-86.22792,48.54685],[-86.22713,48.5459],[-86.22382,48.54515],[-86.21691,48.5462],[-86.21378,48.54574],[-86.21173,48.54731],[-86.21391,48.54912],[-86.21384,48.55065],[-86.20859,48.54938],[-86.20409,48.55308],[-86.20193,48.5536],[-86.20142,48.55233],[-86.20529,48.54825],[-86.20462,48.54308],[-86.2017,48.53946],[-86.19808,48.5373],[-86.1965,48.53721],[-86.1908,48.53918],[-86.1808,48.53897],[-86.17956,48.53815],[-86.1708,48.53638],[-86.16427,48.53672],[-86.15903,48.53608],[-86.15217,48.53246],[-86.15028,48.53236],[-86.14442,48.53451],[-86.1411,48.53661],[-86.12925,48.54563],[-86.11887,48.55019],[-86.11698,48.55055],[-86.11279,48.54929],[-86.1118,48.55023],[-86.10542,48.55164],[-86.10229,48.55337],[-86.09175,48.55607],[-86.09016,48.55971],[-86.08856,48.56079],[-86.08701,48.56153],[-86.08298,48.56058],[-86.07992,48.56099],[-86.06909,48.57023],[-86.05995,48.57014],[-86.05184,48.56572],[-86.04581,48.56397],[-86.03672,48.55764],[-86.03573,48.55372],[-86.03394,48.55158],[-86.03626,48.54759],[-86.03506,48.54158],[-86.02831,48.54183],[-86.01925,48.54387],[-86.01503,48.54336],[-86.00943,48.53972],[-86.00329,48.53375],[-86.00199,48.53127],[-86.00248,48.52858],[-86.00155,48.52539],[-86.0063,48.52212],[-86.00534,48.51725],[-86.00357,48.51726],[-86,48.52008],[-86,48.88863],[-86.34676,48.888],[-86.34676,49.14459],[-86.34676,49.579],[-85.8395,49.58011],[-85.332,49.579],[-85.33291,49.59169],[-85.33168,49.59168],[-85.33228,49.7087],[-85.33388,49.96957],[-85.7374,49.96988],[-86.14341,49.96921],[-86.54796,49.96987],[-86.54865,50.3734],[-86.55187,51.03683],[-86.55283,51.23324],[-86.55424,51.51619],[-86.59898,51.49904],[-86.63544,51.4962],[-86.6816,51.48355],[-86.7381,51.46069],[-86.73461,51.44446],[-86.72036,51.42546],[-86.75849,51.4138],[-86.78246,51.41443],[-86.80314,51.40224],[-86.81739,51.39666],[-86.84381,51.39022],[-86.87869,51.39133],[-86.89538,51.40218],[-86.90015,51.41454],[-86.91946,51.4122],[-86.94448,51.42238],[-86.96617,51.41994],[-87.00063,51.40426],[-87.00273,51.40393],[-87.01078,51.39908],[-87.01377,51.39843],[-87.0205,51.39151],[-87.01916,51.38643],[-87.01714,51.38385],[-87.01851,51.38495],[-87.02194,51.38262],[-87.02588,51.38275],[-87.02625,51.38079],[-87.03197,51.38104],[-87.03589,51.37901],[-87.03945,51.37571],[-87.03725,51.37401],[-87.03922,51.37474],[-87.04257,51.37177],[-87.04646,51.37042],[-87.04649,51.36888],[-87.04455,51.36747],[-87.04762,51.36401],[-87.05254,51.36121],[-87.05327,51.35785],[-87.05572,51.35603],[-87.0743,51.34994],[-87.07954,51.34973],[-87.0797,51.35074],[-87.08849,51.35168],[-87.08967,51.35256],[-87.09692,51.3488],[-87.09785,51.3469],[-87.10203,51.34653],[-87.1058,51.34525],[-87.1064,51.34269],[-87.11554,51.33383],[-87.12938,51.32897],[-87.13139,51.32484],[-87.13087,51.32366],[-87.12837,51.32394],[-87.126,51.32211],[-87.11904,51.32144],[-87.11589,51.32006],[-87.1163,51.31699],[-87.11803,51.31591],[-87.11743,51.3148],[-87.11405,51.31365],[-87.11313,51.31108],[-87.11105,51.30978],[-87.11312,51.30765],[-87.12201,51.30449],[-87.12366,51.30427],[-87.12466,51.305],[-87.1249,51.30386],[-87.12532,51.30546],[-87.12785,51.30515],[-87.12923,51.30778],[-87.13126,51.30811],[-87.13542,51.30567],[-87.13689,51.30223],[-87.14241,51.29946],[-87.14803,51.29951],[-87.1512,51.3015],[-87.15819,51.30066],[-87.16472,51.30148],[-87.16889,51.30051],[-87.17249,51.30171],[-87.17674,51.29939],[-87.17857,51.30053],[-87.18056,51.30034],[-87.18156,51.29937],[-87.18612,51.29894],[-87.18773,51.29821],[-87.18759,51.29597],[-87.18863,51.29534],[-87.19223,51.29592],[-87.19174,51.29741],[-87.19488,51.29777],[-87.19569,51.29913],[-87.20054,51.2989],[-87.19923,51.29885],[-87.19982,51.29812],[-87.19864,51.29855],[-87.19762,51.29792],[-87.1969,51.29411],[-87.20877,51.29136],[-87.21601,51.28862],[-87.22004,51.28592],[-87.2272,51.28411],[-87.23148,51.28209],[-87.23879,51.28239],[-87.23978,51.28111],[-87.24175,51.28053],[-87.24079,51.27854],[-87.23702,51.27879],[-87.23398,51.27758],[-87.23301,51.27632],[-87.23392,51.27317],[-87.24304,51.27315],[-87.24357,51.27406],[-87.24613,51.27379],[-87.24755,51.27464],[-87.24784,51.27658],[-87.24565,51.2774],[-87.24238,51.28111],[-87.24981,51.28013],[-87.25647,51.27637],[-87.26196,51.27449],[-87.26519,51.27468],[-87.27051,51.27231],[-87.27405,51.27301],[-87.27839,51.27134],[-87.28139,51.27218],[-87.28445,51.27123],[-87.28659,51.27161],[-87.29128,51.26987],[-87.29886,51.26964],[-87.30242,51.2685],[-87.30499,51.26927],[-87.30716,51.27168],[-87.31008,51.27095],[-87.31278,51.27131],[-87.32364,51.26872],[-87.32556,51.26731],[-87.32978,51.26755],[-87.3317,51.2659],[-87.33432,51.26655],[-87.33706,51.26578],[-87.34023,51.26638],[-87.34177,51.2652],[-87.34645,51.26424],[-87.34902,51.26282],[-87.35292,51.26279],[-87.3528,51.26226],[-87.35563,51.26148],[-87.35575,51.26204],[-87.35769,51.26205],[-87.35782,51.26077],[-87.36397,51.26116],[-87.36616,51.26288],[-87.36843,51.26117],[-87.37006,51.2611],[-87.36938,51.26029],[-87.37061,51.25943],[-87.37641,51.26144],[-87.37865,51.2595],[-87.38486,51.26001],[-87.38809,51.2595],[-87.39182,51.26004],[-87.39495,51.26168],[-87.39683,51.25935],[-87.39922,51.25854],[-87.4031,51.25914],[-87.41129,51.25707],[-87.41858,51.2565],[-87.42012,51.25485],[-87.42454,51.25373],[-87.42624,51.25185],[-87.43036,51.25023],[-87.43105,51.24907],[-87.43017,51.24886],[-87.43226,51.24839],[-87.43191,51.24957],[-87.44614,51.24488],[-87.44888,51.24506],[-87.44932,51.24622],[-87.45169,51.24576],[-87.45228,51.24929],[-87.45569,51.24786],[-87.45577,51.24858],[-87.45748,51.24832],[-87.45784,51.2489],[-87.45631,51.24972],[-87.45784,51.25021],[-87.46257,51.2476],[-87.46398,51.24565],[-87.46509,51.24627],[-87.46596,51.24581],[-87.46595,51.24761],[-87.46705,51.2484],[-87.46947,51.24841],[-87.4696,51.24717],[-87.46824,51.24686],[-87.46853,51.24518],[-87.47061,51.24467],[-87.47032,51.24198],[-87.47087,51.24252],[-87.47163,51.24207],[-87.47222,51.24383],[-87.4746,51.24276],[-87.47422,51.24385],[-87.47059,51.24611],[-87.47077,51.24688],[-87.47225,51.24709],[-87.47198,51.24871],[-87.47357,51.24905],[-87.47493,51.24852],[-87.47413,51.24748],[-87.47565,51.24759],[-87.47524,51.24672],[-87.4774,51.24612],[-87.47909,51.24659],[-87.4796,51.24527],[-87.48319,51.24475],[-87.48366,51.2458],[-87.48459,51.24567],[-87.49293,51.24199],[-87.50136,51.2399],[-87.50256,51.24024],[-87.50242,51.24114],[-87.50425,51.24138],[-87.50989,51.23907],[-87.51195,51.24002],[-87.5123,51.24127],[-87.51903,51.23805],[-87.51959,51.23934],[-87.52139,51.23906],[-87.52091,51.2385],[-87.52278,51.23771],[-87.52286,51.23872],[-87.525,51.23944],[-87.52854,51.23806],[-87.53265,51.23838],[-87.536,51.23659],[-87.53916,51.23752],[-87.54207,51.23665],[-87.54668,51.23261],[-87.54734,51.23339],[-87.55089,51.23215],[-87.55158,51.23398],[-87.55337,51.23474],[-87.55516,51.2324],[-87.55488,51.22983],[-87.55575,51.22991],[-87.55637,51.2329],[-87.55828,51.23366],[-87.55795,51.23474],[-87.55324,51.23583],[-87.55219,51.2346],[-87.5492,51.2349],[-87.54799,51.23621],[-87.54502,51.23642],[-87.54517,51.23577],[-87.54126,51.23776],[-87.53776,51.23785],[-87.53671,51.23879],[-87.53507,51.24196],[-87.53709,51.24303],[-87.54055,51.24204],[-87.54148,51.24076],[-87.54431,51.24114],[-87.54859,51.23882],[-87.55255,51.23832],[-87.54601,51.24278],[-87.54466,51.24304],[-87.54254,51.24201],[-87.53525,51.24619],[-87.53506,51.24679],[-87.5369,51.24734],[-87.53921,51.24731],[-87.53924,51.25049],[-87.53827,51.25163],[-87.52968,51.25407],[-87.52885,51.25625],[-87.53227,51.2585],[-87.52868,51.26044],[-87.52912,51.26228],[-87.53531,51.26307],[-87.54013,51.26165],[-87.54443,51.25809],[-87.54779,51.2594],[-87.5563,51.2573],[-87.55672,51.25862],[-87.55325,51.26033],[-87.55905,51.2607],[-87.56172,51.25932],[-87.56583,51.25893],[-87.56473,51.2619],[-87.56648,51.26296],[-87.56952,51.26317],[-87.56726,51.26479],[-87.56674,51.26657],[-87.57162,51.26973],[-87.57181,51.27144],[-87.58655,51.27038],[-87.58869,51.27087],[-87.58876,51.27192],[-87.59061,51.27244],[-87.59667,51.27131],[-87.6008,51.27251],[-87.60304,51.27176],[-87.60206,51.27267],[-87.60314,51.27354],[-87.60251,51.27474],[-87.60461,51.27534],[-87.60805,51.27447],[-87.61122,51.27484],[-87.61306,51.27383],[-87.61646,51.27401],[-87.6176,51.27454],[-87.61314,51.2746],[-87.61488,51.277],[-87.61302,51.2792],[-87.61486,51.27859],[-87.61774,51.28065],[-87.61948,51.28031],[-87.62211,51.27743],[-87.62079,51.28022],[-87.63248,51.27968],[-87.63611,51.28069],[-87.64046,51.27746],[-87.64126,51.279],[-87.64344,51.27906],[-87.64611,51.28039],[-87.65218,51.28007],[-87.64826,51.28137],[-87.6484,51.28214],[-87.64983,51.28222],[-87.64938,51.28331],[-87.64432,51.28389],[-87.6444,51.28503],[-87.64745,51.28688],[-87.64495,51.28784],[-87.64783,51.28933],[-87.64595,51.29046],[-87.64845,51.29102],[-87.64663,51.29678],[-87.64819,51.2979],[-87.64816,51.29947],[-87.65424,51.3018],[-87.6543,51.3035],[-87.656,51.30364],[-87.65528,51.30444],[-87.65923,51.30828],[-87.65923,51.30966],[-87.66143,51.31057],[-87.66224,51.30948],[-87.66374,51.30973],[-87.6637,51.31228],[-87.66581,51.31132],[-87.66757,51.31206],[-87.66971,51.31117],[-87.6767,51.31103],[-87.6776,51.31064],[-87.67707,51.30998],[-87.68016,51.30927],[-87.68109,51.30995],[-87.68239,51.30853],[-87.68374,51.30891],[-87.68335,51.30982],[-87.68441,51.31027],[-87.6916,51.30801],[-87.69828,51.30753],[-87.70024,51.30631],[-87.70202,51.30738],[-87.70523,51.30631],[-87.7064,51.30547],[-87.70576,51.30398],[-87.7081,51.30216],[-87.70982,51.30202],[-87.71304,51.30481],[-87.70877,51.30599],[-87.70945,51.3078],[-87.70783,51.31006],[-87.69525,51.31372],[-87.68856,51.3139],[-87.68644,51.3155],[-87.67926,51.31524],[-87.67912,51.3167],[-87.681,51.31671],[-87.68104,51.3177],[-87.6767,51.31907],[-87.67592,51.32083],[-87.682,51.32213],[-87.68309,51.32426],[-87.68648,51.32349],[-87.69053,51.32458],[-87.6912,51.32595],[-87.68978,51.32787],[-87.68828,51.32833],[-87.69092,51.32857],[-87.69139,51.32928],[-87.68841,51.33145],[-87.69014,51.33167],[-87.69001,51.33404],[-87.69122,51.33499],[-87.69942,51.33266],[-87.7004,51.33363],[-87.70343,51.33356],[-87.70427,51.33509],[-87.70699,51.3363],[-87.71185,51.33542],[-87.7075,51.33671],[-87.70851,51.33939],[-87.71099,51.33981],[-87.71164,51.34111],[-87.72263,51.33816],[-87.72388,51.33966],[-87.72287,51.34153],[-87.72113,51.34199],[-87.72218,51.34286],[-87.72961,51.34188],[-87.73418,51.34365],[-87.7393,51.34339],[-87.74214,51.3441],[-87.74296,51.34626],[-87.74168,51.34827],[-87.74443,51.35058],[-87.74549,51.35505],[-87.74686,51.35653],[-87.74625,51.35833],[-87.74464,51.35923],[-87.7456,51.35981],[-87.75377,51.36154],[-87.76107,51.36104],[-87.76326,51.36221],[-87.76521,51.36208],[-87.76974,51.36082],[-87.77463,51.35659],[-87.78425,51.35329],[-87.78783,51.35072],[-87.79481,51.34947],[-87.79433,51.34886],[-87.79262,51.34906],[-87.79434,51.34808],[-87.79688,51.34867],[-87.80649,51.3459],[-87.80921,51.34621],[-87.80986,51.34771],[-87.80691,51.34928],[-87.80995,51.34904],[-87.81592,51.35037],[-87.81318,51.35045],[-87.8098,51.3494],[-87.80675,51.34986],[-87.80527,51.3487],[-87.80526,51.35064],[-87.8018,51.35105],[-87.7983,51.3545],[-87.80052,51.35469],[-87.79744,51.35612],[-87.79888,51.35663],[-87.79825,51.35745],[-87.79525,51.35823],[-87.79517,51.36108],[-87.79129,51.36247],[-87.79287,51.36685],[-87.8014,51.3738],[-87.79851,51.37582],[-87.79642,51.37623],[-87.79756,51.37726],[-87.79321,51.37824],[-87.79272,51.37919],[-87.79509,51.38238],[-87.79393,51.38748],[-87.7958,51.38842],[-87.79597,51.39005],[-87.79482,51.39123],[-87.79794,51.39178],[-87.79917,51.39272],[-87.79847,51.39392],[-87.80048,51.39617],[-87.79944,51.39824],[-87.79507,51.40034],[-87.81642,51.40488],[-87.82242,51.40476],[-87.82909,51.40681],[-87.83457,51.40624],[-87.83373,51.40736],[-87.83508,51.40718],[-87.8373,51.40859],[-87.84528,51.4086],[-87.84901,51.40956],[-87.84963,51.41127],[-87.8525,51.41116],[-87.85705,51.41027],[-87.85931,51.40895],[-87.8642,51.40927],[-87.86277,51.40741],[-87.86446,51.40557],[-87.86781,51.4068],[-87.87324,51.40608],[-87.87553,51.40833],[-87.87716,51.40369],[-87.88294,51.40287],[-87.88672,51.39947],[-87.88905,51.39854],[-87.88842,51.39787],[-87.88985,51.39569],[-87.89351,51.39607],[-87.8933,51.39444],[-87.89457,51.39312],[-87.89728,51.39429],[-87.90052,51.39334],[-87.90637,51.39365],[-87.90798,51.39253],[-87.90855,51.38979],[-87.91172,51.38833],[-87.91652,51.38748],[-87.91797,51.39024],[-87.92037,51.38967],[-87.9191,51.38861],[-87.91957,51.38782],[-87.92268,51.38771],[-87.92637,51.38513],[-87.92925,51.3851],[-87.93087,51.3859],[-87.93316,51.38474],[-87.9355,51.38492],[-87.93615,51.38382],[-87.93861,51.38395],[-87.94017,51.38659],[-87.93472,51.38855],[-87.93269,51.39035],[-87.93488,51.38937],[-87.93607,51.38987],[-87.9402,51.38888],[-87.94169,51.39068],[-87.94006,51.39223],[-87.94436,51.39126],[-87.94622,51.39394],[-87.94929,51.39441],[-87.94996,51.39582],[-87.94675,51.39955],[-87.94418,51.39981],[-87.94269,51.40163],[-87.93502,51.40545],[-87.93544,51.40822],[-87.93335,51.40948],[-87.92804,51.4106],[-87.92004,51.41054],[-87.91567,51.40881],[-87.91405,51.40633],[-87.91109,51.40498],[-87.89813,51.40322],[-87.89508,51.40207],[-87.89143,51.40335],[-87.89064,51.40446],[-87.89169,51.40559],[-87.88738,51.40768],[-87.88817,51.41011],[-87.88245,51.4119],[-87.8802,51.41498],[-87.87874,51.41549],[-87.8718,51.41472],[-87.86499,51.41595],[-87.85899,51.41571],[-87.85015,51.41431],[-87.84561,51.41261],[-87.84118,51.41296],[-87.8378,51.41161],[-87.8349,51.41188],[-87.82542,51.40918],[-87.82445,51.41007],[-87.81871,51.41086],[-87.81733,51.41197],[-87.81513,51.41477],[-87.81663,51.41705],[-87.81495,51.41883],[-87.81725,51.42043],[-87.82316,51.42185],[-87.82413,51.42387],[-87.83046,51.42595],[-87.8303,51.42762],[-87.83172,51.42755],[-87.83196,51.42857],[-87.83485,51.4286],[-87.83454,51.43239],[-87.83708,51.43263],[-87.84072,51.43181],[-87.84432,51.43371],[-87.85127,51.4353],[-87.85441,51.43397],[-87.85703,51.43481],[-87.85917,51.43311],[-87.86412,51.43381],[-87.86662,51.43529],[-87.86693,51.43672],[-87.86022,51.43917],[-87.8607,51.44102],[-87.86495,51.44203],[-87.87304,51.44202],[-87.87602,51.44138],[-87.87796,51.442],[-87.88358,51.44555],[-87.88132,51.44993],[-87.88687,51.44992],[-87.89067,51.44913],[-87.89545,51.44949],[-87.89728,51.44859],[-87.90023,51.44996],[-87.90279,51.45009],[-87.90916,51.44751],[-87.91248,51.44738],[-87.91428,51.44813],[-87.91259,51.44987],[-87.91399,51.45141],[-87.91644,51.45231],[-87.91643,51.45418],[-87.91802,51.4545],[-87.9168,51.45695],[-87.9213,51.45897],[-87.92404,51.45889],[-87.93742,51.45384],[-87.94119,51.45368],[-87.94166,51.45497],[-87.94284,51.45503],[-87.94311,51.45675],[-87.94085,51.46045],[-87.94313,51.46075],[-87.94557,51.45964],[-87.94642,51.46301],[-87.94557,51.46637],[-87.94361,51.46779],[-87.94133,51.46816],[-87.94059,51.46996],[-87.94355,51.47381],[-87.94866,51.47375],[-87.95124,51.47455],[-87.95163,51.47621],[-87.95511,51.47791],[-87.96476,51.47539],[-87.96922,51.47601],[-87.97138,51.47806],[-87.97051,51.47875],[-87.97211,51.47889],[-87.97098,51.48013],[-87.97447,51.48035],[-87.97258,51.48199],[-87.97514,51.48177],[-87.97586,51.48275],[-87.98667,51.48114],[-87.99269,51.48264],[-87.99199,51.4838],[-87.98903,51.48485],[-87.98063,51.48484],[-87.97644,51.486],[-87.97522,51.4885],[-87.97871,51.48981],[-87.98364,51.48927],[-87.98682,51.4881],[-87.98704,51.48956],[-87.98615,51.48982],[-87.98797,51.49073],[-87.99832,51.4885],[-87.99981,51.48939],[-87.99928,51.4902],[-88.00338,51.49291],[-88.00559,51.49213],[-88.00867,51.49334],[-88.01072,51.49276],[-88.01606,51.49568],[-88.01641,51.49687],[-88.01801,51.49606],[-88.02495,51.49736],[-88.02839,51.49631],[-88.03425,51.49231],[-88.03713,51.49193],[-88.0284,51.48873],[-88.02704,51.48687],[-88.02847,51.48596],[-88.03861,51.49162],[-88.03925,51.49063],[-88.0549,51.48525],[-88.0591,51.48446],[-88.06262,51.4854],[-88.0687,51.485],[-88.07592,51.48145],[-88.07971,51.48092],[-88.08225,51.47928],[-88.08419,51.48041],[-88.08841,51.47982],[-88.09108,51.48114],[-88.09181,51.48277],[-88.09391,51.48332],[-88.09622,51.48242],[-88.09762,51.48315],[-88.09725,51.48387],[-88.09968,51.48414],[-88.10251,51.48563],[-88.10543,51.48368],[-88.11105,51.48503],[-88.11156,51.48293],[-88.11363,51.48327],[-88.117,51.48147],[-88.11679,51.47718],[-88.12072,51.47724],[-88.12069,51.47575],[-88.12572,51.47332],[-88.13245,51.47337],[-88.13478,51.47149],[-88.13878,51.47045],[-88.14301,51.46621],[-88.14748,51.46479],[-88.15013,51.46523],[-88.14112,51.46873],[-88.14075,51.46967],[-88.14642,51.46889],[-88.14941,51.4676],[-88.15468,51.46811],[-88.15776,51.46719],[-88.16069,51.46729],[-88.16245,51.46632],[-88.16748,51.46652],[-88.17029,51.46482],[-88.17533,51.46342],[-88.17642,51.46418],[-88.17579,51.46502],[-88.17831,51.46498],[-88.17847,51.46209],[-88.18071,51.46137],[-88.18191,51.45991],[-88.18306,51.46008],[-88.18402,51.45817],[-88.18351,51.4568],[-88.17993,51.45729],[-88.17789,51.45662],[-88.17285,51.45817],[-88.17265,51.45742],[-88.17033,51.4574],[-88.17064,51.45562],[-88.16854,51.45462],[-88.17353,51.45496],[-88.17277,51.4527],[-88.17469,51.4506],[-88.17754,51.45145],[-88.1785,51.45004],[-88.18207,51.45044],[-88.18395,51.44982],[-88.18515,51.45022],[-88.18301,51.45118],[-88.1843,51.45153],[-88.18268,51.45238],[-88.18373,51.45266],[-88.19052,51.45196],[-88.19298,51.45069],[-88.19631,51.45034],[-88.19672,51.45242],[-88.19974,51.45151],[-88.2022,51.45251],[-88.20746,51.45249],[-88.21055,51.45393],[-88.21443,51.45268],[-88.21612,51.45335],[-88.21782,51.45297],[-88.21957,51.45154],[-88.21125,51.45086],[-88.20753,51.45162],[-88.2043,51.4508],[-88.20547,51.44909],[-88.21203,51.44892],[-88.2148,51.4475],[-88.21951,51.44834],[-88.2213,51.44519],[-88.22333,51.44569],[-88.22351,51.44637],[-88.22257,51.44628],[-88.22368,51.44659],[-88.22789,51.44552],[-88.23096,51.44599],[-88.23317,51.44509],[-88.2329,51.4463],[-88.23471,51.44722],[-88.23469,51.44848],[-88.23029,51.44911],[-88.22823,51.45068],[-88.22153,51.45117],[-88.22037,51.45294],[-88.22301,51.45384],[-88.21822,51.45426],[-88.21848,51.45541],[-88.2202,51.45522],[-88.2214,51.45659],[-88.22487,51.45417],[-88.22929,51.45479],[-88.22995,51.45628],[-88.22743,51.457],[-88.22922,51.45767],[-88.22942,51.46077],[-88.22577,51.46124],[-88.2195,51.46394],[-88.21778,51.46314],[-88.21833,51.46185],[-88.21515,51.46336],[-88.21275,51.4626],[-88.21001,51.46349],[-88.20721,51.46202],[-88.20468,51.46222],[-88.20445,51.4639],[-88.20071,51.46483],[-88.20077,51.46605],[-88.19824,51.46592],[-88.19716,51.46701],[-88.19306,51.46803],[-88.19364,51.47156],[-88.19479,51.47185],[-88.19543,51.47073],[-88.19711,51.47042],[-88.19954,51.47293],[-88.20165,51.4711],[-88.20704,51.47198],[-88.20927,51.47139],[-88.20926,51.47078],[-88.21431,51.4712],[-88.21995,51.46993],[-88.2183,51.47313],[-88.22305,51.47306],[-88.22623,51.47383],[-88.22829,51.47285],[-88.22901,51.47396],[-88.23129,51.47467],[-88.23383,51.4727],[-88.23737,51.47257],[-88.23938,51.47355],[-88.24348,51.4729],[-88.2432,51.47369],[-88.24501,51.47354],[-88.24627,51.47216],[-88.24652,51.47294],[-88.24405,51.47426],[-88.24735,51.47576],[-88.24641,51.4767],[-88.25044,51.47633],[-88.25063,51.47544],[-88.25258,51.47602],[-88.26082,51.47579],[-88.26758,51.47692],[-88.27208,51.47616],[-88.26914,51.47898],[-88.26976,51.47961],[-88.27544,51.47829],[-88.27917,51.47574],[-88.27748,51.47345],[-88.27529,51.47397],[-88.2733,51.47287],[-88.26935,51.47269],[-88.26766,51.47162],[-88.27505,51.47061],[-88.28318,51.47252],[-88.27835,51.47108],[-88.27909,51.47049],[-88.28462,51.47259],[-88.27919,51.47445],[-88.28178,51.47505],[-88.28484,51.47448],[-88.28714,51.4756],[-88.28732,51.47466],[-88.2908,51.47566],[-88.29604,51.47464],[-88.30174,51.47758],[-88.30853,51.47775],[-88.3115,51.48004],[-88.31891,51.47852],[-88.32107,51.47632],[-88.32158,51.47827],[-88.32453,51.47841],[-88.32152,51.48015],[-88.3226,51.48065],[-88.32208,51.4817],[-88.32352,51.48236],[-88.32062,51.48311],[-88.32315,51.48425],[-88.32962,51.48299],[-88.33422,51.48112],[-88.33552,51.47938],[-88.33969,51.4771],[-88.3379,51.47594],[-88.33856,51.47447],[-88.33683,51.47338],[-88.33749,51.47233],[-88.35078,51.4656],[-88.35217,51.46568],[-88.35321,51.46687],[-88.35945,51.46716],[-88.35492,51.46766],[-88.3555,51.46932],[-88.35198,51.46953],[-88.35085,51.47086],[-88.34555,51.47074],[-88.34524,51.47149],[-88.3426,51.47176],[-88.35026,51.47534],[-88.37811,51.46962],[-88.38091,51.47019],[-88.38176,51.47212],[-88.3787,51.47338],[-88.37572,51.47329],[-88.37664,51.47463],[-88.37782,51.47476],[-88.3887,51.47275],[-88.3912,51.47291],[-88.39197,51.47229],[-88.39516,51.47245],[-88.39951,51.47071],[-88.40442,51.47064],[-88.40495,51.47016],[-88.40326,51.47001],[-88.4048,51.46674],[-88.40663,51.46574],[-88.40848,51.46673],[-88.40851,51.46423],[-88.40871,51.46742],[-88.40996,51.46854],[-88.41237,51.46824],[-88.41225,51.46626],[-88.41703,51.46666],[-88.42007,51.46504],[-88.42155,51.46621],[-88.41987,51.46821],[-88.41048,51.46928],[-88.40908,51.46866],[-88.40782,51.46971],[-88.4087,51.47167],[-88.40797,51.47237],[-88.40552,51.47174],[-88.40362,51.47274],[-88.39731,51.47341],[-88.39611,51.4743],[-88.39648,51.47622],[-88.39977,51.47725],[-88.40324,51.47593],[-88.40565,51.47687],[-88.40568,51.47936],[-88.40469,51.48068],[-88.40241,51.48124],[-88.40336,51.48307],[-88.40131,51.48511],[-88.40529,51.4853],[-88.409,51.48854],[-88.412,51.48803],[-88.41831,51.48899],[-88.42302,51.48868],[-88.42302,51.48938],[-88.42471,51.48973],[-88.42694,51.48872],[-88.4269,51.49049],[-88.43478,51.49027],[-88.43772,51.49156],[-88.44012,51.49102],[-88.44774,51.49464],[-88.45351,51.49438],[-88.45637,51.49498],[-88.45744,51.49602],[-88.45789,51.49451],[-88.45954,51.49496],[-88.46151,51.49443],[-88.46353,51.49631],[-88.47082,51.49642],[-88.47566,51.49787],[-88.48207,51.49821],[-88.48264,51.49966],[-88.48564,51.49931],[-88.48494,51.49877],[-88.48792,51.49713],[-88.4935,51.49659],[-88.49436,51.49459],[-88.49638,51.49348],[-88.49788,51.49445],[-88.49714,51.4956],[-88.49842,51.4959],[-88.49819,51.49427],[-88.50184,51.49219],[-88.50715,51.49156],[-88.51301,51.49274],[-88.51526,51.49502],[-88.51232,51.49622],[-88.5108,51.49855],[-88.51282,51.49945],[-88.51383,51.50132],[-88.52522,51.50381],[-88.52944,51.507],[-88.52915,51.50756],[-88.5275,51.50605],[-88.52657,51.50749],[-88.52405,51.50796],[-88.52314,51.50957],[-88.52692,51.51015],[-88.52668,51.51246],[-88.52579,51.51359],[-88.52071,51.51513],[-88.52821,51.51563],[-88.52979,51.52005],[-88.5275,51.52241],[-88.53218,51.52215],[-88.53536,51.52584],[-88.54249,51.52713],[-88.54302,51.52906],[-88.54128,51.53125],[-88.54233,51.53179],[-88.54444,51.53144],[-88.54532,51.53303],[-88.54827,51.53382],[-88.55058,51.53555],[-88.55105,51.53824],[-88.55676,51.54048],[-88.55618,51.54302],[-88.55232,51.54341],[-88.54409,51.547],[-88.54009,51.54736],[-88.53844,51.54682],[-88.53486,51.5478],[-88.53511,51.54973],[-88.53831,51.55017],[-88.54086,51.55211],[-88.55092,51.55151],[-88.55914,51.55008],[-88.56297,51.55157],[-88.56369,51.55286],[-88.56822,51.55382],[-88.56855,51.55487],[-88.57421,51.55629],[-88.57458,51.55511],[-88.58254,51.5524],[-88.58386,51.55062],[-88.58704,51.55043],[-88.58881,51.54903],[-88.60219,51.55095],[-88.60865,51.54393],[-88.61252,51.54411],[-88.61694,51.54268],[-88.62148,51.54386],[-88.6236,51.5434],[-88.6258,51.54435],[-88.62568,51.54513],[-88.62053,51.54669],[-88.62412,51.54726],[-88.63148,51.54422],[-88.6325,51.54467],[-88.63458,51.54215],[-88.64352,51.53982],[-88.65424,51.53851],[-88.65591,51.53897],[-88.65662,51.54037],[-88.66174,51.54047],[-88.66188,51.54194],[-88.6661,51.54325],[-88.67153,51.54349],[-88.67437,51.54503],[-88.67619,51.545],[-88.67737,51.54624],[-88.68242,51.54637],[-88.68527,51.54772],[-88.69779,51.54697],[-88.70395,51.54394],[-88.70838,51.54358],[-88.71102,51.54474],[-88.71826,51.54482],[-88.71916,51.54592],[-88.71831,51.54679],[-88.72364,51.54896],[-88.72346,51.54998],[-88.72646,51.54956],[-88.7279,51.54793],[-88.73026,51.5481],[-88.73146,51.54711],[-88.73385,51.54691],[-88.73596,51.54724],[-88.73928,51.54937],[-88.74327,51.54934],[-88.74863,51.55117],[-88.74927,51.55054],[-88.75407,51.5506],[-88.75557,51.55145],[-88.75069,51.55141],[-88.75976,51.55212],[-88.7477,51.55195],[-88.74641,51.55137],[-88.74575,51.55369],[-88.74286,51.55409],[-88.74161,51.55676],[-88.73853,51.55811],[-88.7471,51.55664],[-88.76784,51.55699],[-88.78033,51.55506],[-88.78958,51.5563],[-88.79632,51.55635],[-88.80567,51.55349],[-88.81461,51.55214],[-88.8301,51.55659],[-88.83448,51.55466],[-88.83833,51.54913],[-88.84431,51.54709],[-88.84795,51.54308],[-88.84787,51.54007],[-88.84332,51.53697],[-88.84264,51.53549],[-88.849,51.53081],[-88.84973,51.52907],[-88.84832,51.5256],[-88.85237,51.51938],[-88.85136,51.51591],[-88.85451,51.51432],[-88.85421,51.51258],[-88.85736,51.51124],[-88.85767,51.5091],[-88.8578,51.50973],[-88.86078,51.50903],[-88.86288,51.50972],[-88.86818,51.50925],[-88.87777,51.50414],[-88.87975,51.50493],[-88.88229,51.50463],[-88.88801,51.50187],[-88.89019,51.49988],[-88.89702,51.49752],[-88.9032,51.49782],[-88.90673,51.49611],[-88.91278,51.49461],[-88.91339,51.49328],[-88.9197,51.49203],[-88.91955,51.49115],[-88.92192,51.48941],[-88.92945,51.48658],[-88.935,51.48804],[-88.93839,51.48811],[-88.94006,51.48898],[-88.94221,51.48872],[-88.94836,51.48207],[-88.95344,51.48034],[-88.96005,51.47989],[-88.96727,51.48112],[-88.97225,51.47787],[-88.976,51.46863],[-88.97858,51.46585],[-88.9835,51.46303],[-88.98348,51.46151],[-88.98103,51.45859],[-88.98523,51.45542],[-88.98317,51.45413],[-88.98374,51.45239],[-88.98205,51.45083],[-88.98566,51.44886],[-88.98801,51.44866],[-88.98698,51.44741],[-88.98795,51.44551],[-88.99001,51.44493],[-88.98867,51.44228],[-88.9945,51.43926],[-88.99662,51.43931],[-88.99449,51.43801],[-88.99621,51.43561],[-89.00226,51.43369],[-89.00545,51.43066],[-89.0086,51.43036],[-89.01272,51.42831],[-89.01511,51.42953],[-89.01396,51.43101],[-89.01478,51.43228],[-89.01245,51.4323],[-89.00977,51.43126],[-89.00996,51.43416],[-89.01172,51.43341],[-89.01315,51.43369],[-89.01262,51.43423],[-89.019,51.43359],[-89.01895,51.43285],[-89.02234,51.43202],[-89.02218,51.43299],[-89.02393,51.43277],[-89.02309,51.43244],[-89.02309,51.43185],[-89.02422,51.43226],[-89.02291,51.43086],[-89.02359,51.43063],[-89.02706,51.43213],[-89.02787,51.43447],[-89.02346,51.43979],[-89.02415,51.44068],[-89.02323,51.4424],[-89.02062,51.44365],[-89.01824,51.44345],[-89.01764,51.44268],[-89.01632,51.44377],[-89.01217,51.4433],[-89.00953,51.44447],[-89.0074,51.444],[-89.00476,51.44071],[-89.00474,51.43729],[-89.00393,51.43816],[-89.00506,51.44378],[-89.00383,51.44723],[-89.00559,51.44947],[-89.00918,51.45076],[-89.00847,51.45279],[-89.00962,51.45373],[-89.00839,51.45346],[-89.01125,51.45441],[-89.01525,51.45885],[-89.01405,51.461],[-89.01694,51.46554],[-89.015,51.47026],[-89.0165,51.47388],[-89.01516,51.47584],[-89.01072,51.47805],[-89.01485,51.47993],[-89.01567,51.48317],[-89.01193,51.48653],[-89.00347,51.48995],[-88.98986,51.49792],[-88.99212,51.49929],[-88.99169,51.50103],[-88.99747,51.50508],[-88.99477,51.50884],[-88.99878,51.50919],[-89.01326,51.50515],[-89.01814,51.50613],[-89.02707,51.50636],[-89.04179,51.51125],[-89.04651,51.51512],[-89.04124,51.52057],[-89.04294,51.52339],[-89.0558,51.52255],[-89.06474,51.52103],[-89.07132,51.5224],[-89.07607,51.52477],[-89.07508,51.5248],[-89.07673,51.5261],[-89.08319,51.52483],[-89.09399,51.52697],[-89.09785,51.5254],[-89.1025,51.52528],[-89.10751,51.52787],[-89.10922,51.52707],[-89.10828,51.52638],[-89.1088,51.52528],[-89.11348,51.52487],[-89.11664,51.52236],[-89.12611,51.51806],[-89.13351,51.51324],[-89.13828,51.50662],[-89.13817,51.50808],[-89.13944,51.50504],[-89.13849,51.50505],[-89.14383,51.49902],[-89.14538,51.49533],[-89.14901,51.49301],[-89.15659,51.49009],[-89.15862,51.48825],[-89.15881,51.48648],[-89.16246,51.4832],[-89.16438,51.47611],[-89.17314,51.46731],[-89.17656,51.46052],[-89.18269,51.45473],[-89.18532,51.44766],[-89.187,51.44706],[-89.18524,51.44507],[-89.18723,51.43901],[-89.18617,51.43691],[-89.18694,51.43532],[-89.18397,51.43328],[-89.18502,51.43091],[-89.18797,51.42852],[-89.19303,51.42625],[-89.19927,51.42566],[-89.20469,51.42621],[-89.20674,51.42815],[-89.20948,51.42817],[-89.21555,51.42549],[-89.22045,51.42967],[-89.22354,51.43107],[-89.22744,51.42919],[-89.23112,51.42956],[-89.23764,51.4284],[-89.24154,51.42927],[-89.24469,51.4322],[-89.24853,51.43211],[-89.2509,51.43038],[-89.25276,51.43033],[-89.2515,51.43138],[-89.25492,51.43156],[-89.26044,51.42631],[-89.26079,51.42435],[-89.26591,51.42191],[-89.26873,51.42177],[-89.26628,51.42223],[-89.2672,51.42244],[-89.27217,51.42195],[-89.27734,51.41931],[-89.27973,51.4188],[-89.28033,51.41926],[-89.2826,51.418],[-89.28559,51.42028],[-89.28809,51.41928],[-89.28868,51.42102],[-89.29309,51.42416],[-89.29107,51.42688],[-89.28451,51.43009],[-89.28778,51.43343],[-89.29333,51.43105],[-89.29843,51.43114],[-89.31098,51.42471],[-89.31643,51.42436],[-89.32099,51.42591],[-89.32161,51.42128],[-89.31883,51.41912],[-89.31925,51.41722],[-89.33017,51.40701],[-89.33802,51.405],[-89.33965,51.40324],[-89.35026,51.39781],[-89.35204,51.39559],[-89.35567,51.39547],[-89.35808,51.39443],[-89.36071,51.39499],[-89.36354,51.3928],[-89.36686,51.39264],[-89.37346,51.38922],[-89.37971,51.38387],[-89.38358,51.38188],[-89.3881,51.38098],[-89.38909,51.38184],[-89.39067,51.38183],[-89.39544,51.3796],[-89.39617,51.37857],[-89.39402,51.37895],[-89.39465,51.37845],[-89.39971,51.3766],[-89.40634,51.37275],[-89.40841,51.37229],[-89.40961,51.37317],[-89.40923,51.37004],[-89.4101,51.36916],[-89.4179,51.36767],[-89.43236,51.36048],[-89.43513,51.35757],[-89.44101,51.3551],[-89.44543,51.34973],[-89.45749,51.34482],[-89.46161,51.33997],[-89.46732,51.33716],[-89.46893,51.33772],[-89.47465,51.33676],[-89.47979,51.33472],[-89.48313,51.33078],[-89.48708,51.32895],[-89.48782,51.32625],[-89.49023,51.32442],[-89.49065,51.32201],[-89.49515,51.31657],[-89.50165,51.31419],[-89.50797,51.30718],[-89.51425,51.30217],[-89.52427,51.29967],[-89.52773,51.29736],[-89.5294,51.29502],[-89.5402,51.29038],[-89.54552,51.28621],[-89.54837,51.28542],[-89.55774,51.27931],[-89.56731,51.28026],[-89.57095,51.27904],[-89.57883,51.27426],[-89.57926,51.27178],[-89.57521,51.26588],[-89.57842,51.26051],[-89.57759,51.25592],[-89.5762,51.25442],[-89.57211,51.25261],[-89.56938,51.24834],[-89.57176,51.24584],[-89.57817,51.24361],[-89.58104,51.2403],[-89.5841,51.23855],[-89.58164,51.23854],[-89.58048,51.23694],[-89.57722,51.23842],[-89.57427,51.23807],[-89.57277,51.23663],[-89.57073,51.23723],[-89.57129,51.23525],[-89.5697,51.23521],[-89.56905,51.23388],[-89.57182,51.22707],[-89.57715,51.22298],[-89.58597,51.2208],[-89.58599,51.21997],[-89.58602,51.22129],[-89.58805,51.22306],[-89.58741,51.22454],[-89.59049,51.22299],[-89.59115,51.22382],[-89.59247,51.22293],[-89.5978,51.22289],[-89.60105,51.22464],[-89.60788,51.22289],[-89.60999,51.22165],[-89.61294,51.2226],[-89.61254,51.22161],[-89.61414,51.22063],[-89.61375,51.21925],[-89.61574,51.21669],[-89.62046,51.21459],[-89.62232,51.21214],[-89.62629,51.21081],[-89.62691,51.21011],[-89.62521,51.20979],[-89.62562,51.20817],[-89.62727,51.20722],[-89.62982,51.20777],[-89.63004,51.20528],[-89.6314,51.20471],[-89.63253,51.20535],[-89.63352,51.20337],[-89.64075,51.19963],[-89.64346,51.19558],[-89.64836,51.19165],[-89.65125,51.19172],[-89.65826,51.19494],[-89.6584,51.19678],[-89.65629,51.19965],[-89.64764,51.20642],[-89.64845,51.20701],[-89.65033,51.20653],[-89.6516,51.20829],[-89.64807,51.20883],[-89.64576,51.21003],[-89.6442,51.20985],[-89.6448,51.21046],[-89.64344,51.21146],[-89.64704,51.21242],[-89.64437,51.21422],[-89.64364,51.21601],[-89.64027,51.21625],[-89.63621,51.2183],[-89.63346,51.22354],[-89.63201,51.22425],[-89.62858,51.22416],[-89.62387,51.22577],[-89.61882,51.22938],[-89.61564,51.22927],[-89.61302,51.2317],[-89.60617,51.23374],[-89.60622,51.2378],[-89.60971,51.2388],[-89.612,51.24229],[-89.61012,51.24495],[-89.60481,51.24891],[-89.60124,51.25006],[-89.60322,51.25165],[-89.60104,51.25418],[-89.60335,51.25602],[-89.61063,51.25697],[-89.61472,51.25634],[-89.63231,51.24682],[-89.6526,51.24004],[-89.66549,51.23107],[-89.66803,51.23137],[-89.6679,51.23278],[-89.67056,51.23318],[-89.6707,51.23391],[-89.67313,51.23331],[-89.67423,51.23055],[-89.67795,51.2278],[-89.67722,51.22442],[-89.67916,51.22304],[-89.68024,51.22532],[-89.6837,51.22511],[-89.68351,51.22709],[-89.68973,51.22791],[-89.69115,51.22734],[-89.69228,51.22951],[-89.69477,51.22926],[-89.69817,51.23032],[-89.69966,51.22935],[-89.70285,51.23008],[-89.70587,51.2285],[-89.70873,51.22427],[-89.71794,51.21872],[-89.72003,51.21918],[-89.72142,51.21844],[-89.72234,51.21878],[-89.72133,51.21957],[-89.72607,51.21965],[-89.72711,51.22127],[-89.72846,51.22149],[-89.73688,51.21788],[-89.74055,51.21819],[-89.74847,51.21312],[-89.74758,51.21428],[-89.75621,51.21437],[-89.75654,51.21495],[-89.7594,51.21437],[-89.76565,51.21683],[-89.76755,51.21677],[-89.76785,51.21745],[-89.77289,51.21692],[-89.77439,51.21739],[-89.78406,51.21501],[-89.78414,51.21667],[-89.78704,51.21651],[-89.79107,51.21462],[-89.79211,51.21596],[-89.79118,51.2163],[-89.79255,51.21628],[-89.79355,51.21472],[-89.79302,51.21307],[-89.80026,51.20842],[-89.79932,51.20957],[-89.80015,51.20947],[-89.8054,51.20348],[-89.80688,51.20356],[-89.80881,51.20224],[-89.80988,51.20261],[-89.81052,51.20163],[-89.81344,51.20061],[-89.8164,51.20291],[-89.81856,51.20291],[-89.8199,51.20129],[-89.82383,51.19992],[-89.8238,51.19916],[-89.82565,51.19915],[-89.82613,51.1977],[-89.82865,51.1976],[-89.83046,51.19853],[-89.83277,51.19523],[-89.83513,51.19524],[-89.83728,51.19387],[-89.83913,51.19419],[-89.84299,51.19045],[-89.8443,51.19095],[-89.84674,51.18974],[-89.85311,51.18523],[-89.85923,51.179],[-89.85723,51.17811],[-89.85805,51.17721],[-89.85842,51.17818],[-89.86017,51.17824],[-89.86754,51.17591],[-89.86893,51.17424],[-89.87143,51.17318],[-89.87265,51.17312],[-89.87373,51.17412],[-89.87948,51.17275],[-89.88197,51.17386],[-89.88571,51.17374],[-89.88744,51.17538],[-89.88999,51.17617],[-89.88986,51.17725],[-89.8915,51.17691],[-89.89231,51.1762],[-89.89132,51.17515],[-89.8955,51.17],[-89.89489,51.1621],[-89.89656,51.15853],[-89.89537,51.15732],[-89.88885,51.15721],[-89.88749,51.1555],[-89.88976,51.1535],[-89.89275,51.15371],[-89.90082,51.14916],[-89.9014,51.15],[-89.90438,51.14691],[-89.91002,51.1445],[-89.91683,51.14453],[-89.92,51.14605],[-89.91789,51.14812],[-89.91952,51.14755],[-89.92246,51.14786],[-89.91885,51.15214],[-89.92583,51.14871],[-89.9301,51.14972],[-89.93526,51.14884],[-89.93458,51.14983],[-89.93638,51.14975],[-89.93652,51.15258],[-89.93218,51.15609],[-89.9345,51.15543],[-89.93488,51.15625],[-89.93652,51.15642],[-89.93652,51.15764],[-89.93853,51.15839],[-89.93673,51.15905],[-89.93584,51.16091],[-89.93897,51.16169],[-89.93689,51.16272],[-89.93375,51.16154],[-89.9335,51.16227],[-89.92978,51.16257],[-89.9278,51.16445],[-89.93049,51.16461],[-89.93935,51.16839],[-89.94157,51.1672],[-89.94163,51.16527],[-89.94386,51.16547],[-89.94429,51.16665],[-89.94594,51.16705],[-89.9528,51.16497],[-89.95252,51.16171],[-89.95372,51.16044],[-89.95681,51.15977],[-89.96004,51.15695],[-89.96382,51.15588],[-89.95831,51.15458],[-89.95761,51.15363],[-89.9646,51.15246],[-89.96501,51.15148],[-89.96749,51.15055],[-89.9698,51.14703],[-89.9708,51.1473],[-89.97019,51.14546],[-89.97313,51.1474],[-89.97255,51.14895],[-89.9752,51.14813],[-89.97843,51.14898],[-89.98141,51.14771],[-89.98134,51.14616],[-89.98273,51.1449],[-89.98424,51.14565],[-89.98788,51.14429],[-89.99179,51.13944],[-89.99102,51.14233],[-89.99699,51.14319],[-90.00224,51.14033],[-90.00104,51.13902],[-89.99975,51.13892],[-90.00137,51.13723],[-90.00132,51.13605],[-90.00001,51.13641],[-89.99875,51.1352],[-89.99998,51.13284],[-89.99635,51.13171],[-89.99193,51.13304],[-89.99043,51.13456],[-89.98959,51.13642],[-89.995,51.13566],[-89.9936,51.13799],[-89.99109,51.13926],[-89.99393,51.13608],[-89.99185,51.13643],[-89.99175,51.13703],[-89.98909,51.13666],[-89.98999,51.13371],[-89.99251,51.13224],[-89.98968,51.13245],[-89.98869,51.13182],[-89.98938,51.12976],[-89.99144,51.12986],[-89.99164,51.13159],[-89.99405,51.13128],[-89.99799,51.12941],[-90.00073,51.12963],[-90.00241,51.12854],[-90.00454,51.12897],[-90.00834,51.12826],[-90.0081,51.12713],[-90.00933,51.12628],[-90.01301,51.12766],[-90.01085,51.12875],[-90.01317,51.12946],[-90.01303,51.13089],[-90.01499,51.12996],[-90.01715,51.13026],[-90.01805,51.12954],[-90.0207,51.12954],[-90.01755,51.13128],[-90.01672,51.13353],[-90.01906,51.13391],[-90.0182,51.13458],[-90.01824,51.13881],[-90.01985,51.14005],[-90.0224,51.14031],[-90.03297,51.13053],[-90.03675,51.12887],[-90.04083,51.12827],[-90.042,51.12686],[-90.04157,51.12501],[-90.04496,51.12125],[-90.04516,51.11924],[-90.05243,51.12171],[-90.05585,51.12139],[-90.06053,51.12205],[-90.06192,51.12155],[-90.06775,51.12243],[-90.06908,51.12173],[-90.07109,51.12268],[-90.07327,51.12215],[-90.07709,51.12283],[-90.07867,51.12216],[-90.07909,51.12283],[-90.08045,51.12269],[-90.08198,51.12189],[-90.08421,51.12309],[-90.09032,51.12208],[-90.09139,51.12264],[-90.096,51.12213],[-90.10054,51.12256],[-90.10177,51.12196],[-90.09878,51.12055],[-90.10046,51.11932],[-90.10215,51.11974],[-90.10168,51.12038],[-90.10489,51.11931],[-90.10825,51.12153],[-90.1098,51.12081],[-90.11302,51.12143],[-90.11607,51.12069],[-90.11789,51.11934],[-90.11914,51.11957],[-90.11966,51.12087],[-90.12952,51.12035],[-90.13425,51.11781],[-90.13607,51.11894],[-90.13835,51.11865],[-90.1392,51.11954],[-90.14061,51.11882],[-90.13752,51.12047],[-90.14368,51.12167],[-90.14296,51.12329],[-90.14152,51.12277],[-90.14002,51.12323],[-90.14198,51.1242],[-90.14142,51.12482],[-90.14359,51.12521],[-90.14735,51.12457],[-90.14589,51.12392],[-90.15034,51.1227],[-90.15039,51.12328],[-90.1534,51.1238],[-90.15258,51.12439],[-90.15409,51.12426],[-90.15344,51.12592],[-90.1569,51.12657],[-90.15673,51.12731],[-90.15464,51.12785],[-90.15687,51.12876],[-90.16106,51.12868],[-90.16211,51.12745],[-90.16382,51.1275],[-90.16539,51.12871],[-90.16495,51.13037],[-90.16245,51.13115],[-90.1612,51.13084],[-90.16056,51.13154],[-90.16243,51.13251],[-90.16513,51.13199],[-90.16644,51.13078],[-90.16549,51.13006],[-90.1663,51.12961],[-90.16672,50.91512],[-90.1662,50.49525],[-90.16634,50.3243],[-90.16814,50.06347],[-90.08292,50.06234],[-90.00007,50.06255],[-90,49.5984],[-90,49.17611],[-89.99557,49.1762],[-89.98919,49.17787],[-89.98641,49.17678],[-89.98694,49.17464],[-89.9926,49.17231],[-89.9948,49.16666],[-89.99433,49.16278],[-89.99045,49.16206],[-89.98901,49.16252],[-89.98444,49.16164],[-89.98181,49.16241],[-89.97889,49.1647],[-89.97358,49.16489],[-89.97148,49.16638],[-89.9696,49.16653],[-89.96717,49.16532],[-89.95974,49.16391],[-89.95901,49.16213],[-89.95452,49.16151],[-89.95196,49.15908],[-89.9487,49.15913],[-89.94668,49.16011],[-89.94301,49.16022],[-89.93955,49.16207],[-89.93351,49.16906],[-89.92725,49.16853],[-89.9205,49.16638],[-89.91641,49.16723],[-89.9128,49.16706],[-89.91046,49.16565],[-89.90462,49.1656],[-89.90296,49.1666],[-89.90116,49.16311],[-89.896,49.16319],[-89.89417,49.162],[-89.89636,49.15953],[-89.89779,49.1537],[-89.90722,49.14779],[-89.90866,49.14518],[-89.90685,49.14313],[-89.90601,49.13922],[-89.90096,49.13463],[-89.90036,49.13239],[-89.89776,49.13157],[-89.89606,49.12919],[-89.89521,49.12569],[-89.89118,49.12413],[-89.89231,49.12183],[-89.89608,49.11891],[-89.89297,49.11535],[-89.8848,49.11266],[-89.88507,49.11143],[-89.88953,49.11055],[-89.89031,49.10578],[-89.88419,49.1035],[-89.88113,49.10003],[-89.88228,49.09729],[-89.88129,49.09607],[-89.88157,49.0908],[-89.8735,49.08225],[-89.87752,49.07966],[-89.87766,49.07876],[-89.87542,49.07806],[-89.87449,49.07605],[-89.88009,49.06509],[-89.87939,49.06289],[-89.8811,49.06061],[-89.87917,49.05955],[-89.87777,49.05496],[-89.87982,49.05265],[-89.88469,49.05058],[-89.88627,49.04501],[-89.89097,49.04063],[-89.89246,49.03522],[-89.89363,49.03013],[-89.89281,49.02462],[-89.89362,49.02182],[-89.89147,49.01501],[-89.89219,49.00664],[-89.89466,48.99563],[-89.89685,48.99345],[-89.89494,48.99099],[-89.88503,48.99156],[-89.87961,48.98736],[-89.87946,48.98197],[-89.88055,48.98095],[-89.88965,48.9777],[-89.8921,48.97589],[-89.89526,48.97015],[-89.89403,48.96729],[-89.89232,48.96685],[-89.88937,48.96933],[-89.88416,48.96869],[-89.877,48.96962],[-89.87489,48.96429],[-89.8764,48.963],[-89.87459,48.96126],[-89.87455,48.9579],[-89.8736,48.95683],[-89.86983,48.95556],[-89.86883,48.95775],[-89.86746,48.95743],[-89.86659,48.95608],[-89.86515,48.9567],[-89.8637,48.95586],[-89.85731,48.95641],[-89.85618,48.95456],[-89.85603,48.95006],[-89.85483,48.94895],[-89.85184,48.94924],[-89.84542,48.9473],[-89.84038,48.94705],[-89.8366,48.94566],[-89.83349,48.94208],[-89.83205,48.94299],[-89.8283,48.94239],[-89.82862,48.9416],[-89.8316,48.94164],[-89.83219,48.94012],[-89.82955,48.94064],[-89.82748,48.93829],[-89.83184,48.939],[-89.83012,48.93788],[-89.83247,48.93495],[-89.83031,48.93231],[-89.83185,48.93242],[-89.83208,48.9308],[-89.82886,48.92888],[-89.8282,48.92698],[-89.82486,48.92566],[-89.82584,48.92178],[-89.82142,48.92109],[-89.81902,48.91865],[-89.81853,48.91615],[-89.81507,48.91627],[-89.81407,48.91524],[-89.81274,48.9152],[-89.8088,48.91713],[-89.80556,48.91586],[-89.80245,48.91802],[-89.79581,48.92039],[-89.78193,48.91995],[-89.77101,48.9234],[-89.76436,48.92449],[-89.75863,48.92248],[-89.75297,48.92199],[-89.7455,48.92639],[-89.73834,48.92709],[-89.73248,48.92903],[-89.72303,48.92941],[-89.72122,48.92825],[-89.71243,48.92798],[-89.70943,48.92648],[-89.70662,48.92656],[-89.70375,48.92249],[-89.70139,48.92108],[-89.70237,48.91941],[-89.70071,48.91858],[-89.7011,48.9173],[-89.7034,48.91527],[-89.6986,48.91301],[-89.69198,48.91317],[-89.68983,48.91502],[-89.68777,48.91508],[-89.68681,48.91431],[-89.6871,48.91281],[-89.67981,48.9123],[-89.67527,48.91047],[-89.67268,48.91093],[-89.67147,48.91193],[-89.67332,48.91315],[-89.67258,48.91401],[-89.6677,48.91274],[-89.66871,48.91056],[-89.66701,48.91039],[-89.66433,48.91263],[-89.66133,48.91275],[-89.66,48.91205],[-89.65683,48.91249],[-89.65226,48.91171],[-89.65137,48.91074],[-89.6473,48.91108],[-89.64757,48.90961],[-89.64467,48.90659],[-89.64086,48.9067],[-89.63861,48.90638],[-89.63783,48.90536],[-89.63152,48.90474],[-89.6296,48.90172],[-89.63455,48.89858],[-89.63407,48.89647],[-89.63252,48.89569],[-89.628,48.89779],[-89.6265,48.89667],[-89.62751,48.89523],[-89.62494,48.89405],[-89.6254,48.89246],[-89.62992,48.88887],[-89.62617,48.88819],[-89.62536,48.88726],[-89.62686,48.88684],[-89.62707,48.88591],[-89.63016,48.88528],[-89.63063,48.88399],[-89.62532,48.88285],[-89.62284,48.88343],[-89.6218,48.88254],[-89.62153,48.87703],[-89.62299,48.87399],[-89.62569,48.87343],[-89.6255,48.87189],[-89.62439,48.8716],[-89.62478,48.86923],[-89.62367,48.86835],[-89.62053,48.86804],[-89.61869,48.86707],[-89.62142,48.86507],[-89.61686,48.86013],[-89.61919,48.85931],[-89.61902,48.85739],[-89.62504,48.85059],[-89.62337,48.8469],[-89.62463,48.84451],[-89.62361,48.83914],[-89.62187,48.83522],[-89.61921,48.83399],[-89.61826,48.83079],[-89.61386,48.83423],[-89.61164,48.83266],[-89.60925,48.83352],[-89.60329,48.83342],[-89.60185,48.83398],[-89.59468,48.83102],[-89.5906,48.8307],[-89.58772,48.83155],[-89.58327,48.83048],[-89.57858,48.82803],[-89.57753,48.82342],[-89.57556,48.82141],[-89.57512,48.81821],[-89.57296,48.81461],[-89.5771,48.80943],[-89.57326,48.80713],[-89.5753,48.80623],[-89.57545,48.80477],[-89.57707,48.80465],[-89.57509,48.80196],[-89.57373,48.80151],[-89.57345,48.7964],[-89.57711,48.79701],[-89.58121,48.79969],[-89.58757,48.79749],[-89.59689,48.79122],[-89.59577,48.78988],[-89.59635,48.78684],[-89.59346,48.78758],[-89.59451,48.791],[-89.5934,48.79169],[-89.58405,48.79069],[-89.58208,48.78957],[-89.58182,48.78839],[-89.58301,48.78739],[-89.5881,48.78777],[-89.58878,48.78602],[-89.588,48.78518],[-89.58665,48.78603],[-89.58511,48.78479],[-89.59037,48.78332],[-89.58092,48.78065],[-89.58261,48.77907],[-89.58813,48.77788],[-89.59711,48.77308],[-89.59498,48.7732],[-89.59329,48.77455],[-89.58998,48.77439],[-89.587,48.77614],[-89.582,48.77711],[-89.58249,48.7753],[-89.57952,48.77543],[-89.58088,48.77469],[-89.58273,48.77109],[-89.58101,48.76946],[-89.5788,48.76885],[-89.57234,48.76982],[-89.56886,48.76871],[-89.56554,48.76956],[-89.56314,48.76625],[-89.56287,48.76248],[-89.55988,48.7608],[-89.55782,48.75783],[-89.55925,48.75428],[-89.55534,48.75435],[-89.55312,48.75228],[-89.55707,48.74726],[-89.55948,48.7468],[-89.56125,48.74527],[-89.55969,48.74411],[-89.56024,48.74346],[-89.57035,48.73952],[-89.57539,48.73945],[-89.57864,48.74018],[-89.58028,48.73946],[-89.57741,48.73716],[-89.57965,48.73396],[-89.5798,48.73151],[-89.57833,48.73049],[-89.58241,48.72958],[-89.58715,48.73033],[-89.58808,48.73135],[-89.5907,48.7316],[-89.59176,48.73342],[-89.59436,48.73291],[-89.59986,48.73552],[-89.59937,48.73669],[-89.59783,48.73597],[-89.59705,48.73767],[-89.59843,48.73906],[-89.60446,48.73897],[-89.60472,48.74017],[-89.60303,48.74039],[-89.6052,48.74078],[-89.60427,48.7416],[-89.60576,48.74245],[-89.60662,48.74183],[-89.6069,48.74271],[-89.60786,48.74235],[-89.60804,48.74325],[-89.60938,48.74312],[-89.6084,48.74441],[-89.60679,48.74442],[-89.60565,48.74712],[-89.60697,48.747],[-89.60741,48.74535],[-89.6104,48.74557],[-89.61043,48.7426],[-89.61305,48.74041],[-89.61296,48.73965],[-89.61076,48.73874],[-89.61292,48.73781],[-89.61472,48.73863],[-89.61584,48.73745],[-89.61287,48.73604],[-89.6084,48.73566],[-89.60769,48.7335],[-89.61133,48.73129],[-89.61216,48.73149],[-89.61177,48.73069],[-89.6139,48.72968],[-89.61363,48.72644],[-89.61178,48.72608],[-89.61105,48.72897],[-89.60741,48.73001],[-89.60649,48.7295],[-89.6071,48.72683],[-89.60363,48.72703],[-89.60334,48.72438],[-89.6029,48.72537],[-89.60104,48.72583],[-89.59792,48.72492],[-89.59742,48.72324],[-89.59892,48.72228],[-89.6467,48.72251],[-89.6465,48.67454],[-89.61102,48.67456],[-89.61109,48.66986],[-89.60332,48.66655],[-89.60263,48.6629],[-89.59618,48.65753],[-89.59515,48.65046],[-89.59336,48.64673],[-89.59432,48.6457],[-89.59786,48.64504],[-89.59828,48.64366],[-89.5971,48.63039],[-89.5944,48.62445],[-89.59504,48.62189],[-89.59771,48.6198],[-89.59719,48.61405],[-89.60195,48.61033],[-89.60127,48.60812],[-89.60547,48.60665],[-89.60688,48.60651],[-89.6115,48.60938],[-89.61454,48.60878],[-89.61314,48.60608],[-89.614,48.6034],[-89.61721,48.60202],[-89.62114,48.59715],[-89.61967,48.594],[-89.61648,48.59134],[-89.60936,48.591],[-89.61027,48.58774],[-89.61499,48.58522],[-89.61294,48.58367],[-89.61296,48.58118],[-89.60978,48.58168],[-89.60734,48.57687],[-89.6013,48.57506],[-89.59903,48.57211],[-89.59431,48.57037],[-89.59343,48.5677],[-89.59426,48.56579],[-89.5881,48.55919],[-89.5912,48.55558],[-89.58762,48.55193],[-89.59182,48.54338],[-89.5911,48.54186],[-89.59426,48.54018],[-89.59457,48.53935],[-89.59289,48.53845],[-89.5952,48.53595],[-89.59441,48.53464],[-89.59508,48.53198],[-89.59292,48.52552],[-89.59574,48.5212],[-89.59499,48.51399],[-89.57929,48.51602],[-89.42861,48.51496],[-89.18205,48.51458],[-89.18206,48.48377],[-89.18919,48.48262],[-89.21967,48.46434],[-89.22552,48.46178],[-89.22551,48.46351],[-89.25887,48.46311],[-89.27432,48.45558],[-89.27484,48.45197],[-89.27263,48.4519],[-89.2641,48.44339],[-89.28159,48.42798],[-89.28778,48.40545],[-89.28377,48.40487],[-89.24996,48.40679],[-89.2015,48.40642],[-89.15044,48.40702],[-89.15015,48.38486],[-89.06077,48.38588],[-89.10752,48.28298],[-88.77809,48.20383]]]},"properties":{"ed_id":106,"electoral_district":"Thunder Bay—Superior North","electoral_district_fr":"Thunder Bay—Supérieur-Nord","overall_y2020_pct_attached":80.81285537700865,"overall_y2020_pct_unattached":19.187144622991347,"overall_y2020_n_attached":81722,"overall_y2020_n_unattached":19403,"overall_y2020_n_total":101125,"overall_y2020_fsa_count":4,"overall_y2020_fsa_with_data":4,"overall_y2022_pct_attached":76.98899254652252,"overall_y2022_pct_unattached":23.01100745347747,"overall_y2022_n_attached":77986,"overall_y2022_n_unattached":23309,"overall_y2022_n_total":101295,"overall_y2022_fsa_count":4,"overall_y2022_fsa_with_data":4,"overall_change_pct_attached":-3.823862830486121,"children_y2020_pct_attached":81.8578059549417,"children_y2020_pct_unattached":18.142194045058304,"children_y2020_n_attached":14461,"children_y2020_n_unattached":3205,"children_y2020_n_total":17666,"children_y2020_fsa_count":4,"children_y2020_fsa_with_data":4,"children_y2022_pct_attached":75.7613354387548,"children_y2022_pct_unattached":24.23866456124521,"children_y2022_n_attached":13434,"children_y2022_n_unattached":4298,"children_y2022_n_total":17732,"children_y2022_fsa_count":4,"children_y2022_fsa_with_data":4,"children_change_pct_attached":-6.096470516186898,"adults_y2020_pct_attached":80.59166776501037,"adults_y2020_pct_unattached":19.408332234989636,"adults_y2020_n_attached":67261,"adults_y2020_n_unattached":16198,"adults_y2020_n_total":83459,"adults_y2020_fsa_count":4,"adults_y2020_fsa_with_data":4,"adults_y2022_pct_attached":77.2495003769611,"adults_y2022_pct_unattached":22.750499623038905,"adults_y2022_n_attached":64552,"adults_y2022_n_unattached":19011,"adults_y2022_n_total":83563,"adults_y2022_fsa_count":4,"adults_y2022_fsa_with_data":4,"adults_change_pct_attached":-3.342167388049276,"has_data":true,"name":"Thunder Bay—Superior North"}},
{"type":"Feature","geometry":{"type":"Polygon","coordinates":[[[-76.5064,44.0076],[-76.43894,44.09406],[-76.35286,44.13433],[-76.31272,44.19906],[-76.28667,44.20381],[-76.24547,44.20386],[-76.20683,44.215],[-76.19171,44.22142],[-76.16431,44.23983],[-76.16181,44.28072],[-76.19973,44.29543],[-76.19133,44.30089],[-76.20118,44.30693],[-76.21064,44.30824],[-76.2341,44.30502],[-76.23534,44.33121],[-76.28984,44.32599],[-76.34583,44.32163],[-76.38046,44.31597],[-76.38485,44.31454],[-76.41078,44.30235],[-76.41787,44.29489],[-76.43182,44.28818],[-76.47605,44.27718],[-76.49006,44.27012],[-76.4942,44.26909],[-76.51165,44.27028],[-76.5333,44.27593],[-76.54793,44.27786],[-76.56689,44.28396],[-76.57639,44.28913],[-76.58093,44.29015],[-76.58544,44.28978],[-76.59322,44.28765],[-76.63212,44.28723],[-76.66755,44.28508],[-76.64402,44.25022],[-76.63628,44.23729],[-76.53194,44.05293],[-76.5064,44.0076]]]},"properties":{"ed_id":46,"electoral_district":"Kingston and the Islands","electoral_district_fr":"Kingston et les Îles","overall_y2020_pct_attached":87.00859474386422,"overall_y2020_pct_unattached":12.99140525613578,"overall_y2020_n_attached":112168,"overall_y2020_n_unattached":16748,"overall_y2020_n_total":128916,"overall_y2020_fsa_count":4,"overall_y2020_fsa_with_data":4,"overall_y2022_pct_attached":85.1241066625682,"overall_y2022_pct_unattached":14.875893337431801,"overall_y2022_n_attached":110772,"overall_y2022_n_unattached":19358,"overall_y2022_n_total":130130,"overall_y2022_fsa_count":4,"overall_y2022_fsa_with_data":4,"overall_change_pct_attached":-1.884488081296027,"children_y2020_pct_attached":92.57140199088288,"children_y2020_pct_unattached":7.428598009117127,"children_y2020_n_attached":19901,"children_y2020_n_unattached":1597,"children_y2020_n_total":21498,"children_y2020_fsa_count":4,"children_y2020_fsa_with_data":4,"children_y2022_pct_attached":89.9834589229921,"children_y2022_pct_unattached":10.016541077007902,"children_y2022_n_attached":19584,"children_y2022_n_unattached":2180,"children_y2022_n_total":21764,"children_y2022_fsa_count":4,"children_y2022_fsa_with_data":4,"children_change_pct_attached":-2.5879430678907767,"adults_y2020_pct_attached":85.89528756819155,"adults_y2020_pct_unattached":14.10471243180845,"adults_y2020_n_attached":92267,"adults_y2020_n_unattached":15151,"adults_y2020_n_total":107418,"adults_y2020_fsa_count":4,"adults_y2020_fsa_with_data":4,"adults_y2022_pct_attached":84.14816455345773,"adults_y2022_pct_unattached":15.851835446542273,"adults_y2022_n_attached":91188,"adults_y2022_n_unattached":17178,"adults_y2022_n_total":108366,"adults_y2022_fsa_count":4,"adults_y2022_fsa_with_data":4,"adults_change_pct_attached":-1.7471230147338161,"has_data":true,"name":"Kingston and the Islands"}},
{"type":"Feature","geometry":{"type":"Polygon","coordinates":[[[-78.91324,43.92519],[-78.88177,43.85246],[-78.86978,43.8501],[-78.86794,43.85134],[-78.85541,43.85445],[-78.84735,43.85551],[-78.84199,43.85768],[-78.83358,43.85851],[-78.83169,43.85793],[-78.82999,43.86111],[-78.82457,43.86479],[-78.81788,43.85678],[-78.79923,43.86089],[-78.80246,43.86855],[-78.79616,43.86636],[-78.82977,43.94398],[-78.91324,43.92519]]]},"properties":{"ed_id":77,"electoral_district":"Oshawa","electoral_district_fr":"Oshawa","overall_y2020_pct_attached":91.96896435398628,"overall_y2020_pct_unattached":8.03103564601372,"overall_y2020_n_attached":122682,"overall_y2020_n_unattached":10713,"overall_y2020_n_total":133395,"overall_y2020_fsa_count":3,"overall_y2020_fsa_with_data":3,"overall_y2022_pct_attached":88.6280295961985,"overall_y2022_pct_unattached":11.371970403801505,"overall_y2022_n_attached":122538,"overall_y2022_n_unattached":15723,"overall_y2022_n_total":138261,"overall_y2022_fsa_count":3,"overall_y2022_fsa_with_data":3,"overall_change_pct_attached":-3.340934757787778,"children_y2020_pct_attached":95.92038664992198,"children_y2020_pct_unattached":4.079613350078015,"children_y2020_n_attached":25205,"children_y2020_n_unattached":1072,"children_y2020_n_total":26277,"children_y2020_fsa_count":3,"children_y2020_fsa_with_data":3,"children_y2022_pct_attached":90.81874112636062,"children_y2022_pct_unattached":9.181258873639376,"children_y2022_n_attached":24947,"children_y2022_n_unattached":2522,"children_y2022_n_total":27469,"children_y2022_fsa_count":3,"children_y2022_fsa_with_data":3,"children_change_pct_attached":-5.101645523561359,"adults_y2020_pct_attached":90.99964525103157,"adults_y2020_pct_unattached":9.000354748968427,"adults_y2020_n_attached":97477,"adults_y2020_n_unattached":9641,"adults_y2020_n_total":107118,"adults_y2020_fsa_count":3,"adults_y2020_fsa_with_data":3,"adults_y2022_pct_attached":88.08487977471297,"adults_y2022_pct_unattached":11.915120225287025,"adults_y2022_n_attached":97591,"adults_y2022_n_unattached":13201,"adults_y2022_n_total":110792,"adults_y2022_fsa_count":3,"adults_y2022_fsa_with_data":3,"adults_change_pct_attached":-2.9147654763185926,"has_data":true,"name":"Oshawa"}},
{"type":"Feature","geometry":{"type":"Polygon","coordinates":[[[-78.97066,43.83339],[-78.96302,43.84052],[-78.95849,43.84323],[-78.95127,43.84558],[-78.94362,43.84586],[-78.93513,43.85113],[-78.92907,43.85154],[-78.92811,43.84901],[-78.92716,43.85056],[-78.91786,43.8479],[-78.91847,43.84936],[-78.91036,43.84681],[-78.90217,43.84544],[-78.90071,43.84618],[-78.90052,43.8479],[-78.89805,43.85008],[-78.89387,43.85235],[-78.88835,43.85333],[-78.88177,43.85246],[-78.91324,43.92519],[-78.95857,44.0289],[-79.04728,44.00925],[-79.00852,43.92246],[-78.97066,43.83339]]]},"properties":{"ed_id":116,"electoral_district":"Whitby","electoral_district_fr":"Whitby","overall_y2020_pct_attached":91.60609169558985,"overall_y2020_pct_unattached":8.393908304410148,"overall_y2020_n_attached":125897,"overall_y2020_n_unattached":11536,"overall_y2020_n_total":137433,"overall_y2020_fsa_count":4,"overall_y2020_fsa_with_data":4,"overall_y2022_pct_attached":89.1019984058301,"overall_y2022_pct_unattached":10.898001594169893,"overall_y2022_n_attached":125199,"overall_y2022_n_unattached":15313,"overall_y2022_n_total":140512,"overall_y2022_fsa_count":4,"overall_y2022_fsa_with_data":4,"overall_change_pct_attached":-2.5040932897597514,"children_y2020_pct_attached":96.1245338089833,"children_y2020_pct_unattached":3.8754661910167023,"children_y2020_n_attached":29640,"children_y2020_n_unattached":1195,"children_y2020_n_total":30835,"children_y2020_fsa_count":4,"children_y2020_fsa_with_data":4,"children_y2022_pct_attached":91.57782859351347,"children_y2022_pct_unattached":8.422171406486521,"children_y2022_n_attached":28434,"children_y2022_n_unattached":2615,"children_y2022_n_total":31049,"children_y2022_fsa_count":4,"children_y2022_fsa_with_data":4,"children_change_pct_attached":-4.546705215469828,"adults_y2020_pct_attached":90.29906752471904,"adults_y2020_pct_unattached":9.700932475280963,"adults_y2020_n_attached":96257,"adults_y2020_n_unattached":10341,"adults_y2020_n_total":106598,"adults_y2020_fsa_count":4,"adults_y2020_fsa_with_data":4,"adults_y2022_pct_attached":88.39973324319634,"adults_y2022_pct_unattached":11.60026675680367,"adults_y2022_n_attached":96765,"adults_y2022_n_unattached":12698,"adults_y2022_n_total":109463,"adults_y2022_fsa_count":4,"adults_y2022_fsa_with_data":4,"adults_change_pct_attached":-1.8993342815226981,"has_data":true,"name":"Whitby"}},
{"type":"Feature","geometry":{"type":"Polygon","coordinates":[[[-82.99694,42.23569],[-83.00056,42.18389],[-82.87741,42.17978],[-82.86922,42.31077],[-82.84628,42.30837],[-82.84392,42.31156],[-82.84526,42.31306],[-82.84256,42.3139],[-82.84077,42.31744],[-82.84328,42.32027],[-82.85396,42.36763],[-82.94523,42.34696],[-82.9592,42.3394],[-82.98849,42.33249],[-83.01916,42.32948],[-83.02793,42.32718],[-83.00981,42.29938],[-82.96804,42.30739],[-82.95265,42.28305],[-82.96026,42.28163],[-82.97399,42.27642],[-82.96202,42.2576],[-82.96077,42.24702],[-82.97482,42.24156],[-82.98671,42.23381],[-82.99694,42.23569]]]},"properties":{"ed_id":118,"electoral_district":"Windsor—Tecumseh","electoral_district_fr":"Windsor—Tecumseh","overall_y2020_pct_attached":90.03116337528624,"overall_y2020_pct_unattached":9.968836624713761,"overall_y2020_n_attached":104582,"overall_y2020_n_unattached":11580,"overall_y2020_n_total":116162,"overall_y2020_fsa_count":6,"overall_y2020_fsa_with_data":6,"overall_y2022_pct_attached":88.47409655501657,"overall_y2022_pct_unattached":11.525903444983419,"overall_y2022_n_attached":103781,"overall_y2022_n_unattached":13520,"overall_y2022_n_total":117301,"overall_y2022_fsa_count":6,"overall_y2022_fsa_with_data":6,"overall_change_pct_attached":-1.557066820269668,"children_y2020_pct_attached":94.29124563225989,"children_y2020_pct_unattached":5.708754367740108,"children_y2020_n_attached":19969,"children_y2020_n_unattached":1209,"children_y2020_n_total":21178,"children_y2020_fsa_count":6,"children_y2020_fsa_with_data":6,"children_y2022_pct_attached":88.31187010078388,"children_y2022_pct_unattached":11.688129899216126,"children_y2022_n_attached":18927,"children_y2022_n_unattached":2505,"children_y2022_n_total":21432,"children_y2022_fsa_count":6,"children_y2022_fsa_with_data":6,"children_change_pct_attached":-5.979375531476009,"adults_y2020_pct_attached":89.08131895898256,"adults_y2020_pct_unattached":10.918681041017434,"adults_y2020_n_attached":84613,"adults_y2020_n_unattached":10371,"adults_y2020_n_total":94984,"adults_y2020_fsa_count":6,"adults_y2020_fsa_with_data":6,"adults_y2022_pct_attached":88.5103630996464,"adults_y2022_pct_unattached":11.489636900353608,"adults_y2022_n_attached":84854,"adults_y2022_n_unattached":11015,"adults_y2022_n_total":95869,"adults_y2022_fsa_count":6,"adults_y2022_fsa_with_data":6,"adults_change_pct_attached":-0.5709558593361663,"has_data":true,"name":"Windsor—Tecumseh"}},
{"type":"Feature","geometry":{"type":"Polygon","coordinates":[[[-83.02793,42.32718],[-83.06341,42.3179],[-83.07932,42.30897],[-83.09704,42.28965],[-83.1116,42.26056],[-83.11507,42.25594],[-83.07661,42.2463],[-83.07622,42.25261],[-83.07109,42.25006],[-83.07064,42.25546],[-83.05993,42.25286],[-83.03548,42.25218],[-83.03184,42.2487],[-82.99694,42.23569],[-82.98671,42.23381],[-82.97482,42.24156],[-82.96077,42.24702],[-82.96202,42.2576],[-82.97399,42.27642],[-82.96026,42.28163],[-82.95265,42.28305],[-82.96804,42.30739],[-83.00981,42.29938],[-83.02793,42.32718]]]},"properties":{"ed_id":119,"electoral_district":"Windsor West","electoral_district_fr":"Windsor-Ouest","overall_y2020_pct_attached":87.17432033535066,"overall_y2020_pct_unattached":12.82567966464935,"overall_y2020_n_attached":129351,"overall_y2020_n_unattached":19031,"overall_y2020_n_total":148382,"overall_y2020_fsa_count":7,"overall_y2020_fsa_with_data":7,"overall_y2022_pct_attached":84.51064339789728,"overall_y2022_pct_unattached":15.48935660210271,"overall_y2022_n_attached":126924,"overall_y2022_n_unattached":23263,"overall_y2022_n_total":150187,"overall_y2022_fsa_count":7,"overall_y2022_fsa_with_data":7,"overall_change_pct_attached":-2.663676937453374,"children_y2020_pct_attached":91.47937165544623,"children_y2020_pct_unattached":8.52062834455377,"children_y2020_n_attached":26497,"children_y2020_n_unattached":2468,"children_y2020_n_total":28965,"children_y2020_fsa_count":7,"children_y2020_fsa_with_data":7,"children_y2022_pct_attached":85.112484211245,"children_y2022_pct_unattached":14.887515788754992,"children_y2022_n_attached":24932,"children_y2022_n_unattached":4361,"children_y2022_n_total":29293,"children_y2022_fsa_count":7,"children_y2022_fsa_with_data":7,"children_change_pct_attached":-6.366887444201225,"adults_y2020_pct_attached":86.1301154776958,"adults_y2020_pct_unattached":13.869884522304194,"adults_y2020_n_attached":102854,"adults_y2020_n_unattached":16563,"adults_y2020_n_total":119417,"adults_y2020_fsa_count":7,"adults_y2020_fsa_with_data":7,"adults_y2022_pct_attached":84.36481545816996,"adults_y2022_pct_unattached":15.635184541830032,"adults_y2022_n_attached":101992,"adults_y2022_n_unattached":18902,"adults_y2022_n_total":120894,"adults_y2022_fsa_count":7,"adults_y2022_fsa_with_data":7,"adults_change_pct_attached":-1.7653000195258386,"has_data":true,"name":"Windsor West"}},
{"type":"Feature","geometry":{"type":"Polygon","coordinates":[[[-82.99694,42.23569],[-83.03184,42.2487],[-83.03548,42.25218],[-83.05993,42.25286],[-83.07064,42.25546],[-83.07109,42.25006],[-83.07622,42.25261],[-83.07661,42.2463],[-83.11507,42.25594],[-83.12804,42.23868],[-83.13402,42.17479],[-83.12174,42.12518],[-83.14951,42.04079],[-83.06912,41.86357],[-82.83219,41.75008],[-82.74912,41.75],[-82.72495,41.78764],[-82.71618,41.79893],[-82.71374,41.81061],[-82.7026,41.82486],[-82.69186,41.83007],[-82.68244,41.83056],[-82.67461,41.8291],[-82.66827,41.82629],[-82.66366,41.82912],[-82.66058,41.83474],[-82.64421,42.04898],[-82.63574,42.17168],[-82.60104,42.17043],[-82.59248,42.30788],[-82.58865,42.39736],[-82.80346,42.39815],[-82.82802,42.37349],[-82.85396,42.36763],[-82.84328,42.32027],[-82.84077,42.31744],[-82.84256,42.3139],[-82.84526,42.31306],[-82.84392,42.31156],[-82.84628,42.30837],[-82.86922,42.31077],[-82.87741,42.17978],[-83.00056,42.18389],[-82.99694,42.23569]]]},"properties":{"ed_id":27,"electoral_district":"Essex","electoral_district_fr":"Essex","overall_y2020_pct_attached":90.08944048711561,"overall_y2020_pct_unattached":9.910559512884383,"overall_y2020_n_attached":123691,"overall_y2020_n_unattached":13607,"overall_y2020_n_total":137298,"overall_y2020_fsa_count":7,"overall_y2020_fsa_with_data":7,"overall_y2022_pct_attached":88.09757534112104,"overall_y2022_pct_unattached":11.902424658878964,"overall_y2022_n_attached":125643,"overall_y2022_n_unattached":16975,"overall_y2022_n_total":142618,"overall_y2022_fsa_count":7,"overall_y2022_fsa_with_data":7,"overall_change_pct_attached":-1.9918651459945664,"children_y2020_pct_attached":94.79297365119197,"children_y2020_pct_unattached":5.20702634880803,"children_y2020_n_attached":25687,"children_y2020_n_unattached":1411,"children_y2020_n_total":27098,"children_y2020_fsa_count":7,"children_y2020_fsa_with_data":7,"children_y2022_pct_attached":89.70277555183216,"children_y2022_pct_unattached":10.297224448167844,"children_y2022_n_attached":24627,"children_y2022_n_unattached":2827,"children_y2022_n_total":27454,"children_y2022_fsa_count":7,"children_y2022_fsa_with_data":7,"children_change_pct_attached":-5.09019809935981,"adults_y2020_pct_attached":88.9328493647913,"adults_y2020_pct_unattached":11.067150635208712,"adults_y2020_n_attached":98004,"adults_y2020_n_unattached":12196,"adults_y2020_n_total":110200,"adults_y2020_fsa_count":7,"adults_y2020_fsa_with_data":7,"adults_y2022_pct_attached":87.71491090965927,"adults_y2022_pct_unattached":12.285089090340731,"adults_y2022_n_attached":101016,"adults_y2022_n_unattached":14148,"adults_y2022_n_total":115164,"adults_y2022_fsa_count":7,"adults_y2022_fsa_with_data":7,"adults_change_pct_attached":-1.2179384551320283,"has_data":true,"name":"Essex"}},
{"type":"Feature","geometry":{"type":"Polygon","coordinates":[[[-86.55424,51.51619],[-86.55283,51.23324],[-86.55187,51.03683],[-86.54865,50.3734],[-86.54796,49.96987],[-86.14341,49.96921],[-85.7374,49.96988],[-85.33388,49.96957],[-85.33228,49.7087],[-84.87996,49.70919],[-84.48628,49.70881],[-84.48542,49.44775],[-83.96642,49.44916],[-83.64204,49.44951],[-83.64177,49.18771],[-83.222,49.18734],[-82.67817,49.18703],[-82.67815,49.18998],[-82.64256,49.18977],[-82.63935,49.0579],[-82.63962,48.71155],[-82.63965,48.45035],[-82.60069,48.45035],[-82.24826,48.45039],[-81.85696,48.4507],[-81.85701,48.27745],[-81.7264,48.27715],[-81.7264,48.4506],[-81.7273,48.4507],[-81.7272,48.7112],[-81.3347,48.7116],[-81.3347,48.711],[-81.20361,48.71128],[-81.20337,48.79841],[-81.20462,48.88452],[-81.20696,48.88453],[-81.20681,49.05849],[-81.27235,49.0585],[-81.27265,49.31895],[-80.7308,49.31917],[-80.47875,49.31924],[-80.07646,49.31945],[-79.51798,49.31868],[-79.51772,49.57934],[-79.5178,49.87263],[-79.51803,50.67727],[-79.51826,51.45715],[-79.52137,51.46784],[-79.53754,51.48664],[-79.54173,51.48341],[-79.55694,51.47883],[-79.58766,51.47958],[-79.5851,51.46251],[-79.59547,51.45024],[-79.60056,51.44936],[-79.60638,51.4505],[-79.60821,51.45567],[-79.61399,51.45916],[-79.61801,51.44848],[-79.61554,51.43658],[-79.62875,51.43389],[-79.6413,51.4234],[-79.64785,51.42442],[-79.66113,51.41594],[-79.67196,51.41425],[-79.68918,51.4174],[-79.69559,51.41667],[-79.69926,51.41368],[-79.69716,51.39497],[-79.71561,51.39076],[-79.73174,51.3852],[-79.74356,51.37804],[-79.75074,51.37032],[-79.7558,51.36836],[-79.75518,51.36035],[-79.75661,51.35794],[-79.76752,51.35367],[-79.78036,51.34534],[-79.77998,51.34101],[-79.76537,51.31607],[-79.75771,51.30871],[-79.74509,51.29409],[-79.7467,51.28442],[-79.72502,51.27257],[-79.74142,51.26039],[-79.75179,51.25113],[-79.76652,51.25441],[-79.76974,51.25394],[-79.77229,51.25232],[-79.78325,51.22212],[-79.78754,51.21813],[-79.79855,51.21345],[-79.80059,51.20898],[-79.79792,51.20544],[-79.79662,51.19069],[-79.80473,51.1876],[-79.8195,51.19624],[-79.82629,51.20307],[-79.83936,51.21064],[-79.84448,51.21061],[-79.84996,51.20719],[-79.84431,51.19772],[-79.84243,51.18485],[-79.83353,51.16812],[-79.83635,51.16557],[-79.84782,51.16593],[-79.87656,51.17042],[-79.8914,51.17378],[-79.9031,51.17863],[-79.93104,51.19413],[-79.938,51.19869],[-79.94481,51.20555],[-79.95428,51.20978],[-79.95827,51.21765],[-79.98305,51.23784],[-79.99284,51.24137],[-80,51.24233],[-80,51.24852],[-80.00357,51.25133],[-80.00791,51.2526],[-80.01629,51.25686],[-80.02047,51.25649],[-80.02681,51.25832],[-80.03168,51.25841],[-80.04605,51.26112],[-80.05151,51.26422],[-80.0579,51.26477],[-80.06184,51.26709],[-80.06948,51.26909],[-80.07537,51.27338],[-80.08369,51.27653],[-80.10009,51.27934],[-80.10552,51.28288],[-80.11318,51.29028],[-80.1273,51.29148],[-80.12936,51.29054],[-80.13063,51.29146],[-80.13648,51.29073],[-80.13953,51.29175],[-80.14335,51.29151],[-80.14948,51.29282],[-80.15666,51.29188],[-80.16928,51.29448],[-80.17679,51.29423],[-80.17944,51.29314],[-80.18649,51.29535],[-80.19198,51.29484],[-80.19749,51.29703],[-80.20774,51.29651],[-80.21603,51.29731],[-80.22391,51.29991],[-80.23398,51.30074],[-80.23902,51.30269],[-80.24395,51.30127],[-80.24518,51.30345],[-80.25194,51.30416],[-80.26076,51.30684],[-80.26514,51.30721],[-80.277,51.31121],[-80.28312,51.31009],[-80.28544,51.30835],[-80.28924,51.30862],[-80.28819,51.31115],[-80.28947,51.31214],[-80.30163,51.31465],[-80.30556,51.31777],[-80.31293,51.31444],[-80.31554,51.31455],[-80.31822,51.31332],[-80.31915,51.31379],[-80.31837,51.3158],[-80.3201,51.31717],[-80.32039,51.31905],[-80.31782,51.32096],[-80.31753,51.32239],[-80.31915,51.32352],[-80.32598,51.32527],[-80.32925,51.32712],[-80.34145,51.32888],[-80.34838,51.33137],[-80.3548,51.33138],[-80.3601,51.33325],[-80.36653,51.3332],[-80.36516,51.33491],[-80.36621,51.33545],[-80.37152,51.3365],[-80.37546,51.3361],[-80.38101,51.33783],[-80.39254,51.3437],[-80.4065,51.35627],[-80.41403,51.36677],[-80.41887,51.37147],[-80.42249,51.37332],[-80.43454,51.37527],[-80.43287,51.37704],[-80.43177,51.39068],[-80.43411,51.3992],[-80.43298,51.40128],[-80.43408,51.40394],[-80.43585,51.40394],[-80.43689,51.4083],[-80.43543,51.41239],[-80.43488,51.42504],[-80.43258,51.43611],[-80.42654,51.45161],[-80.43096,51.45534],[-80.43658,51.46876],[-80.43824,51.47583],[-80.44049,51.47991],[-80.44555,51.48529],[-80.44678,51.49131],[-80.4483,51.49215],[-80.45607,51.49225],[-80.46032,51.49359],[-80.47473,51.50188],[-80.49214,51.51004],[-80.49242,51.51267],[-80.49717,51.51685],[-80.50104,51.52282],[-80.50746,51.52703],[-80.50607,51.5297],[-80.51398,51.53978],[-80.51652,51.5461],[-80.51851,51.5474],[-80.51688,51.54955],[-80.51791,51.55473],[-80.52257,51.56199],[-80.52433,51.57363],[-80.52814,51.58176],[-80.5318,51.58714],[-80.53774,51.59193],[-80.53918,51.59585],[-80.54651,51.59856],[-80.55013,51.60123],[-80.56286,51.61877],[-80.56658,51.63343],[-80.57063,51.6415],[-80.57208,51.65261],[-80.57608,51.66217],[-80.57552,51.66853],[-80.56792,51.68493],[-80.56815,51.69617],[-80.57069,51.70324],[-80.5743,51.70673],[-80.58231,51.70736],[-80.58694,51.70891],[-80.58901,51.71193],[-80.58984,51.71621],[-80.60551,51.72929],[-80.60709,51.73276],[-80.61139,51.7373],[-80.61074,51.73872],[-80.61237,51.74062],[-80.62501,51.74758],[-80.63758,51.75688],[-80.64527,51.76415],[-80.65098,51.77066],[-80.65321,51.77623],[-80.65827,51.78349],[-80.65733,51.78656],[-80.66436,51.79315],[-80.67007,51.79479],[-80.67649,51.79359],[-80.67852,51.79413],[-80.67953,51.79633],[-80.68423,51.79578],[-80.68897,51.79808],[-80.69051,51.79952],[-80.6917,51.80351],[-80.69326,51.81596],[-80.69537,51.81411],[-80.69678,51.81083],[-80.69748,51.80349],[-80.69936,51.80111],[-80.7035,51.79922],[-80.70528,51.80396],[-80.69978,51.80727],[-80.70502,51.80897],[-80.71082,51.80762],[-80.71383,51.8078],[-80.71981,51.80937],[-80.72216,51.81097],[-80.728,51.81298],[-80.73128,51.81556],[-80.74107,51.82691],[-80.7458,51.83026],[-80.75494,51.83448],[-80.75974,51.83955],[-80.76523,51.8411],[-80.77798,51.8503],[-80.77972,51.85257],[-80.77762,51.8542],[-80.77511,51.85372],[-80.77168,51.85145],[-80.76868,51.85096],[-80.77311,51.85602],[-80.77874,51.85751],[-80.77912,51.85654],[-80.78381,51.85711],[-80.7845,51.85825],[-80.78867,51.85933],[-80.79195,51.86731],[-80.79617,51.87185],[-80.7961,51.87395],[-80.79935,51.87855],[-80.7944,51.88824],[-80.79573,51.88788],[-80.7996,51.87856],[-80.79894,51.87166],[-80.80145,51.86853],[-80.80473,51.86677],[-80.8115,51.86579],[-80.81953,51.86722],[-80.83076,51.87131],[-80.84045,51.87321],[-80.84607,51.87544],[-80.84962,51.87771],[-80.85251,51.88224],[-80.85441,51.88338],[-80.85854,51.88223],[-80.85973,51.88284],[-80.85991,51.885],[-80.86486,51.88431],[-80.87172,51.88475],[-80.87869,51.88992],[-80.88525,51.89298],[-80.89831,51.90547],[-80.90553,51.90621],[-80.90791,51.90735],[-80.90952,51.9103],[-80.91514,51.91199],[-80.91703,51.91389],[-80.91707,51.91704],[-80.92509,51.92461],[-80.92468,51.9264],[-80.92189,51.92719],[-80.92643,51.9339],[-80.93046,51.93708],[-80.93061,51.94054],[-80.94096,51.95209],[-80.9445,51.96022],[-80.95595,51.97081],[-80.95974,51.97886],[-80.96632,51.98146],[-80.97518,51.98986],[-80.9743,51.99173],[-80.97565,51.99571],[-80.97375,51.99915],[-80.97502,52.00004],[-80.98365,52.00002],[-80.98813,52.01135],[-80.99103,52.01398],[-80.99973,52.01543],[-81.0071,52.0151],[-81.01352,52.01298],[-81.02442,52.01433],[-81.03138,52.01677],[-81.0366,52.02021],[-81.04162,52.02824],[-81.04359,52.03869],[-81.04805,52.04194],[-81.05194,52.04039],[-81.0459,52.03309],[-81.04918,52.02951],[-81.05737,52.02662],[-81.06258,52.02684],[-81.07672,52.03355],[-81.0823,52.03994],[-81.08934,52.04307],[-81.09088,52.04666],[-81.08984,52.05038],[-81.0845,52.05543],[-81.08743,52.05828],[-81.09653,52.05993],[-81.10043,52.04898],[-81.1048,52.04214],[-81.11194,52.03975],[-81.12518,52.04191],[-81.13823,52.04246],[-81.14586,52.04119],[-81.15314,52.04316],[-81.15833,52.04315],[-81.16291,52.04111],[-81.17139,52.04072],[-81.17881,52.04382],[-81.18458,52.0486],[-81.19407,52.05344],[-81.21169,52.06112],[-81.22701,52.06201],[-81.24221,52.06795],[-81.27208,52.07552],[-81.30756,52.08624],[-81.32717,52.08876],[-81.36744,52.102],[-81.37676,52.10821],[-81.3933,52.11568],[-81.41134,52.135],[-81.42121,52.13958],[-81.42461,52.14285],[-81.4297,52.14491],[-81.4249,52.14811],[-81.4253,52.15131],[-81.43507,52.16392],[-81.44206,52.16908],[-81.47179,52.23303],[-81.49324,52.26089],[-81.50519,52.26972],[-81.52868,52.28417],[-81.54455,52.2857],[-81.56023,52.28525],[-81.56255,52.29313],[-81.56,52.30032],[-81.5662,52.29904],[-81.55472,52.30446],[-81.53147,52.31882],[-81.52802,52.32594],[-81.53372,52.33254],[-81.55391,52.34418],[-81.56481,52.35626],[-81.56914,52.3838],[-81.56726,52.3894],[-81.56791,52.40014],[-81.55679,52.41171],[-81.54901,52.42952],[-81.55132,52.43584],[-81.55981,52.44345],[-81.56924,52.44689],[-81.58508,52.45071],[-81.6068,52.46203],[-81.6618,52.49832],[-81.69817,52.52933],[-81.7274,52.55975],[-81.74515,52.57446],[-81.7726,52.60245],[-81.77692,52.60385],[-81.77872,52.60605],[-81.78109,52.60684],[-81.78172,52.60865],[-81.8216,52.63096],[-81.84053,52.63734],[-81.86977,52.65306],[-81.87791,52.6547],[-81.88722,52.65951],[-81.89436,52.66488],[-81.92072,52.68923],[-81.9305,52.69997],[-81.94694,52.72596],[-81.96231,52.76027],[-81.97328,52.76591],[-82,52.76317],[-82,52.76739],[-81.99634,52.76884],[-81.9841,52.7704],[-81.98086,52.77148],[-81.9685,52.77212],[-81.96494,52.77368],[-81.96677,52.77587],[-81.97474,52.77891],[-81.99027,52.79003],[-82.01128,52.79973],[-82.0219,52.80813],[-82.03909,52.82536],[-82.05275,52.83107],[-82.06477,52.83847],[-82.07551,52.84754],[-82.08873,52.85534],[-82.10481,52.86988],[-82.11355,52.87538],[-82.1388,52.88781],[-82.14552,52.88975],[-82.15309,52.88981],[-82.16261,52.88494],[-82.16865,52.88485],[-82.17413,52.88088],[-82.17687,52.88418],[-82.16988,52.89328],[-82.17106,52.8962],[-82.18903,52.90006],[-82.20087,52.9008],[-82.21516,52.90532],[-82.2406,52.91865],[-82.25104,52.92266],[-82.25356,52.92437],[-82.25581,52.92425],[-82.25478,52.92751],[-82.25784,52.93538],[-82.26691,52.94545],[-82.27383,52.95127],[-82.29082,52.95082],[-82.29643,52.94775],[-82.30473,52.94754],[-82.29211,52.95694],[-82.28646,52.9623],[-82.29411,52.96785],[-82.28823,52.96909],[-82.28023,52.96883],[-82.27841,52.96938],[-82.27995,52.97207],[-82.28361,52.9737],[-82.27628,52.97799],[-82.27689,52.98209],[-82.28551,52.9993],[-82.28358,53.00423],[-82.2879,53.02304],[-82.28706,53.0403],[-82.2893,53.0528],[-82.2878,53.06321],[-82.28195,53.08005],[-82.28185,53.10231],[-82.27113,53.12997],[-82.27252,53.13426],[-82.26709,53.13868],[-82.24928,53.1674],[-82.25031,53.16919],[-82.2461,53.1717],[-82.23855,53.18496],[-82.23668,53.19033],[-82.22523,53.20058],[-82.20326,53.21437],[-82.17735,53.23272],[-82.15804,53.24406],[-82.14563,53.24793],[-82.12376,53.25757],[-82.11834,53.26221],[-82.1173,53.26823],[-82.12106,53.28616],[-82.12246,53.30879],[-82.12887,53.3213],[-82.13994,53.37602],[-82.16236,53.42441],[-82.1702,53.44899],[-82.17198,53.46106],[-82.17603,53.47025],[-82.1826,53.47588],[-82.18652,53.48416],[-82.20245,53.50626],[-82.21303,53.54379],[-82.21392,53.56782],[-82.21832,53.57677],[-82.21691,53.58534],[-82.21169,53.60189],[-82.21014,53.63019],[-82.20506,53.65042],[-82.19245,53.67952],[-82.18511,53.68977],[-82.18236,53.69978],[-82.16244,53.72147],[-82.14536,53.74414],[-82.13647,53.75974],[-82.12988,53.79358],[-82.12986,53.81169],[-82.1331,53.82323],[-82.13743,53.83148],[-82.13916,53.83277],[-82.1386,53.83418],[-82.1517,53.85735],[-82.15589,53.87249],[-82.16481,53.88557],[-82.17165,53.90035],[-82.17677,53.90605],[-82.18291,53.92385],[-82.19098,53.93627],[-82.2038,53.94936],[-82.21669,53.97323],[-82.22914,53.99918],[-82.22949,54.00926],[-82.23824,54.02853],[-82.26263,54.05362],[-82.27282,54.0618],[-82.2981,54.0873],[-82.31107,54.09832],[-82.32212,54.10438],[-82.32886,54.10517],[-82.33076,54.10484],[-82.34045,54.09699],[-82.34543,54.10153],[-82.33914,54.10371],[-82.33184,54.11188],[-82.33261,54.11437],[-82.3529,54.12224],[-82.35986,54.12188],[-82.37379,54.11631],[-82.38492,54.11526],[-82.36568,54.12684],[-82.36277,54.13067],[-82.36347,54.13269],[-82.40725,54.1737],[-82.41831,54.19215],[-82.43018,54.19816],[-82.43665,54.19965],[-82.45259,54.19925],[-82.46118,54.20177],[-82.45531,54.20415],[-82.43258,54.20606],[-82.42925,54.20968],[-82.42989,54.21882],[-82.4407,54.25792],[-82.43903,54.28461],[-82.42836,54.33128],[-82.43115,54.33663],[-82.43117,54.3442],[-82.43746,54.35189],[-82.438,54.35531],[-82.43013,54.35504],[-82.41508,54.35149],[-82.40901,54.35273],[-82.40115,54.36255],[-82.39283,54.38203],[-82.35867,54.44713],[-82.32023,54.50807],[-82.31575,54.54522],[-82.3047,54.59577],[-82.29757,54.61586],[-82.29037,54.62793],[-82.28915,54.6328],[-82.28985,54.64492],[-82.2942,54.65523],[-82.28854,54.66195],[-82.25697,54.71561],[-82.25014,54.72513],[-82.24204,54.73152],[-82.23059,54.74952],[-82.22012,54.75853],[-82.21632,54.76469],[-82.21529,54.77346],[-82.20876,54.78502],[-82.20381,54.80177],[-82.20103,54.83261],[-82.20769,54.84511],[-82.21139,54.86142],[-82.21204,54.87078],[-82.21559,54.87588],[-82.21987,54.87795],[-82.22984,54.87057],[-82.23779,54.86053],[-82.24297,54.86073],[-82.24808,54.86298],[-82.25674,54.87537],[-82.26274,54.89111],[-82.26659,54.89549],[-82.27191,54.91699],[-82.27167,54.93075],[-82.26854,54.9387],[-82.26553,54.93978],[-82.26113,54.93702],[-82.25779,54.94109],[-82.25875,54.97542],[-82.26148,54.98788],[-82.26131,54.99705],[-82.27617,55.01072],[-82.2802,55.02129],[-82.27941,55.0392],[-82.27721,55.0455],[-82.26859,55.05144],[-82.25418,55.05608],[-82.24868,55.0591],[-82.24761,55.07016],[-82.25459,55.09454],[-82.25427,55.10533],[-82.25844,55.10901],[-82.29091,55.12041],[-82.29825,55.11635],[-82.30408,55.1179],[-82.30806,55.12295],[-82.31061,55.12901],[-82.32193,55.13508],[-82.32973,55.14659],[-82.33483,55.14861],[-82.338,55.14845],[-82.33725,55.13864],[-82.34185,55.13749],[-82.34718,55.14088],[-82.35049,55.14666],[-82.34894,55.15453],[-82.35059,55.15742],[-82.35606,55.15668],[-82.35944,55.15031],[-82.35735,55.1447],[-82.34912,55.1355],[-82.34383,55.13233],[-82.32909,55.1299],[-82.31698,55.11884],[-82.31228,55.10922],[-82.31387,55.1041],[-82.31995,55.09967],[-82.33472,55.10234],[-82.33508,55.09453],[-82.33242,55.08779],[-82.31749,55.07138],[-82.31032,55.06121],[-82.3086,55.05534],[-82.30936,55.05255],[-82.31539,55.05292],[-82.33624,55.05895],[-82.35987,55.06735],[-82.36823,55.06737],[-82.37592,55.06308],[-82.38245,55.06159],[-82.38999,55.06143],[-82.3989,55.06737],[-82.40644,55.06721],[-82.41011,55.07022],[-82.41985,55.07384],[-82.4321,55.09566],[-82.43797,55.10245],[-82.44971,55.11101],[-82.45979,55.11414],[-82.46968,55.10376],[-82.47439,55.10329],[-82.49941,55.10769],[-82.50343,55.10542],[-82.51472,55.08899],[-82.52016,55.09055],[-82.52911,55.09901],[-82.56667,55.12885],[-82.57766,55.13996],[-82.59019,55.14341],[-82.62525,55.1406],[-82.63239,55.14274],[-82.63425,55.15158],[-82.64507,55.16153],[-82.66286,55.16768],[-82.67825,55.17854],[-82.68239,55.17945],[-82.68514,55.17679],[-82.67722,55.17241],[-82.67574,55.17064],[-82.68379,55.1686],[-82.68076,55.16488],[-82.68476,55.16007],[-82.69658,55.16149],[-82.70535,55.16377],[-82.71394,55.16261],[-82.71841,55.16076],[-82.72126,55.15624],[-82.7176,55.14865],[-82.71269,55.14318],[-82.70914,55.1411],[-82.71616,55.14002],[-82.72663,55.14059],[-82.73239,55.14165],[-82.73565,55.13964],[-82.74514,55.13912],[-82.77076,55.13243],[-82.7767,55.12982],[-82.78687,55.12857],[-82.80315,55.12811],[-82.81445,55.12887],[-82.8333,55.13172],[-82.86496,55.14187],[-82.87287,55.14143],[-82.88223,55.1448],[-82.88749,55.149],[-82.88589,55.15217],[-82.90802,55.18808],[-82.92149,55.20588],[-82.93533,55.21428],[-82.94942,55.21944],[-82.96614,55.22354],[-82.99209,55.22093],[-83.00678,55.22032],[-83.02306,55.21733],[-83.03902,55.21252],[-83.05557,55.21111],[-83.06385,55.20812],[-83.06448,55.20716],[-83.07739,55.2055],[-83.08713,55.20631],[-83.11195,55.2019],[-83.15086,55.19804],[-83.1733,55.19834],[-83.19006,55.20035],[-83.20017,55.2032],[-83.20751,55.20621],[-83.21491,55.21174],[-83.22475,55.2153],[-83.25067,55.21928],[-83.25768,55.21817],[-83.26296,55.2142],[-83.26381,55.21001],[-83.27164,55.2091],[-83.28318,55.21094],[-83.29316,55.21081],[-83.31515,55.21294],[-83.32049,55.21148],[-83.32185,55.20796],[-83.3169,55.20274],[-83.31753,55.20178],[-83.3474,55.19887],[-83.35421,55.19891],[-83.36206,55.20028],[-83.37318,55.20421],[-83.40952,55.219],[-83.42377,55.2225],[-83.42975,55.22237],[-83.43339,55.21825],[-83.4168,55.21076],[-83.42227,55.20791],[-83.43681,55.20864],[-83.46049,55.21111],[-83.47471,55.21438],[-83.49756,55.22102],[-83.5041,55.22176],[-83.53401,55.23394],[-83.55354,55.23986],[-83.56901,55.24328],[-83.63425,55.24935],[-83.64269,55.25159],[-83.6488,55.25419],[-83.65752,55.2642],[-83.66861,55.26352],[-83.67498,55.26749],[-83.68198,55.26843],[-83.69206,55.26665],[-83.69958,55.26825],[-83.70345,55.26755],[-83.70589,55.26349],[-83.70582,55.25891],[-83.70073,55.25325],[-83.68026,55.24053],[-83.67651,55.23342],[-83.66051,55.22524],[-83.64748,55.21984],[-83.63994,55.21388],[-83.64517,55.21402],[-83.66042,55.21629],[-83.68153,55.22622],[-83.68822,55.22765],[-83.69366,55.22684],[-83.69693,55.22503],[-83.7056,55.22426],[-83.71275,55.22611],[-83.73344,55.2379],[-83.74505,55.24199],[-83.75067,55.24622],[-83.76127,55.25131],[-83.76994,55.25259],[-83.78832,55.25855],[-83.80038,55.26491],[-83.81376,55.26773],[-83.83942,55.27805],[-83.85088,55.27916],[-83.85968,55.27906],[-83.87923,55.2847],[-83.89933,55.29306],[-83.91096,55.29507],[-83.93522,55.29191],[-83.9513,55.29203],[-83.96028,55.29075],[-83.96124,55.28954],[-83.96833,55.28885],[-83.97445,55.28732],[-83.98237,55.2868],[-83.98847,55.28402],[-83.99947,55.2746],[-84.01447,55.26879],[-84.05475,55.25982],[-84.08169,55.25007],[-84.13248,55.25017],[-84.13702,55.25801],[-84.15438,55.26184],[-84.17402,55.26853],[-84.18173,55.27451],[-84.18646,55.27503],[-84.1945,55.2707],[-84.20174,55.27068],[-84.20737,55.27493],[-84.21249,55.27547],[-84.22222,55.27285],[-84.2335,55.26619],[-84.24235,55.26398],[-84.25232,55.26435],[-84.27212,55.26371],[-84.28668,55.26527],[-84.30429,55.27001],[-84.32266,55.27271],[-84.33199,55.2657],[-84.34026,55.26436],[-84.41788,55.25935],[-84.45972,55.25219],[-84.47037,55.24433],[-84.47971,55.24372],[-84.49741,55.23674],[-84.52029,55.23441],[-84.53577,55.2376],[-84.54471,55.23698],[-84.55267,55.23286],[-84.56945,55.23772],[-84.5812,55.23933],[-84.6119,55.23812],[-84.6712,55.23167],[-84.6936,55.23203],[-84.71306,55.23085],[-84.7266,55.23139],[-84.73383,55.23362],[-84.74769,55.23234],[-84.76012,55.23466],[-84.77505,55.23183],[-84.79144,55.23206],[-84.80154,55.23401],[-84.81841,55.24321],[-84.83093,55.24734],[-84.88622,55.25248],[-84.90782,55.25758],[-84.9164,55.26378],[-84.9263,55.26456],[-84.93478,55.26181],[-84.94476,55.26213],[-84.96446,55.26665],[-84.97129,55.27138],[-84.98759,55.27708],[-84.99562,55.27706],[-85.00275,55.27287],[-85.00771,55.26718],[-85.02134,55.26723],[-85.05296,55.27009],[-85.06578,55.26781],[-85.08272,55.26002],[-85.10804,55.25726],[-85.11485,55.25512],[-85.13773,55.2713],[-85.12965,55.27468],[-85.11477,55.28946],[-85.1213,55.2937],[-85.11534,55.2982],[-85.11848,55.30591],[-85.12567,55.30859],[-85.12805,55.31124],[-85.13001,55.32371],[-85.13312,55.32686],[-85.15461,55.33053],[-85.16058,55.33336],[-85.16193,55.33732],[-85.17706,55.34316],[-85.18974,55.34429],[-85.19641,55.3403],[-85.21532,55.34015],[-85.22475,55.35142],[-85.22859,55.36238],[-85.23424,55.36726],[-85.24602,55.36902],[-85.27904,55.36868],[-85.29767,55.37286],[-85.30434,55.3764],[-85.31282,55.37616],[-85.32014,55.37815],[-85.32718,55.37691],[-85.34915,55.38034],[-85.37991,55.39428],[-85.39471,55.39734],[-85.40945,55.40335],[-85.4315,55.41661],[-85.46371,55.43198],[-85.49977,55.4512],[-85.51137,55.46209],[-85.53986,55.47839],[-85.5528,55.49116],[-85.56804,55.49948],[-85.577,55.49626],[-85.58982,55.49941],[-85.58792,55.5039],[-85.60092,55.51896],[-85.60752,55.52066],[-85.61313,55.5262],[-85.61669,55.52661],[-85.63412,55.53661],[-85.64384,55.54694],[-85.6461,55.55598],[-85.65982,55.56396],[-85.68802,55.56969],[-85.70639,55.57905],[-85.72259,55.58418],[-85.73463,55.59003],[-85.76759,55.59116],[-85.77686,55.58863],[-85.80743,55.60038],[-85.82082,55.60812],[-85.83456,55.61357],[-85.85513,55.61935],[-85.86861,55.62113],[-85.88938,55.63377],[-85.90131,55.64348],[-85.90977,55.6464],[-85.94891,55.65258],[-85.97944,55.65971],[-86.00075,55.66344],[-86.03986,55.66432],[-86.05783,55.66034],[-86.07005,55.66547],[-86.07889,55.66588],[-86.12171,55.67491],[-86.13712,55.6804],[-86.16125,55.68149],[-86.24403,55.69455],[-86.27116,55.70032],[-86.29771,55.7104],[-86.36477,55.74738],[-86.38271,55.75547],[-86.41569,55.76648],[-86.44168,55.77216],[-86.46726,55.78102],[-86.50694,55.79069],[-86.55999,55.80069],[-86.57416,55.80693],[-86.55011,54.75007],[-86.59134,54.74912],[-86.63363,54.77518],[-86.65117,54.78035],[-86.67224,54.783],[-86.68123,54.77905],[-86.70165,54.77768],[-86.72194,54.77231],[-86.73567,54.77149],[-86.76525,54.77315],[-86.78348,54.77246],[-86.80656,54.76155],[-86.86581,54.75449],[-86.89244,54.75244],[-86.93918,54.74364],[-87.03989,54.74037],[-87.08972,54.74199],[-87.13402,54.74434],[-87.23611,54.73782],[-87.29016,54.73512],[-87.29998,54.73273],[-87.30974,54.72003],[-87.31038,54.71681],[-87.30678,54.70977],[-87.30227,54.68875],[-87.29246,54.65865],[-87.27738,54.62297],[-87.26279,54.61532],[-87.26538,54.61132],[-87.27145,54.6077],[-87.27006,54.60356],[-87.26248,54.60098],[-87.25464,54.59597],[-87.25319,54.5878],[-87.2499,54.58326],[-87.25618,54.57768],[-87.24527,54.56524],[-87.23479,54.55836],[-87.23772,54.54609],[-87.22608,54.53013],[-87.22795,54.52237],[-87.22478,54.51515],[-87.22949,54.50658],[-87.22426,54.48538],[-87.21363,54.46707],[-87.20612,54.46095],[-87.19571,54.44494],[-87.18675,54.43413],[-87.18128,54.42229],[-87.16918,54.4136],[-87.16168,54.40581],[-87.14829,54.39686],[-87.14225,54.38473],[-87.14572,54.35558],[-87.14351,54.35173],[-87.14421,54.3446],[-87.15766,54.33463],[-87.16633,54.33074],[-87.17406,54.329],[-87.18374,54.32114],[-87.34256,54.2624],[-87.30107,54.22327],[-87.24258,54.2371],[-87.1913,54.26697],[-87.18996,54.26698],[-87.18887,54.2655],[-87.1895,54.26304],[-87.18593,54.25859],[-87.1862,54.25377],[-87.18447,54.2516],[-87.18589,54.24907],[-87.18242,54.24613],[-87.18429,54.24446],[-87.18437,54.24271],[-87.18664,54.24104],[-87.18798,54.2374],[-87.18687,54.23267],[-87.16923,54.21483],[-87.16534,54.20691],[-87.16467,54.20123],[-87.17066,54.199],[-87.17117,54.19173],[-87.17558,54.18954],[-87.17643,54.18749],[-87.17418,54.17744],[-87.17416,54.17117],[-87.1667,54.15782],[-87.1659,54.15552],[-87.16683,54.15327],[-87.16479,54.14858],[-87.16021,54.14414],[-87.15848,54.13672],[-87.14818,54.12317],[-87.14712,54.11458],[-87.14118,54.10184],[-87.12673,54.07701],[-87.12331,54.06751],[-87.10943,54.06143],[-87.09716,54.04448],[-87.09384,54.03624],[-87.08347,54.02815],[-87.08281,54.02303],[-87.08538,54.01688],[-87.08083,54.00034],[-87,54],[-86.56529,54.00114],[-86.56214,53.32045],[-86.56174,53.23155],[-86.55846,52.49739],[-86.55708,52.18139],[-86.55424,51.51619]]]},"properties":{"ed_id":124,"electoral_district":"Mushkegowuk—James Bay","electoral_district_fr":"Mushkegowuk—Baie James","overall_y2020_pct_attached":64.41512350095881,"overall_y2020_pct_unattached":35.58487649904119,"overall_y2020_n_attached":22506,"overall_y2020_n_unattached":12433,"overall_y2020_n_total":34939,"overall_y2020_fsa_count":2,"overall_y2020_fsa_with_data":2,"overall_y2022_pct_attached":56.439978669061716,"overall_y2022_pct_unattached":43.560021330938284,"overall_y2022_n_attached":20109,"overall_y2022_n_unattached":15520,"overall_y2022_n_total":35629,"overall_y2022_fsa_count":2,"overall_y2022_fsa_with_data":2,"overall_change_pct_attached":-7.975144831897097,"children_y2020_pct_attached":62.847132104853365,"children_y2020_pct_unattached":37.15286789514664,"children_y2020_n_attached":4843,"children_y2020_n_unattached":2863,"children_y2020_n_total":7706,"children_y2020_fsa_count":2,"children_y2020_fsa_with_data":2,"children_y2022_pct_attached":54.54314398271699,"children_y2022_pct_unattached":45.45685601728301,"children_y2022_n_attached":4292,"children_y2022_n_unattached":3577,"children_y2022_n_total":7869,"children_y2022_fsa_count":2,"children_y2022_fsa_with_data":2,"children_change_pct_attached":-8.303988122136374,"adults_y2020_pct_attached":64.85881100135865,"adults_y2020_pct_unattached":35.141188998641354,"adults_y2020_n_attached":17663,"adults_y2020_n_unattached":9570,"adults_y2020_n_total":27233,"adults_y2020_fsa_count":2,"adults_y2020_fsa_with_data":2,"adults_y2022_pct_attached":56.97766570605187,"adults_y2022_pct_unattached":43.02233429394813,"adults_y2022_n_attached":15817,"adults_y2022_n_unattached":11943,"adults_y2022_n_total":27760,"adults_y2022_fsa_count":2,"adults_y2022_fsa_with_data":2,"adults_change_pct_attached":-7.881145295306773,"has_data":true,"name":"Mushkegowuk—James Bay"}},
{"type":"Feature","geometry":{"type":"Polygon","coordinates":[[[-79.22773,43.8421],[-79.22896,43.84386],[-79.23143,43.84522],[-79.23106,43.84982],[-79.23247,43.85051],[-79.23557,43.85023],[-79.23492,43.85307],[-79.23205,43.8557],[-79.23182,43.8578],[-79.23515,43.85989],[-79.23821,43.8592],[-79.24289,43.8593],[-79.24556,43.86124],[-79.24574,43.86367],[-79.24882,43.86384],[-79.25188,43.86566],[-79.26903,43.859],[-79.2818,43.8564],[-79.33062,43.8453],[-79.36812,43.83922],[-79.38705,43.83688],[-79.40603,43.83834],[-79.39794,43.80554],[-79.39622,43.80326],[-79.34131,43.81564],[-79.29732,43.82594],[-79.22773,43.8421]]]},"properties":{"ed_id":57,"electoral_district":"Markham—Thornhill","electoral_district_fr":"Markham—Thornhill","overall_y2020_pct_attached":87.97813302410337,"overall_y2020_pct_unattached":12.021866975896629,"overall_y2020_n_attached":106216,"overall_y2020_n_unattached":14514,"overall_y2020_n_total":120730,"overall_y2020_fsa_count":3,"overall_y2020_fsa_with_data":3,"overall_y2022_pct_attached":84.66508157743708,"overall_y2022_pct_unattached":15.334918422562927,"overall_y2022_n_attached":103266,"overall_y2022_n_unattached":18704,"overall_y2022_n_total":121970,"overall_y2022_fsa_count":3,"overall_y2022_fsa_with_data":3,"overall_change_pct_attached":-3.313051446666293,"children_y2020_pct_attached":92.43721735783701,"children_y2020_pct_unattached":7.562782642162995,"children_y2020_n_attached":19214,"children_y2020_n_unattached":1572,"children_y2020_n_total":20786,"children_y2020_fsa_count":3,"children_y2020_fsa_with_data":3,"children_y2022_pct_attached":85.26525456665371,"children_y2022_pct_unattached":14.734745433346289,"children_y2022_n_attached":17551,"children_y2022_n_unattached":3033,"children_y2022_n_total":20584,"children_y2022_fsa_count":3,"children_y2022_fsa_with_data":3,"children_change_pct_attached":-7.171962791183304,"adults_y2020_pct_attached":87.05074841911471,"adults_y2020_pct_unattached":12.949251580885296,"adults_y2020_n_attached":87002,"adults_y2020_n_unattached":12942,"adults_y2020_n_total":99944,"adults_y2020_fsa_count":3,"adults_y2020_fsa_with_data":3,"adults_y2022_pct_attached":84.5432308208234,"adults_y2022_pct_unattached":15.456769179176613,"adults_y2022_n_attached":85715,"adults_y2022_n_unattached":15671,"adults_y2022_n_total":101386,"adults_y2022_fsa_count":3,"adults_y2022_fsa_with_data":3,"adults_change_pct_attached":-2.507517598291315,"has_data":true,"name":"Markham—Thornhill"}},
{"type":"Feature","geometry":{"type":"Polygon","coordinates":[[[-79.68167,43.52276],[-79.69735,43.50824],[-79.71322,43.49369],[-79.69547,43.4807],[-79.71523,43.46312],[-79.71892,43.46165],[-79.72435,43.45389],[-79.73007,43.44961],[-79.77435,43.40825],[-79.75652,43.39532],[-79.72033,43.36869],[-79.7154,43.37301],[-79.71261,43.37098],[-79.71117,43.37208],[-79.71406,43.37416],[-79.68322,43.39878],[-79.67578,43.4058],[-79.63352,43.46393],[-79.61624,43.47487],[-79.68167,43.52276]]]},"properties":{"ed_id":74,"electoral_district":"Oakville","electoral_district_fr":"Oakville","overall_y2020_pct_attached":90.75512761326914,"overall_y2020_pct_unattached":9.244872386730858,"overall_y2020_n_attached":137612,"overall_y2020_n_unattached":14018,"overall_y2020_n_total":151630,"overall_y2020_fsa_count":4,"overall_y2020_fsa_with_data":4,"overall_y2022_pct_attached":89.0230067613559,"overall_y2022_pct_unattached":10.976993238644098,"overall_y2022_n_attached":137326,"overall_y2022_n_unattached":16933,"overall_y2022_n_total":154259,"overall_y2022_fsa_count":4,"overall_y2022_fsa_with_data":4,"overall_change_pct_attached":-1.732120851913237,"children_y2020_pct_attached":94.80110627280216,"children_y2020_pct_unattached":5.198893727197835,"children_y2020_n_attached":32221,"children_y2020_n_unattached":1767,"children_y2020_n_total":33988,"children_y2020_fsa_count":4,"children_y2020_fsa_with_data":4,"children_y2022_pct_attached":89.56678914306033,"children_y2022_pct_unattached":10.43321085693967,"children_y2022_n_attached":30227,"children_y2022_n_unattached":3521,"children_y2022_n_total":33748,"children_y2022_fsa_count":4,"children_y2022_fsa_with_data":4,"children_change_pct_attached":-5.234317129741825,"adults_y2020_pct_attached":89.58620220669489,"adults_y2020_pct_unattached":10.413797793305111,"adults_y2020_n_attached":105391,"adults_y2020_n_unattached":12251,"adults_y2020_n_total":117642,"adults_y2020_fsa_count":4,"adults_y2020_fsa_with_data":4,"adults_y2022_pct_attached":88.87072549393831,"adults_y2022_pct_unattached":11.129274506061687,"adults_y2022_n_attached":107099,"adults_y2022_n_unattached":13412,"adults_y2022_n_total":120511,"adults_y2022_fsa_count":4,"adults_y2022_fsa_with_data":4,"adults_change_pct_attached":-0.7154767127565833,"has_data":true,"name":"Oakville"}},
{"type":"Feature","geometry":{"type":"Polygon","coordinates":[[[-79.69355,43.57057],[-79.7067,43.55884],[-79.72829,43.57385],[-79.73331,43.5785],[-79.76261,43.55239],[-79.74765,43.54019],[-79.73547,43.53285],[-79.7265,43.52625],[-79.72418,43.52493],[-79.71757,43.52325],[-79.69735,43.50824],[-79.68167,43.52276],[-79.66643,43.53673],[-79.65808,43.54323],[-79.65806,43.54498],[-79.65501,43.54877],[-79.65775,43.5519],[-79.66142,43.55329],[-79.66408,43.55603],[-79.66756,43.55569],[-79.67386,43.56192],[-79.67754,43.56172],[-79.67968,43.56281],[-79.6836,43.56149],[-79.68494,43.56331],[-79.68304,43.56524],[-79.68801,43.56693],[-79.69045,43.56658],[-79.69084,43.5686],[-79.69355,43.57057]]]},"properties":{"ed_id":62,"electoral_district":"Mississauga—Erin Mills","electoral_district_fr":"Mississauga—Erin Mills","overall_y2020_pct_attached":88.03282452896318,"overall_y2020_pct_unattached":11.967175471036825,"overall_y2020_n_attached":145682,"overall_y2020_n_unattached":19804,"overall_y2020_n_total":165486,"overall_y2020_fsa_count":2,"overall_y2020_fsa_with_data":2,"overall_y2022_pct_attached":86.29239766081871,"overall_y2022_pct_unattached":13.707602339181287,"overall_y2022_n_attached":143871,"overall_y2022_n_unattached":22854,"overall_y2022_n_total":166725,"overall_y2022_fsa_count":2,"overall_y2022_fsa_with_data":2,"overall_change_pct_attached":-1.7404268681444677,"children_y2020_pct_attached":93.49481795645292,"children_y2020_pct_unattached":6.505182043547086,"children_y2020_n_attached":31303,"children_y2020_n_unattached":2178,"children_y2020_n_total":33481,"children_y2020_fsa_count":2,"children_y2020_fsa_with_data":2,"children_y2022_pct_attached":88.68977227932928,"children_y2022_pct_unattached":11.310227720670731,"children_y2022_n_attached":29249,"children_y2022_n_unattached":3730,"children_y2022_n_total":32979,"children_y2022_fsa_count":2,"children_y2022_fsa_with_data":2,"children_change_pct_attached":-4.805045677123644,"adults_y2020_pct_attached":86.64747547441385,"adults_y2020_pct_unattached":13.352524525586151,"adults_y2020_n_attached":114379,"adults_y2020_n_unattached":17626,"adults_y2020_n_total":132005,"adults_y2020_fsa_count":2,"adults_y2020_fsa_with_data":2,"adults_y2022_pct_attached":85.70125461696051,"adults_y2022_pct_unattached":14.298745383039494,"adults_y2022_n_attached":114622,"adults_y2022_n_unattached":19124,"adults_y2022_n_total":133746,"adults_y2022_fsa_count":2,"adults_y2022_fsa_with_data":2,"adults_change_pct_attached":-0.9462208574533406,"has_data":true,"name":"Mississauga—Erin Mills"}},
{"type":"Feature","geometry":{"type":"Polygon","coordinates":[[[-79.39622,43.80326],[-79.44574,43.7924],[-79.44537,43.79082],[-79.44662,43.78811],[-79.43997,43.76154],[-79.43773,43.76058],[-79.43793,43.75912],[-79.43541,43.75907],[-79.43324,43.75723],[-79.43017,43.75745],[-79.42818,43.75423],[-79.42374,43.75169],[-79.42247,43.74972],[-79.41776,43.74975],[-79.41514,43.75196],[-79.4114,43.75168],[-79.40838,43.7536],[-79.39683,43.76064],[-79.38705,43.76332],[-79.39622,43.80326]]]},"properties":{"ed_id":117,"electoral_district":"Willowdale","electoral_district_fr":"Willowdale","overall_y2020_pct_attached":84.2023609971825,"overall_y2020_pct_unattached":15.797639002817505,"overall_y2020_n_attached":94438,"overall_y2020_n_unattached":17718,"overall_y2020_n_total":112156,"overall_y2020_fsa_count":2,"overall_y2020_fsa_with_data":2,"overall_y2022_pct_attached":80.10386724742978,"overall_y2022_pct_unattached":19.896132752570228,"overall_y2022_n_attached":90849,"overall_y2022_n_unattached":22565,"overall_y2022_n_total":113414,"overall_y2022_fsa_count":2,"overall_y2022_fsa_with_data":2,"overall_change_pct_attached":-4.09849374975272,"children_y2020_pct_attached":87.97873703086974,"children_y2020_pct_unattached":12.021262969130268,"children_y2020_n_attached":13737,"children_y2020_n_unattached":1877,"children_y2020_n_total":15614,"children_y2020_fsa_count":2,"children_y2020_fsa_with_data":2,"children_y2022_pct_attached":79.7331965110313,"children_y2022_pct_unattached":20.2668034889687,"children_y2022_n_attached":12432,"children_y2022_n_unattached":3160,"children_y2022_n_total":15592,"children_y2022_fsa_count":2,"children_y2022_fsa_with_data":2,"children_change_pct_attached":-8.245540519838443,"adults_y2020_pct_attached":83.5915974394564,"adults_y2020_pct_unattached":16.408402560543596,"adults_y2020_n_attached":80701,"adults_y2020_n_unattached":15841,"adults_y2020_n_total":96542,"adults_y2020_fsa_count":2,"adults_y2020_fsa_with_data":2,"adults_y2022_pct_attached":80.16294902987057,"adults_y2022_pct_unattached":19.837050970129418,"adults_y2022_n_attached":78417,"adults_y2022_n_unattached":19405,"adults_y2022_n_total":97822,"adults_y2022_fsa_count":2,"adults_y2022_fsa_with_data":2,"adults_change_pct_attached":-3.4286484095858185,"has_data":true,"name":"Willowdale"}},
{"type":"Feature","geometry":{"type":"Polygon","coordinates":[[[-79.30062,43.7198],[-79.30264,43.72479],[-79.3197,43.76836],[-79.36297,43.76633],[-79.35534,43.73196],[-79.34892,43.7246],[-79.35001,43.71718],[-79.35267,43.71621],[-79.35193,43.71572],[-79.34706,43.71613],[-79.34681,43.71525],[-79.34502,43.71528],[-79.34141,43.71274],[-79.33985,43.71307],[-79.3402,43.71133],[-79.33788,43.70888],[-79.33448,43.70998],[-79.33368,43.70705],[-79.33467,43.70312],[-79.33304,43.70342],[-79.33207,43.70598],[-79.32795,43.70807],[-79.32576,43.70821],[-79.32436,43.70983],[-79.31881,43.71103],[-79.31945,43.71258],[-79.32166,43.71242],[-79.32027,43.71375],[-79.32096,43.71445],[-79.32002,43.71555],[-79.30062,43.7198]]]},"properties":{"ed_id":20,"electoral_district":"Don Valley East","electoral_district_fr":"Don Valley-Est","overall_y2020_pct_attached":85.82704223537118,"overall_y2020_pct_unattached":14.172957764628816,"overall_y2020_n_attached":79923,"overall_y2020_n_unattached":13198,"overall_y2020_n_total":93121,"overall_y2020_fsa_count":3,"overall_y2020_fsa_with_data":3,"overall_y2022_pct_attached":83.23952470293933,"overall_y2022_pct_unattached":16.760475297060662,"overall_y2022_n_attached":77198,"overall_y2022_n_unattached":15544,"overall_y2022_n_total":92742,"overall_y2022_fsa_count":3,"overall_y2022_fsa_with_data":3,"overall_change_pct_attached":-2.5875175324318462,"children_y2020_pct_attached":91.09549591060939,"children_y2020_pct_unattached":8.904504089390624,"children_y2020_n_attached":15816,"children_y2020_n_unattached":1546,"children_y2020_n_total":17362,"children_y2020_fsa_count":3,"children_y2020_fsa_with_data":3,"children_y2022_pct_attached":82.96291963972394,"children_y2022_pct_unattached":17.037080360276054,"children_y2022_n_attached":14185,"children_y2022_n_unattached":2913,"children_y2022_n_total":17098,"children_y2022_fsa_count":3,"children_y2022_fsa_with_data":3,"children_change_pct_attached":-8.132576270885451,"adults_y2020_pct_attached":84.61964915059596,"adults_y2020_pct_unattached":15.380350849404032,"adults_y2020_n_attached":64107,"adults_y2020_n_unattached":11652,"adults_y2020_n_total":75759,"adults_y2020_fsa_count":3,"adults_y2020_fsa_with_data":3,"adults_y2022_pct_attached":83.30204642800486,"adults_y2022_pct_unattached":16.697953571995136,"adults_y2022_n_attached":63013,"adults_y2022_n_unattached":12631,"adults_y2022_n_total":75644,"adults_y2022_fsa_count":3,"adults_y2022_fsa_with_data":3,"adults_change_pct_attached":-1.3176027225911042,"has_data":true,"name":"Don Valley East"}},
{"type":"Feature","geometry":{"type":"Polygon","coordinates":[[[-79.21564,43.79369],[-79.23186,43.78663],[-79.25488,43.78124],[-79.24541,43.75554],[-79.23526,43.75771],[-79.22876,43.74103],[-79.2189,43.74317],[-79.21218,43.72725],[-79.1894,43.74463],[-79.17859,43.75048],[-79.1935,43.78564],[-79.19691,43.79652],[-79.21564,43.79369]]]},"properties":{"ed_id":95,"electoral_district":"Scarborough—Guildwood","electoral_district_fr":"Scarborough—Guildwood","overall_y2020_pct_attached":85.4743343501676,"overall_y2020_pct_unattached":14.525665649832412,"overall_y2020_n_attached":90784,"overall_y2020_n_unattached":15428,"overall_y2020_n_total":106212,"overall_y2020_fsa_count":3,"overall_y2020_fsa_with_data":3,"overall_y2022_pct_attached":81.1233621113347,"overall_y2022_pct_unattached":18.8766378886653,"overall_y2022_n_attached":87481,"overall_y2022_n_unattached":20356,"overall_y2022_n_total":107837,"overall_y2022_fsa_count":3,"overall_y2022_fsa_with_data":3,"overall_change_pct_attached":-4.350972238832895,"children_y2020_pct_attached":93.03830597192481,"children_y2020_pct_unattached":6.9616940280751844,"children_y2020_n_attached":19552,"children_y2020_n_unattached":1463,"children_y2020_n_total":21015,"children_y2020_fsa_count":3,"children_y2020_fsa_with_data":3,"children_y2022_pct_attached":85.50091249639804,"children_y2022_pct_unattached":14.49908750360196,"children_y2022_n_attached":17803,"children_y2022_n_unattached":3019,"children_y2022_n_total":20822,"children_y2022_fsa_count":3,"children_y2022_fsa_with_data":3,"children_change_pct_attached":-7.53739347552677,"adults_y2020_pct_attached":83.60857776682278,"adults_y2020_pct_unattached":16.391422233177224,"adults_y2020_n_attached":71232,"adults_y2020_n_unattached":13965,"adults_y2020_n_total":85197,"adults_y2020_fsa_count":3,"adults_y2020_fsa_with_data":3,"adults_y2022_pct_attached":80.07584899155317,"adults_y2022_pct_unattached":19.92415100844682,"adults_y2022_n_attached":69678,"adults_y2022_n_unattached":17337,"adults_y2022_n_total":87015,"adults_y2022_fsa_count":3,"adults_y2022_fsa_with_data":3,"adults_change_pct_attached":-3.5327287752696037,"has_data":true,"name":"Scarborough—Guildwood"}},
{"type":"Feature","geometry":{"type":"Polygon","coordinates":[[[-78.17759,45.31036],[-78.1101,45.18486],[-78.09988,45.16811],[-78.00432,44.98579],[-77.99728,44.9733],[-77.99602,44.97315],[-77.99643,44.97194],[-77.9612,44.9115],[-77.88763,44.77453],[-77.88547,44.76985],[-77.88782,44.76926],[-77.86798,44.72467],[-77.85885,44.70688],[-77.84217,44.65751],[-77.83523,44.64231],[-77.81399,44.60055],[-77.79933,44.57639],[-77.75394,44.48458],[-77.72743,44.43658],[-77.69198,44.36859],[-77.6462,44.27217],[-77.56743,44.29123],[-77.56381,44.28372],[-77.53729,44.29042],[-77.53979,44.29574],[-77.54172,44.29757],[-77.47297,44.31449],[-77.41161,44.18873],[-77.38266,44.19638],[-77.35832,44.2058],[-77.29283,44.22143],[-77.28736,44.22213],[-77.28038,44.22153],[-77.26945,44.21828],[-77.24871,44.17666],[-77.25163,44.17679],[-77.24897,44.1728],[-77.25098,44.17083],[-77.24645,44.17207],[-77.23418,44.1476],[-77.22208,44.14671],[-77.21314,44.14746],[-77.19454,44.15086],[-77.17675,44.15572],[-77.17117,44.15651],[-77.15239,44.15579],[-77.14231,44.158],[-77.12427,44.16432],[-77.10908,44.16758],[-77.07177,44.17804],[-77.05996,44.18431],[-77.05678,44.18526],[-77.05276,44.18527],[-77.05042,44.18451],[-77.04992,44.17964],[-77.05624,44.15268],[-77.06976,44.1255],[-77.07196,44.10722],[-77.07955,44.08868],[-77.08559,44.07904],[-77.08696,44.07358],[-77.08704,44.0707],[-77.08543,44.06589],[-77.0842,44.06339],[-77.08041,44.05955],[-77.06599,44.0493],[-77.0546,44.04431],[-77.04161,44.04308],[-77.02098,44.0447],[-77,44.0514],[-76.97162,44.05704],[-76.96201,44.06056],[-76.95777,44.06264],[-76.94898,44.06965],[-76.92803,44.08348],[-76.91508,44.09423],[-76.89126,44.10496],[-76.87827,44.10978],[-76.86376,44.11883],[-76.8372,44.13282],[-76.75812,44.0111],[-76.6349,44.03228],[-76.55163,44.04961],[-76.53194,44.05293],[-76.63628,44.23729],[-76.64402,44.25022],[-76.66755,44.28508],[-76.69967,44.33096],[-76.7212,44.36424],[-76.74106,44.38977],[-76.77958,44.44271],[-76.82208,44.50291],[-76.88766,44.58723],[-76.92582,44.63905],[-77.03306,44.61241],[-77.11738,44.77706],[-77.16751,44.76399],[-77.16696,44.76642],[-77.16856,44.7698],[-77.17114,44.77162],[-77.17113,44.77252],[-77.17555,44.77531],[-77.17617,44.7768],[-77.17398,44.7821],[-77.17499,44.78703],[-77.18254,44.80689],[-77.19486,44.84654],[-77.22179,44.91939],[-77.1927,44.92725],[-77.19245,44.92807],[-77.19028,44.9279],[-77.06534,44.96203],[-77.11079,45.04775],[-77.13964,45.09876],[-77.21333,45.23552],[-77.37737,45.19059],[-77.49616,45.1566],[-77.54475,45.14404],[-77.63553,45.31213],[-77.62355,45.31539],[-77.6899,45.43808],[-77.70974,45.43275],[-77.70939,45.43171],[-77.7799,45.41363],[-77.96831,45.36268],[-78.08726,45.33235],[-78.17759,45.31036]]]},"properties":{"ed_id":40,"electoral_district":"Hastings—Lennox and Addington","electoral_district_fr":"Hastings—Lennox and Addington","overall_y2020_pct_attached":89.95807287355191,"overall_y2020_pct_unattached":10.041927126448098,"overall_y2020_n_attached":201041,"overall_y2020_n_unattached":22442,"overall_y2020_n_total":223483,"overall_y2020_fsa_count":4,"overall_y2020_fsa_with_data":4,"overall_y2022_pct_attached":88.08458653085103,"overall_y2022_pct_unattached":11.915413469148973,"overall_y2022_n_attached":204772,"overall_y2022_n_unattached":27700,"overall_y2022_n_total":232472,"overall_y2022_fsa_count":4,"overall_y2022_fsa_with_data":4,"overall_change_pct_attached":-1.873486342700886,"children_y2020_pct_attached":93.35932175667203,"children_y2020_pct_unattached":6.640678243327971,"children_y2020_n_attached":34247,"children_y2020_n_unattached":2436,"children_y2020_n_total":36683,"children_y2020_fsa_count":4,"children_y2020_fsa_with_data":4,"children_y2022_pct_attached":89.90596764026056,"children_y2022_pct_unattached":10.09403235973944,"children_y2022_n_attached":34229,"children_y2022_n_unattached":3843,"children_y2022_n_total":38072,"children_y2022_fsa_count":4,"children_y2022_fsa_with_data":4,"children_change_pct_attached":-3.453354116411475,"adults_y2020_pct_attached":89.29014989293363,"adults_y2020_pct_unattached":10.70985010706638,"adults_y2020_n_attached":166794,"adults_y2020_n_unattached":20006,"adults_y2020_n_total":186800,"adults_y2020_fsa_count":4,"adults_y2020_fsa_with_data":4,"adults_y2022_pct_attached":87.72788065843622,"adults_y2022_pct_unattached":12.272119341563787,"adults_y2022_n_attached":170543,"adults_y2022_n_unattached":23857,"adults_y2022_n_total":194400,"adults_y2022_fsa_count":4,"adults_y2022_fsa_with_data":4,"adults_change_pct_attached":-1.562269234497407,"has_data":true,"name":"Hastings—Lennox and Addington"}},
{"type":"Feature","geometry":{"type":"Polygon","coordinates":[[[-77.13964,45.09876],[-77.11079,45.04775],[-77.06534,44.96203],[-77.19028,44.9279],[-77.19245,44.92807],[-77.1927,44.92725],[-77.22179,44.91939],[-77.19486,44.84654],[-77.18254,44.80689],[-77.17499,44.78703],[-77.17398,44.7821],[-77.17617,44.7768],[-77.17555,44.77531],[-77.17113,44.77252],[-77.17114,44.77162],[-77.16856,44.7698],[-77.16696,44.76642],[-77.16751,44.76399],[-77.11738,44.77706],[-77.03306,44.61241],[-76.92582,44.63905],[-76.88766,44.58723],[-76.82208,44.50291],[-76.77958,44.44271],[-76.74106,44.38977],[-76.7212,44.36424],[-76.69967,44.33096],[-76.66755,44.28508],[-76.63212,44.28723],[-76.59322,44.28765],[-76.58544,44.28978],[-76.58093,44.29015],[-76.57639,44.28913],[-76.56689,44.28396],[-76.54793,44.27786],[-76.5333,44.27593],[-76.51165,44.27028],[-76.4942,44.26909],[-76.49006,44.27012],[-76.47605,44.27718],[-76.43182,44.28818],[-76.41787,44.29489],[-76.41078,44.30235],[-76.38485,44.31454],[-76.38046,44.31597],[-76.34583,44.32163],[-76.28984,44.32599],[-76.23534,44.33121],[-76.23547,44.35146],[-76.24046,44.37966],[-76.24328,44.40885],[-76.24853,44.44686],[-76.24784,44.44685],[-76.24851,44.45604],[-76.25564,44.49684],[-76.26464,44.49106],[-76.29139,44.51244],[-76.30966,44.52582],[-76.46229,44.66322],[-76.50065,44.69941],[-76.52215,44.7184],[-76.46623,44.75131],[-76.47005,44.7547],[-76.40322,44.79397],[-76.3197,44.72607],[-76.29081,44.7034],[-76.28835,44.70395],[-76.27132,44.71293],[-76.25491,44.72032],[-76.24536,44.72611],[-76.23744,44.73285],[-76.22726,44.74679],[-76.20048,44.79023],[-76.19981,44.8013],[-76.18851,44.81066],[-76.18715,44.81538],[-76.18271,44.81822],[-76.17994,44.82319],[-76.17338,44.82667],[-76.1668,44.83521],[-76.14761,44.84573],[-76.13459,44.84958],[-76.12758,44.85417],[-76.1231,44.86036],[-76.11225,44.86822],[-76.10506,44.87042],[-76.09727,44.87076],[-76.09513,44.87248],[-76.08948,44.86774],[-76.08423,44.8679],[-76.08557,44.88055],[-76.08198,44.88303],[-76.07936,44.8829],[-76.07778,44.88812],[-76.0735,44.89251],[-76.06472,44.89186],[-76.0632,44.89099],[-76.05996,44.89156],[-76.05871,44.89264],[-76.05987,44.89672],[-76.05831,44.89663],[-76.05547,44.89481],[-76.05365,44.89893],[-76.05207,44.90001],[-76.04783,44.90024],[-76.04437,44.89734],[-76.04333,44.89366],[-76.03766,44.89346],[-76.03587,44.89145],[-76.03416,44.89105],[-76.03402,44.89166],[-76.03165,44.89074],[-76.03724,44.87973],[-76.03547,44.87832],[-76.02574,44.88504],[-76.01655,44.87751],[-76.01674,44.8785],[-76.0149,44.87928],[-76.01509,44.88025],[-76.01178,44.88107],[-76.01057,44.88007],[-76.0056,44.88318],[-76.0095,44.88655],[-76.00711,44.88806],[-76.00506,44.8869],[-76.00359,44.89236],[-75.9999,44.89082],[-75.99672,44.89049],[-75.9969,44.88575],[-75.99587,44.884],[-75.99189,44.88404],[-75.98826,44.88103],[-75.98326,44.87943],[-75.98179,44.87413],[-75.98009,44.87249],[-75.97169,44.87093],[-75.96259,44.87053],[-75.95821,44.8713],[-75.9537,44.87342],[-75.95021,44.87633],[-75.94669,44.88117],[-75.94178,44.88468],[-75.9362,44.88669],[-75.92967,44.88676],[-75.92757,44.8874],[-75.92661,44.88662],[-75.92751,44.88195],[-75.926,44.87753],[-75.92214,44.87176],[-75.91967,44.86967],[-75.91434,44.86827],[-75.90447,44.86967],[-75.89346,44.86919],[-75.88829,44.87121],[-75.88522,44.8742],[-75.88306,44.87995],[-75.87862,44.885],[-75.87711,44.89421],[-75.87032,44.90663],[-75.86677,44.90906],[-75.86085,44.91092],[-75.85809,44.9155],[-75.85206,44.91498],[-75.84725,44.91576],[-75.84762,44.91827],[-75.84674,44.91877],[-75.85454,44.92516],[-75.84395,44.93138],[-75.83645,44.92511],[-75.83578,44.92633],[-75.83169,44.926],[-75.83186,44.92846],[-75.82728,44.93642],[-75.82636,44.94028],[-75.82102,44.9466],[-75.81976,44.95081],[-75.8177,44.95249],[-75.81633,44.95627],[-75.81646,44.95814],[-75.81902,44.96006],[-75.81945,44.9618],[-75.86997,45.002],[-75.95313,45.07234],[-75.94081,45.07993],[-76.0505,45.17145],[-76.14777,45.25033],[-76.2106,45.30312],[-76.21443,45.30078],[-76.35559,45.40939],[-76.39042,45.38563],[-76.42641,45.35968],[-76.45339,45.34164],[-76.50381,45.30998],[-76.50609,45.31181],[-76.53264,45.29544],[-76.65513,45.21771],[-76.69767,45.18886],[-76.75065,45.15832],[-76.76928,45.14493],[-76.81255,45.22075],[-76.84497,45.2175],[-76.85062,45.21601],[-76.86512,45.20841],[-76.88143,45.19806],[-76.89004,45.1944],[-76.89399,45.19397],[-76.89579,45.19396],[-76.89969,45.19645],[-76.90225,45.19698],[-76.91173,45.194],[-76.91528,45.19422],[-76.91756,45.19664],[-76.91874,45.19956],[-76.91747,45.20043],[-76.91745,45.20224],[-76.92679,45.20892],[-76.93205,45.21054],[-76.94033,45.20876],[-76.94588,45.2038],[-76.94852,45.20267],[-76.95113,45.20172],[-76.95664,45.20129],[-76.95937,45.20009],[-76.98247,45.18312],[-76.98576,45.1832],[-76.9888,45.18546],[-76.99195,45.18577],[-76.9695,45.1445],[-77.13964,45.09876]]]},"properties":{"ed_id":51,"electoral_district":"Lanark—Frontenac—Kingston","electoral_district_fr":"Lanark—Frontenac—Kingston","overall_y2020_pct_attached":90.31835503334392,"overall_y2020_pct_unattached":9.681644966656082,"overall_y2020_n_attached":91012,"overall_y2020_n_unattached":9756,"overall_y2020_n_total":100768,"overall_y2020_fsa_count":4,"overall_y2020_fsa_with_data":4,"overall_y2022_pct_attached":89.83026563380551,"overall_y2022_pct_unattached":10.169734366194492,"overall_y2022_n_attached":94046,"overall_y2022_n_unattached":10647,"overall_y2022_n_total":104693,"overall_y2022_fsa_count":4,"overall_y2022_fsa_with_data":4,"overall_change_pct_attached":-0.4880893995384099,"children_y2020_pct_attached":93.14513727592163,"children_y2020_pct_unattached":6.854862724078376,"children_y2020_n_attached":15640,"children_y2020_n_unattached":1151,"children_y2020_n_total":16791,"children_y2020_fsa_count":4,"children_y2020_fsa_with_data":4,"children_y2022_pct_attached":91.02063895957025,"children_y2022_pct_unattached":8.979361040429742,"children_y2022_n_attached":16097,"children_y2022_n_unattached":1588,"children_y2022_n_total":17685,"children_y2022_fsa_count":4,"children_y2022_fsa_with_data":4,"children_change_pct_attached":-2.124498316351378,"adults_y2020_pct_attached":89.75314669492838,"adults_y2020_pct_unattached":10.246853305071626,"adults_y2020_n_attached":75372,"adults_y2020_n_unattached":8605,"adults_y2020_n_total":83977,"adults_y2020_fsa_count":4,"adults_y2020_fsa_with_data":4,"adults_y2022_pct_attached":89.58831371827878,"adults_y2022_pct_unattached":10.41168628172122,"adults_y2022_n_attached":77949,"adults_y2022_n_unattached":9059,"adults_y2022_n_total":87008,"adults_y2022_fsa_count":4,"adults_y2022_fsa_with_data":4,"adults_change_pct_attached":-0.16483297664959196,"has_data":true,"name":"Lanark—Frontenac—Kingston"}},
{"type":"Feature","geometry":{"type":"Polygon","coordinates":[[[-81.31978,43.03622],[-81.36914,43.02186],[-81.36293,43.00993],[-81.36202,43.0102],[-81.35885,43.00442],[-81.34742,42.98179],[-81.34949,42.9851],[-81.35179,42.98654],[-81.35377,42.98672],[-81.35804,42.98534],[-81.36113,42.98298],[-81.36497,42.98211],[-81.36902,42.97937],[-81.37653,42.97128],[-81.38309,42.9689],[-81.38513,42.96679],[-81.38918,42.96508],[-81.39033,42.96372],[-81.39052,42.96245],[-81.38795,42.95808],[-81.38921,42.95428],[-81.38451,42.9518],[-81.38065,42.94332],[-81.38189,42.94308],[-81.37788,42.93435],[-81.37806,42.93627],[-81.37637,42.93696],[-81.37517,42.93687],[-81.3755,42.93579],[-81.37325,42.93644],[-81.37139,42.93533],[-81.36938,42.93523],[-81.36619,42.93652],[-81.36649,42.93877],[-81.3689,42.93898],[-81.36934,42.94089],[-81.37053,42.94144],[-81.36962,42.9426],[-81.36825,42.94127],[-81.36473,42.94272],[-81.36267,42.94102],[-81.36017,42.94087],[-81.35983,42.94149],[-81.3592,42.94026],[-81.35805,42.94055],[-81.35812,42.93979],[-81.35598,42.93867],[-81.3563,42.93774],[-81.35353,42.93787],[-81.35284,42.93657],[-81.35379,42.93473],[-81.35292,42.93391],[-81.25802,42.94071],[-81.25742,42.94355],[-81.26051,42.95685],[-81.21636,42.95887],[-81.21994,42.96104],[-81.22586,42.9674],[-81.22977,42.97469],[-81.23325,42.97357],[-81.23552,42.975],[-81.24274,42.97282],[-81.24403,42.97358],[-81.24477,42.97592],[-81.24822,42.97467],[-81.25265,42.97713],[-81.25559,42.97662],[-81.25566,42.97847],[-81.26383,42.97693],[-81.27496,42.97806],[-81.27724,42.97695],[-81.28843,42.97572],[-81.28984,42.97502],[-81.28982,42.97188],[-81.29193,42.97119],[-81.28996,42.97848],[-81.31978,43.03622]]]},"properties":{"ed_id":55,"electoral_district":"London West","electoral_district_fr":"London-Ouest","overall_y2020_pct_attached":86.8819551723819,"overall_y2020_pct_unattached":13.118044827618105,"overall_y2020_n_attached":93922,"overall_y2020_n_unattached":14181,"overall_y2020_n_total":108103,"overall_y2020_fsa_count":3,"overall_y2020_fsa_with_data":3,"overall_y2022_pct_attached":84.07645590905432,"overall_y2022_pct_unattached":15.923544090945683,"overall_y2022_n_attached":94000,"overall_y2022_n_unattached":17803,"overall_y2022_n_total":111803,"overall_y2022_fsa_count":3,"overall_y2022_fsa_with_data":3,"overall_change_pct_attached":-2.805499263327576,"children_y2020_pct_attached":91.09894566098946,"children_y2020_pct_unattached":8.901054339010543,"children_y2020_n_attached":17972,"children_y2020_n_unattached":1756,"children_y2020_n_total":19728,"children_y2020_fsa_count":3,"children_y2020_fsa_with_data":3,"children_y2022_pct_attached":86.10637156924878,"children_y2022_pct_unattached":13.893628430751232,"children_y2022_n_attached":17663,"children_y2022_n_unattached":2850,"children_y2022_n_total":20513,"children_y2022_fsa_count":3,"children_y2022_fsa_with_data":3,"children_change_pct_attached":-4.9925740917406785,"adults_y2020_pct_attached":85.94059405940594,"adults_y2020_pct_unattached":14.059405940594061,"adults_y2020_n_attached":75950,"adults_y2020_n_unattached":12425,"adults_y2020_n_total":88375,"adults_y2020_fsa_count":3,"adults_y2020_fsa_with_data":3,"adults_y2022_pct_attached":83.6203308138898,"adults_y2022_pct_unattached":16.3796691861102,"adults_y2022_n_attached":76337,"adults_y2022_n_unattached":14953,"adults_y2022_n_total":91290,"adults_y2022_fsa_count":3,"adults_y2022_fsa_with_data":3,"adults_change_pct_attached":-2.320263245516145,"has_data":true,"name":"London West"}},
{"type":"Feature","geometry":{"type":"Polygon","coordinates":[[[-79.27845,43.67038],[-79.25447,43.68694],[-79.24543,43.69132],[-79.23268,43.69984],[-79.22158,43.7102],[-79.21852,43.72101],[-79.21218,43.72725],[-79.2189,43.74317],[-79.22876,43.74103],[-79.30264,43.72479],[-79.30062,43.7198],[-79.28315,43.67863],[-79.28189,43.67833],[-79.27845,43.67038]]]},"properties":{"ed_id":98,"electoral_district":"Scarborough Southwest","electoral_district_fr":"Scarborough-Sud-Ouest","overall_y2020_pct_attached":86.55955225298291,"overall_y2020_pct_unattached":13.440447747017089,"overall_y2020_n_attached":118468,"overall_y2020_n_unattached":18395,"overall_y2020_n_total":136863,"overall_y2020_fsa_count":4,"overall_y2020_fsa_with_data":4,"overall_y2022_pct_attached":82.8664778915269,"overall_y2022_pct_unattached":17.133522108473098,"overall_y2022_n_attached":114132,"overall_y2022_n_unattached":23598,"overall_y2022_n_total":137730,"overall_y2022_fsa_count":4,"overall_y2022_fsa_with_data":4,"overall_change_pct_attached":-3.693074361456013,"children_y2020_pct_attached":93.3130699088146,"children_y2020_pct_unattached":6.68693009118541,"children_y2020_n_attached":24867,"children_y2020_n_unattached":1782,"children_y2020_n_total":26649,"children_y2020_fsa_count":4,"children_y2020_fsa_with_data":4,"children_y2022_pct_attached":85.3950123738816,"children_y2022_pct_unattached":14.60498762611841,"children_y2022_n_attached":22429,"children_y2022_n_unattached":3836,"children_y2022_n_total":26265,"children_y2022_fsa_count":4,"children_y2022_fsa_with_data":4,"children_change_pct_attached":-7.9180575349329985,"adults_y2020_pct_attached":84.92659734697952,"adults_y2020_pct_unattached":15.073402653020487,"adults_y2020_n_attached":93601,"adults_y2020_n_unattached":16613,"adults_y2020_n_total":110214,"adults_y2020_fsa_count":4,"adults_y2020_fsa_with_data":4,"adults_y2022_pct_attached":82.2706679226663,"adults_y2022_pct_unattached":17.729332077333694,"adults_y2022_n_attached":91703,"adults_y2022_n_unattached":19762,"adults_y2022_n_total":111465,"adults_y2022_fsa_count":4,"adults_y2022_fsa_with_data":4,"adults_change_pct_attached":-2.6559294243132143,"has_data":true,"name":"Scarborough Southwest"}},
{"type":"Feature","geometry":{"type":"Polygon","coordinates":[[[-79.27477,43.77729],[-79.31084,43.76892],[-79.31965,43.76836],[-79.3197,43.76836],[-79.30264,43.72479],[-79.22876,43.74103],[-79.23526,43.75771],[-79.24541,43.75554],[-79.25488,43.78124],[-79.27477,43.77729]]]},"properties":{"ed_id":94,"electoral_district":"Scarborough Centre","electoral_district_fr":"Scarborough-Centre","overall_y2020_pct_attached":85.75721411829352,"overall_y2020_pct_unattached":14.24278588170649,"overall_y2020_n_attached":99884,"overall_y2020_n_unattached":16589,"overall_y2020_n_total":116473,"overall_y2020_fsa_count":3,"overall_y2020_fsa_with_data":3,"overall_y2022_pct_attached":81.67070115088971,"overall_y2022_pct_unattached":18.32929884911029,"overall_y2022_n_attached":96155,"overall_y2022_n_unattached":21580,"overall_y2022_n_total":117735,"overall_y2022_fsa_count":3,"overall_y2022_fsa_with_data":3,"overall_change_pct_attached":-4.086512967403806,"children_y2020_pct_attached":93.13186813186813,"children_y2020_pct_unattached":6.868131868131869,"children_y2020_n_attached":21696,"children_y2020_n_unattached":1600,"children_y2020_n_total":23296,"children_y2020_fsa_count":3,"children_y2020_fsa_with_data":3,"children_y2022_pct_attached":84.64144551101073,"children_y2022_pct_unattached":15.35855448898927,"children_y2022_n_attached":19487,"children_y2022_n_unattached":3536,"children_y2022_n_total":23023,"children_y2022_fsa_count":3,"children_y2022_fsa_with_data":3,"children_change_pct_attached":-8.490422620857402,"adults_y2020_pct_attached":83.91341210813827,"adults_y2020_pct_unattached":16.086587891861726,"adults_y2020_n_attached":78188,"adults_y2020_n_unattached":14989,"adults_y2020_n_total":93177,"adults_y2020_fsa_count":3,"adults_y2020_fsa_with_data":3,"adults_y2022_pct_attached":80.94855984458147,"adults_y2022_pct_unattached":19.051440155418533,"adults_y2022_n_attached":76668,"adults_y2022_n_unattached":18044,"adults_y2022_n_total":94712,"adults_y2022_fsa_count":3,"adults_y2022_fsa_with_data":3,"adults_change_pct_attached":-2.964852263556807,"has_data":true,"name":"Scarborough Centre"}},
{"type":"Feature","geometry":{"type":"Polygon","coordinates":[[[-79.83011,43.72871],[-79.8357,43.73293],[-79.82508,43.74265],[-79.81971,43.73876],[-79.78184,43.77219],[-79.77392,43.78059],[-79.75809,43.79244],[-79.69824,43.84558],[-79.69576,43.8487],[-79.69495,43.85004],[-79.69763,43.8519],[-79.70463,43.86366],[-79.77549,43.98976],[-79.95118,43.95142],[-79.96829,44.01731],[-79.99396,44.12325],[-79.99251,44.1236],[-80.034,44.29487],[-80.22908,44.25342],[-80.41115,44.21459],[-80.40837,44.21294],[-80.42293,44.20005],[-80.41906,44.19807],[-80.40544,44.19345],[-80.36086,44.16734],[-80.39789,44.13484],[-80.37496,44.03928],[-80.43843,44.02599],[-80.42732,43.97727],[-80.42025,43.95315],[-80.39866,43.85606],[-80.38852,43.85816],[-80.38792,43.85774],[-80.25109,43.76143],[-80.13976,43.86154],[-79.88887,43.67488],[-79.87388,43.68766],[-79.86095,43.70086],[-79.83011,43.72871]]]},"properties":{"ed_id":23,"electoral_district":"Dufferin—Caledon","electoral_district_fr":"Dufferin—Caledon","overall_y2020_pct_attached":92.42821559790508,"overall_y2020_pct_unattached":7.571784402094914,"overall_y2020_n_attached":126537,"overall_y2020_n_unattached":10366,"overall_y2020_n_total":136903,"overall_y2020_fsa_count":5,"overall_y2020_fsa_with_data":5,"overall_y2022_pct_attached":89.74886231945504,"overall_y2022_pct_unattached":10.251137680544955,"overall_y2022_n_attached":127009,"overall_y2022_n_unattached":14507,"overall_y2022_n_total":141516,"overall_y2022_fsa_count":5,"overall_y2022_fsa_with_data":5,"overall_change_pct_attached":-2.679353278450037,"children_y2020_pct_attached":96.90171312933951,"children_y2020_pct_unattached":3.098286870660479,"children_y2020_n_attached":27773,"children_y2020_n_unattached":888,"children_y2020_n_total":28661,"children_y2020_fsa_count":5,"children_y2020_fsa_with_data":5,"children_y2022_pct_attached":92.61387235220823,"children_y2022_pct_unattached":7.386127647791777,"children_y2022_n_attached":26758,"children_y2022_n_unattached":2134,"children_y2022_n_total":28892,"children_y2022_fsa_count":5,"children_y2022_fsa_with_data":5,"children_change_pct_attached":-4.287840777131279,"adults_y2020_pct_attached":91.2436946841337,"adults_y2020_pct_unattached":8.7563053158663,"adults_y2020_n_attached":98764,"adults_y2020_n_unattached":9478,"adults_y2020_n_total":108242,"adults_y2020_fsa_count":5,"adults_y2020_fsa_with_data":5,"adults_y2022_pct_attached":89.01388691575508,"adults_y2022_pct_unattached":10.986113084244922,"adults_y2022_n_attached":100251,"adults_y2022_n_unattached":12373,"adults_y2022_n_total":112624,"adults_y2022_fsa_count":5,"adults_y2022_fsa_with_data":5,"adults_change_pct_attached":-2.2298077683786204,"has_data":true,"name":"Dufferin—Caledon"}},
{"type":"Feature","geometry":{"type":"Polygon","coordinates":[[[-79.38705,43.76332],[-79.39683,43.76064],[-79.40838,43.7536],[-79.39899,43.70958],[-79.39121,43.71112],[-79.38483,43.69402],[-79.38137,43.69508],[-79.37087,43.69065],[-79.36681,43.69444],[-79.36218,43.69255],[-79.36357,43.68791],[-79.36288,43.68881],[-79.3622,43.68853],[-79.35984,43.69186],[-79.3618,43.69417],[-79.35984,43.69539],[-79.35672,43.69554],[-79.3546,43.69831],[-79.35148,43.69872],[-79.34976,43.69996],[-79.34421,43.69831],[-79.33637,43.70292],[-79.33467,43.70312],[-79.33368,43.70705],[-79.33448,43.70998],[-79.33788,43.70888],[-79.3402,43.71133],[-79.33985,43.71307],[-79.34141,43.71274],[-79.34502,43.71528],[-79.34681,43.71525],[-79.34706,43.71613],[-79.35193,43.71572],[-79.35267,43.71621],[-79.35001,43.71718],[-79.34892,43.7246],[-79.35534,43.73196],[-79.36297,43.76633],[-79.37553,43.76557],[-79.38705,43.76332]]]},"properties":{"ed_id":22,"electoral_district":"Don Valley West","electoral_district_fr":"Don Valley-Ouest","overall_y2020_pct_attached":85.36189059296993,"overall_y2020_pct_unattached":14.638109407030079,"overall_y2020_n_attached":124508,"overall_y2020_n_unattached":21351,"overall_y2020_n_total":145859,"overall_y2020_fsa_count":8,"overall_y2020_fsa_with_data":8,"overall_y2022_pct_attached":82.31186122576652,"overall_y2022_pct_unattached":17.688138774233472,"overall_y2022_n_attached":121047,"overall_y2022_n_unattached":26012,"overall_y2022_n_total":147059,"overall_y2022_fsa_count":8,"overall_y2022_fsa_with_data":8,"overall_change_pct_attached":-3.0500293672034076,"children_y2020_pct_attached":89.54168517695838,"children_y2020_pct_unattached":10.458314823041611,"children_y2020_n_attached":24187,"children_y2020_n_unattached":2825,"children_y2020_n_total":27012,"children_y2020_fsa_count":8,"children_y2020_fsa_with_data":8,"children_y2022_pct_attached":81.21932804832012,"children_y2022_pct_unattached":18.780671951679878,"children_y2022_n_attached":21515,"children_y2022_n_unattached":4975,"children_y2022_n_total":26490,"children_y2022_fsa_count":8,"children_y2022_fsa_with_data":8,"children_change_pct_attached":-8.32235712863826,"adults_y2020_pct_attached":84.41189091857598,"adults_y2020_pct_unattached":15.588109081424015,"adults_y2020_n_attached":100321,"adults_y2020_n_unattached":18526,"adults_y2020_n_total":118847,"adults_y2020_fsa_count":8,"adults_y2020_fsa_with_data":8,"adults_y2022_pct_attached":82.5518997420564,"adults_y2022_pct_unattached":17.448100257943583,"adults_y2022_n_attached":99532,"adults_y2022_n_unattached":21037,"adults_y2022_n_total":120569,"adults_y2022_fsa_count":8,"adults_y2022_fsa_with_data":8,"adults_change_pct_attached":-1.8599911765195714,"has_data":true,"name":"Don Valley West"}},
{"type":"Feature","geometry":{"type":"Polygon","coordinates":[[[-79.47252,43.72487],[-79.46869,43.70536],[-79.46459,43.69216],[-79.45027,43.69569],[-79.39836,43.70673],[-79.39899,43.70958],[-79.40838,43.7536],[-79.4114,43.75168],[-79.41881,43.74532],[-79.44083,43.73208],[-79.47252,43.72487]]]},"properties":{"ed_id":25,"electoral_district":"Eglinton—Lawrence","electoral_district_fr":"Eglinton—Lawrence","overall_y2020_pct_attached":85.55344546934346,"overall_y2020_pct_unattached":14.446554530656538,"overall_y2020_n_attached":94605,"overall_y2020_n_unattached":15975,"overall_y2020_n_total":110580,"overall_y2020_fsa_count":5,"overall_y2020_fsa_with_data":5,"overall_y2022_pct_attached":82.67656508086326,"overall_y2022_pct_unattached":17.323434919136734,"overall_y2022_n_attached":91098,"overall_y2022_n_unattached":19088,"overall_y2022_n_total":110186,"overall_y2022_fsa_count":5,"overall_y2022_fsa_with_data":5,"overall_change_pct_attached":-2.8768803884802026,"children_y2020_pct_attached":90.44490251653355,"children_y2020_pct_unattached":9.555097483466461,"children_y2020_n_attached":21061,"children_y2020_n_unattached":2225,"children_y2020_n_total":23286,"children_y2020_fsa_count":5,"children_y2020_fsa_with_data":5,"children_y2022_pct_attached":81.86291895726193,"children_y2022_pct_unattached":18.137081042738075,"children_y2022_n_attached":18465,"children_y2022_n_unattached":4091,"children_y2022_n_total":22556,"children_y2022_fsa_count":5,"children_y2022_fsa_with_data":5,"children_change_pct_attached":-8.58198355927162,"adults_y2020_pct_attached":84.2486310628451,"adults_y2020_pct_unattached":15.751368937154902,"adults_y2020_n_attached":73544,"adults_y2020_n_unattached":13750,"adults_y2020_n_total":87294,"adults_y2020_fsa_count":5,"adults_y2020_fsa_with_data":5,"adults_y2022_pct_attached":82.88599794590894,"adults_y2022_pct_unattached":17.114002054091067,"adults_y2022_n_attached":72633,"adults_y2022_n_unattached":14997,"adults_y2022_n_total":87630,"adults_y2022_fsa_count":5,"adults_y2022_fsa_with_data":5,"adults_change_pct_attached":-1.3626331169361663,"has_data":true,"name":"Eglinton—Lawrence"}},
{"type":"Feature","geometry":{"type":"Polygon","coordinates":[[[-80.28318,43.42085],[-80.30261,43.46856],[-80.30593,43.47206],[-80.31627,43.471],[-80.33625,43.46401],[-80.34147,43.46103],[-80.35299,43.45917],[-80.35775,43.45528],[-80.37277,43.45097],[-80.37883,43.4468],[-80.38779,43.4436],[-80.39215,43.45027],[-80.39364,43.44744],[-80.40145,43.44356],[-80.40442,43.4479],[-80.40791,43.44716],[-80.42688,43.43632],[-80.43179,43.43032],[-80.43346,43.42559],[-80.44061,43.43088],[-80.45693,43.43623],[-80.45844,43.43304],[-80.46103,43.43137],[-80.47365,43.42999],[-80.493,43.42623],[-80.51412,43.41921],[-80.4973,43.40402],[-80.49473,43.39608],[-80.49195,43.39252],[-80.48154,43.36152],[-80.48143,43.35803],[-80.41372,43.36983],[-80.4049,43.38547],[-80.40231,43.38844],[-80.37677,43.40314],[-80.36801,43.40656],[-80.35564,43.41315],[-80.30206,43.41502],[-80.28318,43.42085]]]},"properties":{"ed_id":49,"electoral_district":"Kitchener South—Hespeler","electoral_district_fr":"Kitchener-Sud—Hespeler","overall_y2020_pct_attached":83.70959492122076,"overall_y2020_pct_unattached":16.290405078779248,"overall_y2020_n_attached":83466,"overall_y2020_n_unattached":16243,"overall_y2020_n_total":99709,"overall_y2020_fsa_count":5,"overall_y2020_fsa_with_data":5,"overall_y2022_pct_attached":80.01613341962836,"overall_y2022_pct_unattached":19.983866580371632,"overall_y2022_n_attached":85306,"overall_y2022_n_unattached":21305,"overall_y2022_n_total":106611,"overall_y2022_fsa_count":5,"overall_y2022_fsa_with_data":5,"overall_change_pct_attached":-3.6934615015923953,"children_y2020_pct_attached":93.10481212920237,"children_y2020_pct_unattached":6.895187870797627,"children_y2020_n_attached":21186,"children_y2020_n_unattached":1569,"children_y2020_n_total":22755,"children_y2020_fsa_count":5,"children_y2020_fsa_with_data":4,"children_y2022_pct_attached":87.78947368421053,"children_y2022_pct_unattached":12.210526315789473,"children_y2022_n_attached":20850,"children_y2022_n_unattached":2900,"children_y2022_n_total":23750,"children_y2022_fsa_count":5,"children_y2022_fsa_with_data":4,"children_change_pct_attached":-5.315338444991838,"adults_y2020_pct_attached":80.92650137167969,"adults_y2020_pct_unattached":19.07349862832031,"adults_y2020_n_attached":62243,"adults_y2020_n_unattached":14670,"adults_y2020_n_total":76913,"adults_y2020_fsa_count":5,"adults_y2020_fsa_with_data":5,"adults_y2022_pct_attached":77.77791196183806,"adults_y2022_pct_unattached":22.222088038161946,"adults_y2022_n_attached":64404,"adults_y2022_n_unattached":18401,"adults_y2022_n_total":82805,"adults_y2022_fsa_count":5,"adults_y2022_fsa_with_data":5,"adults_change_pct_attached":-3.148589409841634,"has_data":true,"name":"Kitchener South—Hespeler"}},
{"type":"Feature","geometry":{"type":"Polygon","coordinates":[[[-80.54241,43.44262],[-80.53683,43.43975],[-80.5302,43.43775],[-80.52158,43.42605],[-80.51412,43.41921],[-80.493,43.42623],[-80.47365,43.42999],[-80.46103,43.43137],[-80.45844,43.43304],[-80.45693,43.43623],[-80.44061,43.43088],[-80.43346,43.42559],[-80.43179,43.43032],[-80.42688,43.43632],[-80.40791,43.44716],[-80.40442,43.4479],[-80.40145,43.44356],[-80.39364,43.44744],[-80.39215,43.45027],[-80.3924,43.45245],[-80.39553,43.45524],[-80.40337,43.45686],[-80.41107,43.45698],[-80.41497,43.458],[-80.42033,43.46113],[-80.42146,43.46414],[-80.42723,43.4712],[-80.42619,43.47345],[-80.42261,43.47691],[-80.42244,43.47836],[-80.4329,43.47577],[-80.47112,43.46313],[-80.47535,43.47148],[-80.47682,43.4728],[-80.48074,43.4741],[-80.49009,43.47314],[-80.49359,43.47402],[-80.49672,43.4729],[-80.49531,43.47159],[-80.49637,43.47132],[-80.49552,43.47054],[-80.50101,43.46861],[-80.49853,43.46625],[-80.50171,43.46464],[-80.50081,43.46316],[-80.5202,43.45633],[-80.52206,43.45484],[-80.52713,43.45384],[-80.52644,43.45312],[-80.53384,43.45048],[-80.53433,43.45138],[-80.541,43.44901],[-80.53864,43.4469],[-80.54244,43.44554],[-80.54099,43.44349],[-80.54241,43.44262]]]},"properties":{"ed_id":47,"electoral_district":"Kitchener Centre","electoral_district_fr":"Kitchener-Centre","overall_y2020_pct_attached":82.84557188070507,"overall_y2020_pct_unattached":17.154428119294945,"overall_y2020_n_attached":103919,"overall_y2020_n_unattached":21518,"overall_y2020_n_total":125437,"overall_y2020_fsa_count":5,"overall_y2020_fsa_with_data":5,"overall_y2022_pct_attached":80.59380445006398,"overall_y2022_pct_unattached":19.406195549936008,"overall_y2022_n_attached":104535,"overall_y2022_n_unattached":25171,"overall_y2022_n_total":129706,"overall_y2022_fsa_count":5,"overall_y2022_fsa_with_data":5,"overall_change_pct_attached":-2.251767430641081,"children_y2020_pct_attached":93.55783308931186,"children_y2020_pct_unattached":6.44216691068814,"children_y2020_n_attached":21087,"children_y2020_n_unattached":1452,"children_y2020_n_total":22539,"children_y2020_fsa_count":5,"children_y2020_fsa_with_data":5,"children_y2022_pct_attached":87.86845208017517,"children_y2022_pct_unattached":12.131547919824827,"children_y2022_n_attached":20867,"children_y2022_n_unattached":2881,"children_y2022_n_total":23748,"children_y2022_fsa_count":5,"children_y2022_fsa_with_data":5,"children_change_pct_attached":-5.689381009136682,"adults_y2020_pct_attached":80.49913506579331,"adults_y2020_pct_unattached":19.500864934206692,"adults_y2020_n_attached":82832,"adults_y2020_n_unattached":20066,"adults_y2020_n_total":102898,"adults_y2020_fsa_count":5,"adults_y2020_fsa_with_data":5,"adults_y2022_pct_attached":78.96336284188075,"adults_y2022_pct_unattached":21.036637158119255,"adults_y2022_n_attached":83668,"adults_y2022_n_unattached":22290,"adults_y2022_n_total":105958,"adults_y2022_fsa_count":5,"adults_y2022_fsa_with_data":5,"adults_change_pct_attached":-1.5357722239125593,"has_data":true,"name":"Kitchener Centre"}},
{"type":"Feature","geometry":{"type":"Polygon","coordinates":[[[-79.39899,43.70958],[-79.39836,43.70673],[-79.45027,43.69569],[-79.4461,43.68556],[-79.43868,43.68713],[-79.43824,43.68636],[-79.43463,43.68709],[-79.42942,43.67103],[-79.40137,43.67679],[-79.3912,43.68112],[-79.39284,43.68502],[-79.3903,43.68558],[-79.39079,43.68677],[-79.38644,43.68772],[-79.39092,43.6913],[-79.38873,43.69172],[-79.38912,43.69312],[-79.38483,43.69402],[-79.39121,43.71112],[-79.39899,43.70958]]]},"properties":{"ed_id":111,"electoral_district":"Toronto—St. Paul's","electoral_district_fr":"Toronto—St. Paul's","overall_y2020_pct_attached":84.33048433048434,"overall_y2020_pct_unattached":15.669515669515668,"overall_y2020_n_attached":54760,"overall_y2020_n_unattached":10175,"overall_y2020_n_total":64935,"overall_y2020_fsa_count":3,"overall_y2020_fsa_with_data":3,"overall_y2022_pct_attached":82.19120464848191,"overall_y2022_pct_unattached":17.80879535151808,"overall_y2022_n_attached":52761,"overall_y2022_n_unattached":11432,"overall_y2022_n_total":64193,"overall_y2022_fsa_count":3,"overall_y2022_fsa_with_data":3,"overall_change_pct_attached":-2.1392796820024245,"children_y2020_pct_attached":90.00296062370474,"children_y2020_pct_unattached":9.997039376295273,"children_y2020_n_attached":9120,"children_y2020_n_unattached":1013,"children_y2020_n_total":10133,"children_y2020_fsa_count":3,"children_y2020_fsa_with_data":3,"children_y2022_pct_attached":81.2227958295374,"children_y2022_pct_unattached":18.777204170462596,"children_y2022_n_attached":8024,"children_y2022_n_unattached":1855,"children_y2022_n_total":9879,"children_y2022_fsa_count":3,"children_y2022_fsa_with_data":3,"children_change_pct_attached":-8.780164794167334,"adults_y2020_pct_attached":83.28163205722419,"adults_y2020_pct_unattached":16.71836794277581,"adults_y2020_n_attached":45640,"adults_y2020_n_unattached":9162,"adults_y2020_n_total":54802,"adults_y2020_fsa_count":3,"adults_y2020_fsa_with_data":3,"adults_y2022_pct_attached":82.36734543579925,"adults_y2022_pct_unattached":17.63265456420076,"adults_y2022_n_attached":44737,"adults_y2022_n_unattached":9577,"adults_y2022_n_total":54314,"adults_y2022_fsa_count":3,"adults_y2022_fsa_with_data":3,"adults_change_pct_attached":-0.9142866214249352,"has_data":true,"name":"Toronto—St. Paul's"}},
{"type":"Feature","geometry":{"type":"Polygon","coordinates":[[[-79.4943,43.99404],[-79.50622,44.04919],[-79.51481,44.04724],[-79.52222,44.04427],[-79.53571,44.04261],[-79.6044,44.02699],[-79.67016,44.01293],[-79.77549,43.98976],[-79.70463,43.86366],[-79.69763,43.8519],[-79.69495,43.85004],[-79.69576,43.8487],[-79.6786,43.81932],[-79.63854,43.82736],[-79.63352,43.82988],[-79.6315,43.82953],[-79.62044,43.83191],[-79.61959,43.83155],[-79.5863,43.83968],[-79.5485,43.84691],[-79.54629,43.82787],[-79.50599,43.8369],[-79.49953,43.83928],[-79.45866,43.84772],[-79.46735,43.88411],[-79.4812,43.93793],[-79.4943,43.99404]]]},"properties":{"ed_id":45,"electoral_district":"King—Vaughan","electoral_district_fr":"King—Vaughan","overall_y2020_pct_attached":89.74913752715193,"overall_y2020_pct_unattached":10.250862472848077,"overall_y2020_n_attached":105361,"overall_y2020_n_unattached":12034,"overall_y2020_n_total":117395,"overall_y2020_fsa_count":3,"overall_y2020_fsa_with_data":3,"overall_y2022_pct_attached":87.92533573111538,"overall_y2022_pct_unattached":12.074664268884614,"overall_y2022_n_attached":105608,"overall_y2022_n_unattached":14503,"overall_y2022_n_total":120111,"overall_y2022_fsa_count":3,"overall_y2022_fsa_with_data":3,"overall_change_pct_attached":-1.8238017960365482,"children_y2020_pct_attached":94.52478948759581,"children_y2020_pct_unattached":5.4752105124041845,"children_y2020_n_attached":25033,"children_y2020_n_unattached":1450,"children_y2020_n_total":26483,"children_y2020_fsa_count":3,"children_y2020_fsa_with_data":3,"children_y2022_pct_attached":85.29954625855571,"children_y2022_pct_unattached":14.700453741444283,"children_y2022_n_attached":22183,"children_y2022_n_unattached":3823,"children_y2022_n_total":26006,"children_y2022_fsa_count":3,"children_y2022_fsa_with_data":3,"children_change_pct_attached":-9.225243229040103,"adults_y2020_pct_attached":88.35797254487856,"adults_y2020_pct_unattached":11.642027455121436,"adults_y2020_n_attached":80328,"adults_y2020_n_unattached":10584,"adults_y2020_n_total":90912,"adults_y2020_fsa_count":3,"adults_y2020_fsa_with_data":3,"adults_y2022_pct_attached":88.65097497476224,"adults_y2022_pct_unattached":11.349025025237767,"adults_y2022_n_attached":83425,"adults_y2022_n_unattached":10680,"adults_y2022_n_total":94105,"adults_y2022_fsa_count":3,"adults_y2022_fsa_with_data":3,"adults_change_pct_attached":0.2930024298836713,"has_data":true,"name":"King—Vaughan"}},
{"type":"Feature","geometry":{"type":"Polygon","coordinates":[[[-79.37959,43.8833],[-79.40047,43.87828],[-79.40316,43.88412],[-79.4069,43.88583],[-79.4083,43.88915],[-79.41184,43.88919],[-79.41613,43.89115],[-79.41845,43.89084],[-79.41978,43.89359],[-79.42159,43.89377],[-79.46735,43.88411],[-79.45866,43.84772],[-79.45449,43.82926],[-79.40652,43.83955],[-79.40603,43.83834],[-79.38705,43.83688],[-79.36812,43.83922],[-79.37959,43.8833]]]},"properties":{"ed_id":89,"electoral_district":"Richmond Hill","electoral_district_fr":"Richmond Hill","overall_y2020_pct_attached":88.30707050035814,"overall_y2020_pct_unattached":11.69292949964187,"overall_y2020_n_attached":103563,"overall_y2020_n_unattached":13713,"overall_y2020_n_total":117276,"overall_y2020_fsa_count":2,"overall_y2020_fsa_with_data":2,"overall_y2022_pct_attached":86.1768473570658,"overall_y2022_pct_unattached":13.823152642934197,"overall_y2022_n_attached":102254,"overall_y2022_n_unattached":16402,"overall_y2022_n_total":118656,"overall_y2022_fsa_count":2,"overall_y2022_fsa_with_data":2,"overall_change_pct_attached":-2.1302231432923406,"children_y2020_pct_attached":92.38775065387969,"children_y2020_pct_unattached":7.612249346120315,"children_y2020_n_attached":16955,"children_y2020_n_unattached":1397,"children_y2020_n_total":18352,"children_y2020_fsa_count":2,"children_y2020_fsa_with_data":2,"children_y2022_pct_attached":83.25241394359281,"children_y2022_pct_unattached":16.74758605640718,"children_y2022_n_attached":15261,"children_y2022_n_unattached":3070,"children_y2022_n_total":18331,"children_y2022_fsa_count":2,"children_y2022_fsa_with_data":2,"children_change_pct_attached":-9.135336710286879,"adults_y2020_pct_attached":87.5500384133274,"adults_y2020_pct_unattached":12.449961586672597,"adults_y2020_n_attached":86608,"adults_y2020_n_unattached":12316,"adults_y2020_n_total":98924,"adults_y2020_fsa_count":2,"adults_y2020_fsa_with_data":2,"adults_y2022_pct_attached":86.71118863692998,"adults_y2022_pct_unattached":13.288811363070021,"adults_y2022_n_attached":86993,"adults_y2022_n_unattached":13332,"adults_y2022_n_total":100325,"adults_y2022_fsa_count":2,"adults_y2022_fsa_with_data":2,"adults_change_pct_attached":-0.8388497763974243,"has_data":true,"name":"Richmond Hill"}},
{"type":"Feature","geometry":{"type":"Polygon","coordinates":[[[-79.67151,43.7083],[-79.63938,43.73703],[-79.63385,43.73339],[-79.63219,43.73487],[-79.63029,43.73531],[-79.6393,43.74984],[-79.6786,43.81932],[-79.69576,43.8487],[-79.69824,43.84558],[-79.75809,43.79244],[-79.77392,43.78059],[-79.78184,43.77219],[-79.75731,43.75414],[-79.75517,43.75613],[-79.7516,43.76264],[-79.74855,43.7652],[-79.72021,43.74416],[-79.67151,43.7083]]]},"properties":{"ed_id":9,"electoral_district":"Brampton East","electoral_district_fr":"Brampton-Est","overall_y2020_pct_attached":90.17993290637389,"overall_y2020_pct_unattached":9.820067093626106,"overall_y2020_n_attached":138979,"overall_y2020_n_unattached":15134,"overall_y2020_n_total":154113,"overall_y2020_fsa_count":2,"overall_y2020_fsa_with_data":2,"overall_y2022_pct_attached":85.44232922732363,"overall_y2022_pct_unattached":14.55767077267637,"overall_y2022_n_attached":136577,"overall_y2022_n_unattached":23270,"overall_y2022_n_total":159847,"overall_y2022_fsa_count":2,"overall_y2022_fsa_with_data":2,"overall_change_pct_attached":-4.737603679050267,"children_y2020_pct_attached":95.68769991276534,"children_y2020_pct_unattached":4.312300087234662,"children_y2020_n_attached":32907,"children_y2020_n_unattached":1483,"children_y2020_n_total":34390,"children_y2020_fsa_count":2,"children_y2020_fsa_with_data":2,"children_y2022_pct_attached":89.75303872329043,"children_y2022_pct_unattached":10.24696127670956,"children_y2022_n_attached":30201,"children_y2022_n_unattached":3448,"children_y2022_n_total":33649,"children_y2022_fsa_count":2,"children_y2022_fsa_with_data":2,"children_change_pct_attached":-5.934661189474909,"adults_y2020_pct_attached":88.59784669612355,"adults_y2020_pct_unattached":11.402153303876448,"adults_y2020_n_attached":106072,"adults_y2020_n_unattached":13651,"adults_y2020_n_total":119723,"adults_y2020_fsa_count":2,"adults_y2020_fsa_with_data":2,"adults_y2022_pct_attached":84.29293649661643,"adults_y2022_pct_unattached":15.707063503383573,"adults_y2022_n_attached":106376,"adults_y2022_n_unattached":19822,"adults_y2022_n_total":126198,"adults_y2022_fsa_count":2,"adults_y2022_fsa_with_data":2,"adults_change_pct_attached":-4.30491019950712,"has_data":true,"name":"Brampton East"}},
{"type":"Feature","geometry":{"type":"Polygon","coordinates":[[[-79.76261,43.55239],[-79.80104,43.5793],[-79.8084,43.58519],[-79.80987,43.58893],[-79.85649,43.54672],[-79.86287,43.54195],[-79.8685,43.54443],[-79.89503,43.56422],[-79.93899,43.52458],[-80.08557,43.62895],[-80.13426,43.5855],[-80.12857,43.58141],[-80.13946,43.57186],[-80.13867,43.57131],[-80.14428,43.56649],[-80.15078,43.57102],[-80.16114,43.56154],[-80.03385,43.4707],[-79.86808,43.3528],[-79.83367,43.38325],[-79.83389,43.39448],[-79.83046,43.4044],[-79.82555,43.41062],[-79.80408,43.42976],[-79.81096,43.43476],[-79.7952,43.44924],[-79.8025,43.45502],[-79.80814,43.46674],[-79.80007,43.47416],[-79.7983,43.47423],[-79.79709,43.47694],[-79.7864,43.4866],[-79.77413,43.48506],[-79.77294,43.48429],[-79.77273,43.48529],[-79.76519,43.49],[-79.766,43.49059],[-79.75892,43.49696],[-79.75483,43.50306],[-79.7265,43.52625],[-79.73547,43.53285],[-79.74765,43.54019],[-79.76261,43.55239]]]},"properties":{"ed_id":59,"electoral_district":"Milton","electoral_district_fr":"Milton","overall_y2020_pct_attached":92.60331605645213,"overall_y2020_pct_unattached":7.396683943547868,"overall_y2020_n_attached":201177,"overall_y2020_n_unattached":16069,"overall_y2020_n_total":217246,"overall_y2020_fsa_count":5,"overall_y2020_fsa_with_data":5,"overall_y2022_pct_attached":90.06408539959656,"overall_y2022_pct_unattached":9.935914600403436,"overall_y2022_n_attached":201812,"overall_y2022_n_unattached":22264,"overall_y2022_n_total":224076,"overall_y2022_fsa_count":5,"overall_y2022_fsa_with_data":5,"overall_change_pct_attached":-2.5392306568555654,"children_y2020_pct_attached":96.60474526393232,"children_y2020_pct_unattached":3.395254736067684,"children_y2020_n_attached":52524,"children_y2020_n_unattached":1846,"children_y2020_n_total":54370,"children_y2020_fsa_count":5,"children_y2020_fsa_with_data":5,"children_y2022_pct_attached":92.50513907332957,"children_y2022_pct_unattached":7.494860926670427,"children_y2022_n_attached":50851,"children_y2022_n_unattached":4120,"children_y2022_n_total":54971,"children_y2022_fsa_count":5,"children_y2022_fsa_with_data":5,"children_change_pct_attached":-4.099606190602742,"adults_y2020_pct_attached":91.26759006851837,"adults_y2020_pct_unattached":8.732409931481618,"adults_y2020_n_attached":148653,"adults_y2020_n_unattached":14223,"adults_y2020_n_total":162876,"adults_y2020_fsa_count":5,"adults_y2020_fsa_with_data":5,"adults_y2022_pct_attached":89.27057153839331,"adults_y2022_pct_unattached":10.729428461606695,"adults_y2022_n_attached":150961,"adults_y2022_n_unattached":18144,"adults_y2022_n_total":169105,"adults_y2022_fsa_count":5,"adults_y2022_fsa_with_data":5,"adults_change_pct_attached":-1.997018530125061,"has_data":true,"name":"Milton"}},
{"type":"Feature","geometry":{"type":"Polygon","coordinates":[[[-79.72021,43.74416],[-79.74855,43.7652],[-79.7516,43.76264],[-79.75517,43.75613],[-79.75731,43.75414],[-79.78184,43.77219],[-79.81971,43.73876],[-79.82508,43.74265],[-79.8357,43.73293],[-79.83011,43.72871],[-79.81922,43.72078],[-79.81398,43.72581],[-79.78681,43.70585],[-79.7744,43.71803],[-79.76519,43.72541],[-79.75207,43.7155],[-79.74756,43.7193],[-79.74339,43.72442],[-79.73461,43.73021],[-79.72772,43.73611],[-79.72021,43.74416]]]},"properties":{"ed_id":10,"electoral_district":"Brampton North","electoral_district_fr":"Brampton-Nord","overall_y2020_pct_attached":89.8065658933768,"overall_y2020_pct_unattached":10.193434106623203,"overall_y2020_n_attached":120665,"overall_y2020_n_unattached":13696,"overall_y2020_n_total":134361,"overall_y2020_fsa_count":2,"overall_y2020_fsa_with_data":2,"overall_y2022_pct_attached":85.38535521008282,"overall_y2022_pct_unattached":14.614644789917172,"overall_y2022_n_attached":118964,"overall_y2022_n_unattached":20362,"overall_y2022_n_total":139326,"overall_y2022_fsa_count":2,"overall_y2022_fsa_with_data":2,"overall_change_pct_attached":-4.421210683293978,"children_y2020_pct_attached":95.9616322549179,"children_y2020_pct_unattached":4.038367745082101,"children_y2020_n_attached":29513,"children_y2020_n_unattached":1242,"children_y2020_n_total":30755,"children_y2020_fsa_count":2,"children_y2020_fsa_with_data":2,"children_y2022_pct_attached":90.97162793759462,"children_y2022_pct_unattached":9.02837206240537,"children_y2022_n_attached":27639,"children_y2022_n_unattached":2743,"children_y2022_n_total":30382,"children_y2022_fsa_count":2,"children_y2022_fsa_with_data":2,"children_change_pct_attached":-4.990004317323283,"adults_y2020_pct_attached":87.97946064899716,"adults_y2020_pct_unattached":12.020539351002837,"adults_y2020_n_attached":91152,"adults_y2020_n_unattached":12454,"adults_y2020_n_total":103606,"adults_y2020_fsa_count":2,"adults_y2020_fsa_with_data":2,"adults_y2022_pct_attached":83.82747099427229,"adults_y2022_pct_unattached":16.17252900572771,"adults_y2022_n_attached":91325,"adults_y2022_n_unattached":17619,"adults_y2022_n_total":108944,"adults_y2022_fsa_count":2,"adults_y2022_fsa_with_data":2,"adults_change_pct_attached":-4.151989654724872,"has_data":true,"name":"Brampton North"}},
{"type":"Feature","geometry":{"type":"Polygon","coordinates":[[[-79.69735,43.50824],[-79.71757,43.52325],[-79.72418,43.52493],[-79.7265,43.52625],[-79.75483,43.50306],[-79.75892,43.49696],[-79.766,43.49059],[-79.76519,43.49],[-79.77273,43.48529],[-79.77294,43.48429],[-79.77413,43.48506],[-79.7864,43.4866],[-79.79709,43.47694],[-79.7983,43.47423],[-79.80007,43.47416],[-79.80814,43.46674],[-79.8025,43.45502],[-79.7952,43.44924],[-79.81096,43.43476],[-79.80408,43.42976],[-79.82555,43.41062],[-79.83046,43.4044],[-79.83389,43.39448],[-79.83367,43.38325],[-79.83265,43.37248],[-79.82212,43.36465],[-79.80605,43.37917],[-79.78805,43.36642],[-79.75652,43.39532],[-79.77435,43.40825],[-79.73007,43.44961],[-79.72435,43.45389],[-79.71892,43.46165],[-79.71523,43.46312],[-79.69547,43.4807],[-79.71322,43.49369],[-79.69735,43.50824]]]},"properties":{"ed_id":75,"electoral_district":"Oakville North—Burlington","electoral_district_fr":"Oakville-Nord—Burlington","overall_y2020_pct_attached":90.64310218772847,"overall_y2020_pct_unattached":9.356897812271525,"overall_y2020_n_attached":64469,"overall_y2020_n_unattached":6655,"overall_y2020_n_total":71124,"overall_y2020_fsa_count":1,"overall_y2020_fsa_with_data":1,"overall_y2022_pct_attached":88.30382971947238,"overall_y2022_pct_unattached":11.696170280527616,"overall_y2022_n_attached":66544,"overall_y2022_n_unattached":8814,"overall_y2022_n_total":75358,"overall_y2022_fsa_count":1,"overall_y2022_fsa_with_data":1,"overall_change_pct_attached":-2.339272468256098,"children_y2020_pct_attached":94.43884069665792,"children_y2020_pct_unattached":5.561159303342075,"children_y2020_n_attached":14044,"children_y2020_n_unattached":827,"children_y2020_n_total":14871,"children_y2020_fsa_count":1,"children_y2020_fsa_with_data":1,"children_y2022_pct_attached":89.6103896103896,"children_y2022_pct_unattached":10.38961038961039,"children_y2022_n_attached":14145,"children_y2022_n_unattached":1640,"children_y2022_n_total":15785,"children_y2022_fsa_count":1,"children_y2022_fsa_with_data":1,"children_change_pct_attached":-4.828451086268316,"adults_y2020_pct_attached":89.63966366238245,"adults_y2020_pct_unattached":10.36033633761755,"adults_y2020_n_attached":50425,"adults_y2020_n_unattached":5828,"adults_y2020_n_total":56253,"adults_y2020_fsa_count":1,"adults_y2020_fsa_with_data":1,"adults_y2022_pct_attached":87.95763181306968,"adults_y2022_pct_unattached":12.04236818693032,"adults_y2022_n_attached":52399,"adults_y2022_n_unattached":7174,"adults_y2022_n_total":59573,"adults_y2022_fsa_count":1,"adults_y2022_fsa_with_data":1,"adults_change_pct_attached":-1.6820318493127644,"has_data":true,"name":"Oakville North—Burlington"}},
{"type":"Feature","geometry":{"type":"Polygon","coordinates":[[[-79.8662,43.28871],[-79.85482,43.29663],[-79.84609,43.30081],[-79.84483,43.29997],[-79.84565,43.30101],[-79.83934,43.30373],[-79.83968,43.30434],[-79.83801,43.30523],[-79.83746,43.30484],[-79.83479,43.30622],[-79.83379,43.306],[-79.83166,43.30725],[-79.82897,43.307],[-79.82814,43.30822],[-79.82716,43.30788],[-79.82152,43.31072],[-79.81557,43.31249],[-79.80316,43.29567],[-79.79661,43.299],[-79.79295,43.30086],[-79.79692,43.31787],[-79.76999,43.33381],[-79.73913,43.35612],[-79.72877,43.36192],[-79.72033,43.36869],[-79.75652,43.39532],[-79.78805,43.36642],[-79.80605,43.37917],[-79.82212,43.36465],[-79.83265,43.37248],[-79.83367,43.38325],[-79.86808,43.3528],[-79.86001,43.34698],[-79.86126,43.34164],[-79.86793,43.33651],[-79.87377,43.3306],[-79.87613,43.32932],[-79.88121,43.32817],[-79.88417,43.32934],[-79.91254,43.30853],[-79.89165,43.29328],[-79.88736,43.29021],[-79.88606,43.28776],[-79.87707,43.2879],[-79.87485,43.28634],[-79.87141,43.28748],[-79.86838,43.28634],[-79.8662,43.28871]]]},"properties":{"ed_id":15,"electoral_district":"Burlington","electoral_district_fr":"Burlington","overall_y2020_pct_attached":93.18823269188232,"overall_y2020_pct_unattached":6.811767308117673,"overall_y2020_n_attached":105326,"overall_y2020_n_unattached":7699,"overall_y2020_n_total":113025,"overall_y2020_fsa_count":5,"overall_y2020_fsa_with_data":5,"overall_y2022_pct_attached":91.12939940465768,"overall_y2022_pct_unattached":8.870600595342323,"overall_y2022_n_attached":104088,"overall_y2022_n_unattached":10132,"overall_y2022_n_total":114220,"overall_y2022_fsa_count":5,"overall_y2022_fsa_with_data":5,"overall_change_pct_attached":-2.058833287224644,"children_y2020_pct_attached":96.69272399278412,"children_y2020_pct_unattached":3.307276007215875,"children_y2020_n_attached":19296,"children_y2020_n_unattached":660,"children_y2020_n_total":19956,"children_y2020_fsa_count":5,"children_y2020_fsa_with_data":5,"children_y2022_pct_attached":93.49879421221866,"children_y2022_pct_unattached":6.50120578778135,"children_y2022_n_attached":18610,"children_y2022_n_unattached":1294,"children_y2022_n_total":19904,"children_y2022_fsa_count":5,"children_y2022_fsa_with_data":5,"children_change_pct_attached":-3.193929780565469,"adults_y2020_pct_attached":92.43679420644898,"adults_y2020_pct_unattached":7.563205793551021,"adults_y2020_n_attached":86030,"adults_y2020_n_unattached":7039,"adults_y2020_n_total":93069,"adults_y2020_fsa_count":5,"adults_y2020_fsa_with_data":5,"adults_y2022_pct_attached":90.62937359514822,"adults_y2022_pct_unattached":9.370626404851775,"adults_y2022_n_attached":85478,"adults_y2022_n_unattached":8838,"adults_y2022_n_total":94316,"adults_y2022_fsa_count":5,"adults_y2022_fsa_with_data":5,"adults_change_pct_attached":-1.8074206113007563,"has_data":true,"name":"Burlington"}},
{"type":"Feature","geometry":{"type":"Polygon","coordinates":[[[-79.88887,43.67488],[-80.13976,43.86154],[-80.25109,43.76143],[-80.38792,43.85774],[-80.45606,43.79762],[-80.45683,43.79602],[-80.46989,43.78363],[-80.44942,43.76896],[-80.49344,43.73664],[-80.4898,43.73401],[-80.49868,43.72752],[-80.49516,43.72499],[-80.5008,43.72598],[-80.50755,43.72088],[-80.51123,43.72353],[-80.55747,43.68965],[-80.38301,43.5636],[-80.3672,43.56921],[-80.37382,43.53261],[-80.30593,43.47206],[-80.30261,43.46856],[-80.28318,43.42085],[-80.26939,43.38697],[-80.20644,43.3972],[-80.07858,43.41811],[-80.08383,43.4351],[-80.03385,43.4707],[-80.16114,43.56154],[-80.15078,43.57102],[-80.14428,43.56649],[-80.13867,43.57131],[-80.13946,43.57186],[-80.12857,43.58141],[-80.13426,43.5855],[-80.08557,43.62895],[-79.93899,43.52458],[-79.89503,43.56422],[-79.8685,43.54443],[-79.86287,43.54195],[-79.85649,43.54672],[-79.80987,43.58893],[-79.79898,43.59747],[-79.79383,43.59943],[-79.78792,43.60034],[-79.78993,43.60181],[-79.82462,43.62731],[-79.88887,43.67488]],[[-80.27592,43.56976],[-80.27248,43.57222],[-80.27487,43.57372],[-80.27582,43.57624],[-80.27425,43.57817],[-80.27535,43.58598],[-80.27304,43.59091],[-80.26744,43.59489],[-80.26752,43.59425],[-80.244,43.57673],[-80.23337,43.58457],[-80.22881,43.58133],[-80.22504,43.58397],[-80.19488,43.56236],[-80.19681,43.56092],[-80.19517,43.55975],[-80.19594,43.55918],[-80.18841,43.55371],[-80.1874,43.5528],[-80.18827,43.55219],[-80.18572,43.55031],[-80.20337,43.53715],[-80.1535,43.50052],[-80.18915,43.47382],[-80.20134,43.48262],[-80.20178,43.48172],[-80.20287,43.48255],[-80.22697,43.47831],[-80.23353,43.49627],[-80.2435,43.49458],[-80.24579,43.50056],[-80.25329,43.49993],[-80.25502,43.50677],[-80.25967,43.51216],[-80.25077,43.51872],[-80.261,43.52623],[-80.26309,43.52233],[-80.26847,43.51898],[-80.26811,43.51752],[-80.27121,43.51634],[-80.27295,43.51246],[-80.27442,43.51349],[-80.27725,43.51143],[-80.27809,43.51203],[-80.27883,43.51145],[-80.28841,43.51835],[-80.29108,43.5189],[-80.2972,43.52347],[-80.30694,43.51978],[-80.32688,43.53451],[-80.31788,43.54098],[-80.3196,43.54226],[-80.30172,43.5554],[-80.30358,43.55672],[-80.29468,43.56331],[-80.28851,43.5624],[-80.27929,43.56913],[-80.27827,43.56712],[-80.27592,43.56976]]]},"properties":{"ed_id":115,"electoral_district":"Wellington—Halton Hills","electoral_district_fr":"Wellington—Halton Hills","overall_y2020_pct_attached":91.73053268994228,"overall_y2020_pct_unattached":8.269467310057715,"overall_y2020_n_attached":222985,"overall_y2020_n_unattached":20102,"overall_y2020_n_total":243087,"overall_y2020_fsa_count":6,"overall_y2020_fsa_with_data":6,"overall_y2022_pct_attached":90.29544645108106,"overall_y2022_pct_unattached":9.704553548918938,"overall_y2022_n_attached":225642,"overall_y2022_n_unattached":24251,"overall_y2022_n_total":249893,"overall_y2022_fsa_count":6,"overall_y2022_fsa_with_data":6,"overall_change_pct_attached":-1.4350862388612171,"children_y2020_pct_attached":94.7802585667897,"children_y2020_pct_unattached":5.219741433210302,"children_y2020_n_attached":46993,"children_y2020_n_unattached":2588,"children_y2020_n_total":49581,"children_y2020_fsa_count":6,"children_y2020_fsa_with_data":6,"children_y2022_pct_attached":91.9832225387781,"children_y2022_pct_unattached":8.016777461221904,"children_y2022_n_attached":46492,"children_y2022_n_unattached":4052,"children_y2022_n_total":50544,"children_y2022_fsa_count":6,"children_y2022_fsa_with_data":6,"children_change_pct_attached":-2.797036028011604,"adults_y2020_pct_attached":90.94911785681064,"adults_y2020_pct_unattached":9.050882143189359,"adults_y2020_n_attached":175992,"adults_y2020_n_unattached":17514,"adults_y2020_n_total":193506,"adults_y2020_fsa_count":6,"adults_y2020_fsa_with_data":6,"adults_y2022_pct_attached":89.8675187736081,"adults_y2022_pct_unattached":10.132481226391905,"adults_y2022_n_attached":179150,"adults_y2022_n_unattached":20199,"adults_y2022_n_total":199349,"adults_y2022_fsa_count":6,"adults_y2022_fsa_with_data":6,"adults_change_pct_attached":-1.0815990832025477,"has_data":true,"name":"Wellington—Halton Hills"}},
{"type":"Feature","geometry":{"type":"Polygon","coordinates":[[[-80.27592,43.56976],[-80.27827,43.56712],[-80.27929,43.56913],[-80.28851,43.5624],[-80.29468,43.56331],[-80.30358,43.55672],[-80.30172,43.5554],[-80.3196,43.54226],[-80.31788,43.54098],[-80.32688,43.53451],[-80.30694,43.51978],[-80.2972,43.52347],[-80.29108,43.5189],[-80.28841,43.51835],[-80.27883,43.51145],[-80.27809,43.51203],[-80.27725,43.51143],[-80.27442,43.51349],[-80.27295,43.51246],[-80.27121,43.51634],[-80.26811,43.51752],[-80.26847,43.51898],[-80.26309,43.52233],[-80.261,43.52623],[-80.25077,43.51872],[-80.25967,43.51216],[-80.25502,43.50677],[-80.25329,43.49993],[-80.24579,43.50056],[-80.2435,43.49458],[-80.23353,43.49627],[-80.22697,43.47831],[-80.20287,43.48255],[-80.20178,43.48172],[-80.20134,43.48262],[-80.18915,43.47382],[-80.1535,43.50052],[-80.20337,43.53715],[-80.18572,43.55031],[-80.18827,43.55219],[-80.1874,43.5528],[-80.18841,43.55371],[-80.19594,43.55918],[-80.19517,43.55975],[-80.19681,43.56092],[-80.19488,43.56236],[-80.22504,43.58397],[-80.22881,43.58133],[-80.23337,43.58457],[-80.244,43.57673],[-80.26752,43.59425],[-80.26744,43.59489],[-80.27304,43.59091],[-80.27535,43.58598],[-80.27425,43.57817],[-80.27582,43.57624],[-80.27487,43.57372],[-80.27248,43.57222],[-80.27592,43.56976]]]},"properties":{"ed_id":33,"electoral_district":"Guelph","electoral_district_fr":"Guelph","overall_y2020_pct_attached":89.22462993909176,"overall_y2020_pct_unattached":10.775370060908235,"overall_y2020_n_attached":97709,"overall_y2020_n_unattached":11800,"overall_y2020_n_total":109509,"overall_y2020_fsa_count":5,"overall_y2020_fsa_with_data":5,"overall_y2022_pct_attached":87.25271403295072,"overall_y2022_pct_unattached":12.747285967049285,"overall_y2022_n_attached":98134,"overall_y2022_n_unattached":14337,"overall_y2022_n_total":112471,"overall_y2022_fsa_count":5,"overall_y2022_fsa_with_data":5,"overall_change_pct_attached":-1.9719159061410352,"children_y2020_pct_attached":94.16184431584841,"children_y2020_pct_unattached":5.838155684151578,"children_y2020_n_attached":20177,"children_y2020_n_unattached":1251,"children_y2020_n_total":21428,"children_y2020_fsa_count":5,"children_y2020_fsa_with_data":5,"children_y2022_pct_attached":90.73412790428048,"children_y2022_pct_unattached":9.26587209571952,"children_y2022_n_attached":19565,"children_y2022_n_unattached":1998,"children_y2022_n_total":21563,"children_y2022_fsa_count":5,"children_y2022_fsa_with_data":5,"children_change_pct_attached":-3.4277164115679284,"adults_y2020_pct_attached":88.02352380195502,"adults_y2020_pct_unattached":11.976476198044981,"adults_y2020_n_attached":77532,"adults_y2020_n_unattached":10549,"adults_y2020_n_total":88081,"adults_y2020_fsa_count":5,"adults_y2020_fsa_with_data":5,"adults_y2022_pct_attached":86.42693712324548,"adults_y2022_pct_unattached":13.573062876754522,"adults_y2022_n_attached":78569,"adults_y2022_n_unattached":12339,"adults_y2022_n_total":90908,"adults_y2022_fsa_count":5,"adults_y2022_fsa_with_data":5,"adults_change_pct_attached":-1.5965866787095422,"has_data":true,"name":"Guelph"}},
{"type":"Feature","geometry":{"type":"Polygon","coordinates":[[[-82.74912,41.75],[-82.7498,41.71072],[-82.6802,41.67695],[-82.5,41.67706],[-82.5,41.75],[-82.48702,41.93144],[-82.47034,41.9993],[-82.46904,42.00004],[-82.46637,42.04306],[-82.44693,42.06512],[-82.35362,42.09068],[-82.16488,42.18754],[-82.04683,42.25004],[-81.85447,42.25009],[-81.82373,42.25313],[-81.79584,42.25864],[-81.7862,42.26126],[-81.78082,42.26516],[-81.77749,42.27008],[-81.77672,42.27609],[-81.77768,42.28139],[-81.81047,42.30765],[-81.62338,42.43652],[-81.83467,42.60805],[-81.84399,42.60474],[-81.84688,42.60092],[-81.85224,42.59918],[-81.86017,42.59948],[-81.86741,42.60157],[-81.87458,42.60017],[-81.87818,42.59793],[-81.88483,42.59096],[-81.88694,42.58582],[-81.88936,42.58336],[-81.89134,42.5825],[-81.89258,42.58277],[-81.89495,42.58618],[-81.89827,42.58785],[-81.90536,42.58306],[-81.90658,42.58033],[-81.90601,42.57723],[-81.90341,42.57696],[-81.9007,42.57908],[-81.89901,42.57904],[-81.89754,42.57803],[-81.89723,42.57576],[-81.89799,42.57485],[-81.90025,42.575],[-81.90275,42.57341],[-81.90413,42.57096],[-81.9041,42.56853],[-81.90712,42.5657],[-81.90904,42.56574],[-81.90888,42.56831],[-81.91094,42.56999],[-81.9155,42.56867],[-81.91758,42.56643],[-81.92129,42.56729],[-81.92813,42.5664],[-81.92963,42.56545],[-81.92946,42.56285],[-81.93033,42.56176],[-81.95093,42.55802],[-81.95801,42.55416],[-81.97065,42.5427],[-81.98066,42.53572],[-81.98263,42.53562],[-81.98352,42.5364],[-81.98237,42.53991],[-81.98439,42.54099],[-81.98702,42.54069],[-81.9884,42.54173],[-81.98844,42.54367],[-81.98671,42.54538],[-81.99077,42.54705],[-81.99275,42.54921],[-81.99846,42.54473],[-82.00625,42.54395],[-82.00558,42.54173],[-82.00146,42.5381],[-82.00145,42.53636],[-82.00485,42.5358],[-82.00928,42.53124],[-82.00966,42.52901],[-82.01451,42.52573],[-82.02189,42.52548],[-82.02575,42.52417],[-82.02937,42.52613],[-82.03065,42.52481],[-82.03279,42.52425],[-82.03514,42.52606],[-82.03945,42.52718],[-82.04327,42.5295],[-82.04433,42.52937],[-82.0451,42.52771],[-82.04305,42.52388],[-82.04307,42.52034],[-82.04436,42.51714],[-82.05102,42.51754],[-82.05416,42.51334],[-82.05556,42.51318],[-82.05657,42.51394],[-82.05608,42.51639],[-82.05758,42.51727],[-82.06564,42.51363],[-82.07102,42.51463],[-82.07351,42.51017],[-82.07716,42.50905],[-82.08246,42.50556],[-82.07844,42.50244],[-82.08074,42.49965],[-82.07767,42.49774],[-82.0794,42.4947],[-82.08184,42.49388],[-82.09152,42.49322],[-82.09237,42.49236],[-82.09028,42.49038],[-82.09051,42.4891],[-82.09388,42.48927],[-82.09957,42.48484],[-82.10147,42.48459],[-82.10531,42.48607],[-82.10877,42.48361],[-82.11223,42.48272],[-82.11674,42.47612],[-82.12033,42.4727],[-82.12282,42.47184],[-82.11726,42.46274],[-82.12257,42.46132],[-82.12183,42.45737],[-82.12259,42.45627],[-82.12827,42.45812],[-82.13001,42.45458],[-82.13668,42.4485],[-82.13741,42.44499],[-82.14049,42.44069],[-82.13904,42.4363],[-82.14431,42.43505],[-82.14597,42.43219],[-82.14911,42.4305],[-82.14967,42.42866],[-82.14866,42.42464],[-82.1494,42.42341],[-82.15548,42.42455],[-82.16266,42.41924],[-82.16428,42.41885],[-82.18968,42.43922],[-82.18896,42.43972],[-82.19396,42.44372],[-82.22099,42.42365],[-82.21698,42.42049],[-82.23902,42.40552],[-82.22278,42.39275],[-82.22747,42.39141],[-82.23062,42.38835],[-82.24015,42.38644],[-82.245,42.38864],[-82.25001,42.38846],[-82.25132,42.38702],[-82.25069,42.38185],[-82.25762,42.37991],[-82.26202,42.37553],[-82.26372,42.37528],[-82.26661,42.37624],[-82.27299,42.37373],[-82.27973,42.374],[-82.28086,42.37307],[-82.27995,42.36943],[-82.28124,42.36735],[-82.28666,42.3675],[-82.29934,42.36504],[-82.30138,42.36424],[-82.30456,42.3608],[-82.30846,42.36211],[-82.31084,42.36186],[-82.31386,42.35902],[-82.32082,42.35476],[-82.32323,42.34958],[-82.32526,42.34825],[-82.33012,42.35094],[-82.33201,42.35072],[-82.33499,42.34862],[-82.33825,42.34809],[-82.35321,42.3496],[-82.35806,42.34736],[-82.35852,42.34169],[-82.36712,42.3409],[-82.37183,42.34261],[-82.37324,42.34237],[-82.37586,42.33918],[-82.38009,42.33813],[-82.38767,42.33357],[-82.39083,42.33373],[-82.39598,42.33646],[-82.4032,42.33696],[-82.40785,42.34001],[-82.41181,42.34059],[-82.41781,42.33779],[-82.42184,42.32861],[-82.42743,42.3245],[-82.44083,42.31717],[-82.44884,42.31707],[-82.4538,42.31891],[-82.45912,42.32303],[-82.55083,42.39761],[-82.58865,42.39736],[-82.59248,42.30788],[-82.60104,42.17043],[-82.63574,42.17168],[-82.64421,42.04898],[-82.66058,41.83474],[-82.66366,41.82912],[-82.66827,41.82629],[-82.67461,41.8291],[-82.68244,41.83056],[-82.69186,41.83007],[-82.7026,41.82486],[-82.71374,41.81061],[-82.71618,41.79893],[-82.72495,41.78764],[-82.74912,41.75]]]},"properties":{"ed_id":18,"electoral_district":"Chatham-Kent—Leamington","electoral_district_fr":"Chatham-Kent—Leamington","overall_y2020_pct_attached":86.00129570452113,"overall_y2020_pct_unattached":13.998704295478865,"overall_y2020_n_attached":118146,"overall_y2020_n_unattached":19231,"overall_y2020_n_total":137377,"overall_y2020_fsa_count":4,"overall_y2020_fsa_with_data":4,"overall_y2022_pct_attached":82.86010159671979,"overall_y2022_pct_unattached":17.139898403280203,"overall_y2022_n_attached":118422,"overall_y2022_n_unattached":24496,"overall_y2022_n_total":142918,"overall_y2022_fsa_count":4,"overall_y2022_fsa_with_data":4,"overall_change_pct_attached":-3.14119410780134,"children_y2020_pct_attached":88.94726894726894,"children_y2020_pct_unattached":11.052731052731053,"children_y2020_n_attached":23531,"children_y2020_n_unattached":2924,"children_y2020_n_total":26455,"children_y2020_fsa_count":4,"children_y2020_fsa_with_data":4,"children_y2022_pct_attached":85.24919166016278,"children_y2022_pct_unattached":14.750808339837217,"children_y2022_n_attached":22938,"children_y2022_n_unattached":3969,"children_y2022_n_total":26907,"children_y2022_fsa_count":4,"children_y2022_fsa_with_data":4,"children_change_pct_attached":-3.698077287106159,"adults_y2020_pct_attached":85.29867835055263,"adults_y2020_pct_unattached":14.70132164944736,"adults_y2020_n_attached":94615,"adults_y2020_n_unattached":16307,"adults_y2020_n_total":110922,"adults_y2020_fsa_count":4,"adults_y2020_fsa_with_data":4,"adults_y2022_pct_attached":82.3059882252545,"adults_y2022_pct_unattached":17.694011774745498,"adults_y2022_n_attached":95484,"adults_y2022_n_unattached":20527,"adults_y2022_n_total":116011,"adults_y2022_fsa_count":4,"adults_y2022_fsa_with_data":4,"adults_change_pct_attached":-2.9926901252981395,"has_data":true,"name":"Chatham-Kent—Leamington"}},
{"type":"Feature","geometry":{"type":"Polygon","coordinates":[[[-79.33304,43.70342],[-79.33467,43.70312],[-79.33637,43.70292],[-79.34421,43.69831],[-79.34976,43.69996],[-79.35148,43.69872],[-79.3546,43.69831],[-79.35672,43.69554],[-79.35984,43.69539],[-79.3618,43.69417],[-79.35984,43.69186],[-79.3622,43.68853],[-79.36193,43.68458],[-79.36642,43.68131],[-79.36368,43.67878],[-79.36487,43.6768],[-79.36295,43.67516],[-79.36301,43.67343],[-79.36044,43.67196],[-79.35962,43.67049],[-79.35734,43.66833],[-79.35428,43.65789],[-79.35035,43.65433],[-79.34729,43.65059],[-79.35957,43.64539],[-79.34915,43.63162],[-79.34761,43.62568],[-79.34647,43.61071],[-79.31694,43.61472],[-79.31421,43.64831],[-79.31239,43.65823],[-79.31538,43.66085],[-79.31488,43.66233],[-79.32954,43.69794],[-79.3267,43.70166],[-79.3315,43.70167],[-79.33304,43.70342]]]},"properties":{"ed_id":110,"electoral_district":"Toronto—Danforth","electoral_district_fr":"Toronto—Danforth","overall_y2020_pct_attached":88.34475087580694,"overall_y2020_pct_unattached":11.655249124193062,"overall_y2020_n_attached":84985,"overall_y2020_n_unattached":11212,"overall_y2020_n_total":96197,"overall_y2020_fsa_count":3,"overall_y2020_fsa_with_data":3,"overall_y2022_pct_attached":85.99737338219407,"overall_y2022_pct_unattached":14.002626617805927,"overall_y2022_n_attached":81197,"overall_y2022_n_unattached":13221,"overall_y2022_n_total":94418,"overall_y2022_fsa_count":3,"overall_y2022_fsa_with_data":3,"overall_change_pct_attached":-2.3473774936128677,"children_y2020_pct_attached":92.20468675274988,"children_y2020_pct_unattached":7.79531324725012,"children_y2020_n_attached":15424,"children_y2020_n_unattached":1304,"children_y2020_n_total":16728,"children_y2020_fsa_count":3,"children_y2020_fsa_with_data":3,"children_y2022_pct_attached":84.35633811488026,"children_y2022_pct_unattached":15.643661885119744,"children_y2022_n_attached":13702,"children_y2022_n_unattached":2541,"children_y2022_n_total":16243,"children_y2022_fsa_count":3,"children_y2022_fsa_with_data":3,"children_change_pct_attached":-7.84834863786962,"adults_y2020_pct_attached":87.53224527803295,"adults_y2020_pct_unattached":12.467754721967056,"adults_y2020_n_attached":69561,"adults_y2020_n_unattached":9908,"adults_y2020_n_total":79469,"adults_y2020_fsa_count":3,"adults_y2020_fsa_with_data":3,"adults_y2022_pct_attached":86.33834346018548,"adults_y2022_pct_unattached":13.661656539814517,"adults_y2022_n_attached":67495,"adults_y2022_n_unattached":10680,"adults_y2022_n_total":78175,"adults_y2022_fsa_count":3,"adults_y2022_fsa_with_data":3,"adults_change_pct_attached":-1.1939018178474612,"has_data":true,"name":"Toronto—Danforth"}},
{"type":"Feature","geometry":{"type":"Polygon","coordinates":[[[-79.56364,43.62705],[-79.56354,43.62501],[-79.56553,43.62425],[-79.56558,43.62155],[-79.56681,43.62052],[-79.56639,43.61831],[-79.56835,43.61441],[-79.5646,43.61336],[-79.56393,43.61254],[-79.56713,43.61072],[-79.56726,43.60967],[-79.56694,43.60891],[-79.56481,43.60834],[-79.56528,43.60716],[-79.56064,43.60579],[-79.55668,43.60283],[-79.5558,43.59971],[-79.55373,43.59848],[-79.55378,43.59586],[-79.54883,43.5951],[-79.54951,43.5908],[-79.54647,43.58883],[-79.54785,43.58731],[-79.54446,43.58545],[-79.54387,43.58139],[-79.52296,43.56034],[-79.50809,43.57526],[-79.49348,43.59279],[-79.47692,43.6084],[-79.46376,43.62367],[-79.46968,43.63153],[-79.47509,43.63401],[-79.47734,43.6379],[-79.4847,43.6384],[-79.48526,43.64222],[-79.48991,43.64163],[-79.49262,43.64577],[-79.49276,43.64734],[-79.49074,43.64998],[-79.49156,43.65168],[-79.49236,43.65223],[-79.49765,43.652],[-79.50252,43.65289],[-79.50275,43.65477],[-79.49948,43.65782],[-79.49952,43.659],[-79.50556,43.66278],[-79.51729,43.65793],[-79.52055,43.6501],[-79.52243,43.64824],[-79.52683,43.65107],[-79.52975,43.65111],[-79.53211,43.65019],[-79.53267,43.65216],[-79.53697,43.65256],[-79.53789,43.65496],[-79.54005,43.65494],[-79.53972,43.65368],[-79.54047,43.65355],[-79.53535,43.64179],[-79.55962,43.63635],[-79.55681,43.62866],[-79.56364,43.62705]]]},"properties":{"ed_id":29,"electoral_district":"Etobicoke—Lakeshore","electoral_district_fr":"Etobicoke—Lakeshore","overall_y2020_pct_attached":84.46045760615638,"overall_y2020_pct_unattached":15.539542393843616,"overall_y2020_n_attached":98339,"overall_y2020_n_unattached":18093,"overall_y2020_n_total":116432,"overall_y2020_fsa_count":5,"overall_y2020_fsa_with_data":5,"overall_y2022_pct_attached":82.39926987560844,"overall_y2022_pct_unattached":17.600730124391564,"overall_y2022_n_attached":97508,"overall_y2022_n_unattached":20828,"overall_y2022_n_total":118336,"overall_y2022_fsa_count":5,"overall_y2022_fsa_with_data":5,"overall_change_pct_attached":-2.0611877305479425,"children_y2020_pct_attached":92.18741366926349,"children_y2020_pct_unattached":7.812586330736505,"children_y2020_n_attached":16685,"children_y2020_n_unattached":1414,"children_y2020_n_total":18099,"children_y2020_fsa_count":5,"children_y2020_fsa_with_data":5,"children_y2022_pct_attached":85.15870436572419,"children_y2022_pct_unattached":14.84129563427581,"children_y2022_n_attached":15722,"children_y2022_n_unattached":2740,"children_y2022_n_total":18462,"children_y2022_fsa_count":5,"children_y2022_fsa_with_data":5,"children_change_pct_attached":-7.028709303539301,"adults_y2020_pct_attached":83.03824758727995,"adults_y2020_pct_unattached":16.961752412720045,"adults_y2020_n_attached":81654,"adults_y2020_n_unattached":16679,"adults_y2020_n_total":98333,"adults_y2020_fsa_count":5,"adults_y2020_fsa_with_data":5,"adults_y2022_pct_attached":81.88918036726275,"adults_y2022_pct_unattached":18.11081963273725,"adults_y2022_n_attached":81786,"adults_y2022_n_unattached":18088,"adults_y2022_n_total":99874,"adults_y2022_fsa_count":5,"adults_y2022_fsa_with_data":5,"adults_change_pct_attached":-1.1490672200172014,"has_data":true,"name":"Etobicoke—Lakeshore"}},
{"type":"Feature","geometry":{"type":"Polygon","coordinates":[[[-79.50556,43.66278],[-79.49952,43.659],[-79.49948,43.65782],[-79.50275,43.65477],[-79.50252,43.65289],[-79.49765,43.652],[-79.49236,43.65223],[-79.49156,43.65168],[-79.49074,43.64998],[-79.49276,43.64734],[-79.49262,43.64577],[-79.48991,43.64163],[-79.48526,43.64222],[-79.4847,43.6384],[-79.47734,43.6379],[-79.47509,43.63401],[-79.46968,43.63153],[-79.46376,43.62367],[-79.46071,43.62681],[-79.45459,43.62814],[-79.42487,43.62478],[-79.42866,43.63292],[-79.42541,43.63387],[-79.42808,43.64233],[-79.44232,43.64953],[-79.46,43.66724],[-79.47351,43.66736],[-79.50617,43.6654],[-79.50936,43.66462],[-79.5122,43.66261],[-79.51048,43.66201],[-79.50556,43.66278]]]},"properties":{"ed_id":83,"electoral_district":"Parkdale—High Park","electoral_district_fr":"Parkdale—High Park","overall_y2020_pct_attached":81.79345498158142,"overall_y2020_pct_unattached":18.206545018418574,"overall_y2020_n_attached":114573,"overall_y2020_n_unattached":25503,"overall_y2020_n_total":140076,"overall_y2020_fsa_count":4,"overall_y2020_fsa_with_data":4,"overall_y2022_pct_attached":79.79898196876887,"overall_y2022_pct_unattached":20.201018031231126,"overall_y2022_n_attached":110994,"overall_y2022_n_unattached":28098,"overall_y2022_n_total":139092,"overall_y2022_fsa_count":4,"overall_y2022_fsa_with_data":4,"overall_change_pct_attached":-1.9944730128125485,"children_y2020_pct_attached":89.87742735160447,"children_y2020_pct_unattached":10.122572648395538,"children_y2020_n_attached":19578,"children_y2020_n_unattached":2205,"children_y2020_n_total":21783,"children_y2020_fsa_count":4,"children_y2020_fsa_with_data":4,"children_y2022_pct_attached":81.86022367986409,"children_y2022_pct_unattached":18.139776320135905,"children_y2022_n_attached":17347,"children_y2022_n_unattached":3844,"children_y2022_n_total":21191,"children_y2022_fsa_count":4,"children_y2022_fsa_with_data":4,"children_change_pct_attached":-8.017203671740376,"adults_y2020_pct_attached":80.30483629631509,"adults_y2020_pct_unattached":19.69516370368492,"adults_y2020_n_attached":94995,"adults_y2020_n_unattached":23298,"adults_y2020_n_total":118293,"adults_y2020_fsa_count":4,"adults_y2020_fsa_with_data":4,"adults_y2022_pct_attached":79.42850357503329,"adults_y2022_pct_unattached":20.57149642496671,"adults_y2022_n_attached":93647,"adults_y2022_n_unattached":24254,"adults_y2022_n_total":117901,"adults_y2022_fsa_count":4,"adults_y2022_fsa_with_data":4,"adults_change_pct_attached":-0.8763327212817984,"has_data":true,"name":"Parkdale—High Park"}},
{"type":"Feature","geometry":{"type":"Polygon","coordinates":[[[-79.38483,43.69402],[-79.38912,43.69312],[-79.38873,43.69172],[-79.39092,43.6913],[-79.38644,43.68772],[-79.39079,43.68677],[-79.3903,43.68558],[-79.39284,43.68502],[-79.3912,43.68112],[-79.40137,43.67679],[-79.42942,43.67103],[-79.42076,43.64933],[-79.40558,43.65237],[-79.40374,43.65174],[-79.38375,43.65571],[-79.38091,43.65632],[-79.38135,43.65741],[-79.38309,43.66137],[-79.38584,43.66081],[-79.38886,43.66819],[-79.37989,43.66997],[-79.37945,43.67181],[-79.37684,43.67235],[-79.37715,43.6732],[-79.36991,43.6726],[-79.3611,43.67003],[-79.35962,43.67049],[-79.36044,43.67196],[-79.36301,43.67343],[-79.36295,43.67516],[-79.36487,43.6768],[-79.36368,43.67878],[-79.36642,43.68131],[-79.36193,43.68458],[-79.3622,43.68853],[-79.36288,43.68881],[-79.36357,43.68791],[-79.36218,43.69255],[-79.36681,43.69444],[-79.37087,43.69065],[-79.38137,43.69508],[-79.38483,43.69402]]]},"properties":{"ed_id":112,"electoral_district":"University—Rosedale","electoral_district_fr":"University—Rosedale","overall_y2020_pct_attached":77.90987727283193,"overall_y2020_pct_unattached":22.090122727168065,"overall_y2020_n_attached":101508,"overall_y2020_n_unattached":28781,"overall_y2020_n_total":130289,"overall_y2020_fsa_count":8,"overall_y2020_fsa_with_data":7,"overall_y2022_pct_attached":74.79308506116645,"overall_y2022_pct_unattached":25.206914938833545,"overall_y2022_n_attached":96783,"overall_y2022_n_unattached":32618,"overall_y2022_n_total":129401,"overall_y2022_fsa_count":8,"overall_y2022_fsa_with_data":7,"overall_change_pct_attached":-3.1167922116654836,"children_y2020_pct_attached":85.07363672548759,"children_y2020_pct_unattached":14.926363274512406,"children_y2020_n_attached":12824,"children_y2020_n_unattached":2250,"children_y2020_n_total":15074,"children_y2020_fsa_count":8,"children_y2020_fsa_with_data":7,"children_y2022_pct_attached":76.63039805365952,"children_y2022_pct_unattached":23.369601946340474,"children_y2022_n_attached":11339,"children_y2022_n_unattached":3458,"children_y2022_n_total":14797,"children_y2022_fsa_count":8,"children_y2022_fsa_with_data":7,"children_change_pct_attached":-8.44323867182807,"adults_y2020_pct_attached":76.97261641279347,"adults_y2020_pct_unattached":23.027383587206526,"adults_y2020_n_attached":88684,"adults_y2020_n_unattached":26531,"adults_y2020_n_total":115215,"adults_y2020_fsa_count":8,"adults_y2020_fsa_with_data":7,"adults_y2022_pct_attached":74.55586192454015,"adults_y2022_pct_unattached":25.444138075459843,"adults_y2022_n_attached":85444,"adults_y2022_n_unattached":29160,"adults_y2022_n_total":114604,"adults_y2022_fsa_count":8,"adults_y2022_fsa_with_data":7,"adults_change_pct_attached":-2.416754488253318,"has_data":true,"name":"University—Rosedale"}},
{"type":"Feature","geometry":{"type":"Polygon","coordinates":[[[-79.35962,43.67049],[-79.3611,43.67003],[-79.36991,43.6726],[-79.37715,43.6732],[-79.37684,43.67235],[-79.37945,43.67181],[-79.37989,43.66997],[-79.38886,43.66819],[-79.38584,43.66081],[-79.38309,43.66137],[-79.38135,43.65741],[-79.38091,43.65632],[-79.38375,43.65571],[-79.37912,43.64598],[-79.37696,43.64687],[-79.37649,43.64578],[-79.37173,43.64803],[-79.35475,43.65193],[-79.35035,43.65433],[-79.35428,43.65789],[-79.35734,43.66833],[-79.35962,43.67049]]]},"properties":{"ed_id":109,"electoral_district":"Toronto Centre","electoral_district_fr":"Toronto-Centre","overall_y2020_pct_attached":79.1162330798868,"overall_y2020_pct_unattached":20.883766920113196,"overall_y2020_n_attached":92816,"overall_y2020_n_unattached":24500,"overall_y2020_n_total":117316,"overall_y2020_fsa_count":6,"overall_y2020_fsa_with_data":5,"overall_y2022_pct_attached":74.75892095918418,"overall_y2022_pct_unattached":25.241079040815816,"overall_y2022_n_attached":90317,"overall_y2022_n_unattached":30494,"overall_y2022_n_total":120811,"overall_y2022_fsa_count":6,"overall_y2022_fsa_with_data":5,"overall_change_pct_attached":-4.357312120702616,"children_y2020_pct_attached":85.65404265671884,"children_y2020_pct_unattached":14.345957343281162,"children_y2020_n_attached":10562,"children_y2020_n_unattached":1769,"children_y2020_n_total":12331,"children_y2020_fsa_count":6,"children_y2020_fsa_with_data":5,"children_y2022_pct_attached":79.0757275132275,"children_y2022_pct_unattached":20.924272486772484,"children_y2022_n_attached":9565,"children_y2022_n_unattached":2531,"children_y2022_n_total":12096,"children_y2022_fsa_count":6,"children_y2022_fsa_with_data":6,"children_change_pct_attached":-6.578315143491338,"adults_y2020_pct_attached":78.34833547649664,"adults_y2020_pct_unattached":21.65166452350336,"adults_y2020_n_attached":82254,"adults_y2020_n_unattached":22731,"adults_y2020_n_total":104985,"adults_y2020_fsa_count":6,"adults_y2020_fsa_with_data":5,"adults_y2022_pct_attached":74.27861840592375,"adults_y2022_pct_unattached":25.721381594076252,"adults_y2022_n_attached":80752,"adults_y2022_n_unattached":27963,"adults_y2022_n_total":108715,"adults_y2022_fsa_count":6,"adults_y2022_fsa_with_data":5,"adults_change_pct_attached":-4.069717070572892,"has_data":true,"name":"Toronto Centre"}},
{"type":"Feature","geometry":{"type":"Polygon","coordinates":[[[-75.69623,45.33428],[-75.70056,45.33402],[-75.70344,45.33466],[-75.70735,45.33895],[-75.71071,45.34005],[-75.72405,45.33476],[-75.72678,45.33948],[-75.81541,45.33086],[-75.80591,45.34555],[-75.83796,45.34004],[-75.88604,45.32057],[-75.87678,45.30407],[-75.85992,45.31098],[-75.83253,45.30137],[-75.83814,45.28347],[-75.83528,45.27739],[-75.85236,45.27057],[-75.85785,45.2697],[-75.80927,45.18038],[-75.68883,45.22877],[-75.6995,45.23537],[-75.70309,45.24191],[-75.7032,45.24846],[-75.70523,45.24859],[-75.70615,45.25051],[-75.70523,45.25692],[-75.70641,45.26036],[-75.70509,45.2656],[-75.70548,45.26874],[-75.70249,45.26977],[-75.70089,45.27377],[-75.7022,45.27643],[-75.701,45.27956],[-75.69812,45.28204],[-75.69681,45.28681],[-75.69977,45.29402],[-75.69732,45.30468],[-75.69519,45.30787],[-75.69855,45.31632],[-75.69621,45.31929],[-75.69616,45.32112],[-75.69821,45.32372],[-75.69967,45.32942],[-75.69623,45.33428]]]},"properties":{"ed_id":66,"electoral_district":"Nepean","electoral_district_fr":"Nepean","overall_y2020_pct_attached":88.50283660557817,"overall_y2020_pct_unattached":11.497163394421838,"overall_y2020_n_attached":119185,"overall_y2020_n_unattached":15483,"overall_y2020_n_total":134668,"overall_y2020_fsa_count":3,"overall_y2020_fsa_with_data":3,"overall_y2022_pct_attached":85.6142406940266,"overall_y2022_pct_unattached":14.385759305973403,"overall_y2022_n_attached":119806,"overall_y2022_n_unattached":20131,"overall_y2022_n_total":139937,"overall_y2022_fsa_count":3,"overall_y2022_fsa_with_data":3,"overall_change_pct_attached":-2.888595911551562,"children_y2020_pct_attached":92.39303725394501,"children_y2020_pct_unattached":7.606962746054986,"children_y2020_n_attached":28397,"children_y2020_n_unattached":2338,"children_y2020_n_total":30735,"children_y2020_fsa_count":3,"children_y2020_fsa_with_data":3,"children_y2022_pct_attached":86.23058158942098,"children_y2022_pct_unattached":13.769418410579021,"children_y2022_n_attached":26866,"children_y2022_n_unattached":4290,"children_y2022_n_total":31156,"children_y2022_fsa_count":3,"children_y2022_fsa_with_data":3,"children_change_pct_attached":-6.162455664524032,"adults_y2020_pct_attached":87.3524289686625,"adults_y2020_pct_unattached":12.647571031337495,"adults_y2020_n_attached":90788,"adults_y2020_n_unattached":13145,"adults_y2020_n_total":103933,"adults_y2020_fsa_count":3,"adults_y2020_fsa_with_data":3,"adults_y2022_pct_attached":85.43771430672635,"adults_y2022_pct_unattached":14.56228569327364,"adults_y2022_n_attached":92940,"adults_y2022_n_unattached":15841,"adults_y2022_n_total":108781,"adults_y2022_fsa_count":3,"adults_y2022_fsa_with_data":3,"adults_change_pct_attached":-1.914714661936145,"has_data":true,"name":"Nepean"}},
{"type":"Feature","geometry":{"type":"Polygon","coordinates":[[[-74.45226,45.35619],[-74.42033,45.44296],[-74.40701,45.48205],[-74.38839,45.54004],[-74.38116,45.56554],[-74.38656,45.5683],[-74.40215,45.5711],[-74.4187,45.57286],[-74.43135,45.57276],[-74.43941,45.57481],[-74.4482,45.57885],[-74.4632,45.58985],[-74.46957,45.59266],[-74.47803,45.5951],[-74.48674,45.59562],[-74.50434,45.59253],[-74.51499,45.59161],[-74.52335,45.59145],[-74.52853,45.59242],[-74.55962,45.60469],[-74.601,45.61864],[-74.60564,45.62214],[-74.61475,45.62508],[-74.62562,45.63443],[-74.6349,45.63766],[-74.64489,45.63837],[-74.65099,45.63733],[-74.65826,45.63499],[-74.66914,45.63345],[-74.72514,45.62817],[-74.7301,45.62853],[-74.77881,45.63818],[-74.79424,45.63928],[-74.80509,45.63923],[-74.8099,45.63824],[-74.84157,45.63648],[-74.86864,45.64124],[-74.88985,45.64366],[-74.91504,45.64499],[-74.92642,45.64645],[-74.94099,45.64569],[-74.94937,45.6406],[-74.96257,45.62942],[-74.9727,45.62437],[-74.9865,45.61344],[-74.99676,45.60721],[-75.01807,45.5993],[-75.0433,45.59248],[-75.05222,45.59149],[-75.07797,45.59045],[-75.10994,45.57875],[-75.12132,45.57625],[-75.13478,45.57691],[-75.13899,45.57824],[-75.14837,45.5795],[-75.16057,45.57871],[-75.17069,45.57692],[-75.17478,45.57711],[-75.18187,45.57879],[-75.1953,45.58447],[-75.20666,45.58705],[-75.22724,45.58742],[-75.23967,45.5861],[-75.24804,45.58313],[-75.2976,45.55985],[-75.30062,45.55782],[-75.30575,45.55192],[-75.31422,45.54725],[-75.35096,45.53396],[-75.36492,45.53042],[-75.38723,45.52613],[-75.39162,45.52451],[-75.4137,45.52264],[-75.42263,45.52049],[-75.4332,45.521],[-75.45062,45.51997],[-75.46074,45.51852],[-75.4654,45.51691],[-75.45212,45.49717],[-75.44963,45.49577],[-75.43753,45.4746],[-75.44189,45.47369],[-75.44053,45.47212],[-75.43726,45.47199],[-75.43571,45.4712],[-75.42448,45.45154],[-75.44923,45.44497],[-75.4489,45.44215],[-75.473,45.43508],[-75.41763,45.33251],[-75.43401,45.32807],[-75.40253,45.26539],[-75.36743,45.20449],[-75.3532,45.1821],[-75.20115,45.2398],[-75.19226,45.22168],[-75.13688,45.23586],[-75.05743,45.25921],[-74.99411,45.27677],[-75.01691,45.31587],[-74.92049,45.34325],[-74.85337,45.25737],[-74.84876,45.25202],[-74.8413,45.25516],[-74.78727,45.18863],[-74.75772,45.20122],[-74.75905,45.20286],[-74.65565,45.24905],[-74.6067,45.26995],[-74.62076,45.28699],[-74.45226,45.35619]]]},"properties":{"ed_id":32,"electoral_district":"Glengarry—Prescott—Russell","electoral_district_fr":"Glengarry—Prescott—Russell","overall_y2020_pct_attached":92.79474323913705,"overall_y2020_pct_unattached":7.205256760862959,"overall_y2020_n_attached":171017,"overall_y2020_n_unattached":13279,"overall_y2020_n_total":184296,"overall_y2020_fsa_count":7,"overall_y2020_fsa_with_data":7,"overall_y2022_pct_attached":91.1618106139438,"overall_y2022_pct_unattached":8.838189386056191,"overall_y2022_n_attached":175213,"overall_y2022_n_unattached":16987,"overall_y2022_n_total":192200,"overall_y2022_fsa_count":7,"overall_y2022_fsa_with_data":7,"overall_change_pct_attached":-1.6329326251932486,"children_y2020_pct_attached":95.33402501585105,"children_y2020_pct_unattached":4.665974984148942,"children_y2020_n_attached":33079,"children_y2020_n_unattached":1619,"children_y2020_n_total":34698,"children_y2020_fsa_count":7,"children_y2020_fsa_with_data":7,"children_y2022_pct_attached":92.19858156028369,"children_y2022_pct_unattached":7.801418439716312,"children_y2022_n_attached":33670,"children_y2022_n_unattached":2849,"children_y2022_n_total":36519,"children_y2022_fsa_count":7,"children_y2022_fsa_with_data":7,"children_change_pct_attached":-3.135443455567369,"adults_y2020_pct_attached":92.20577815211433,"adults_y2020_pct_unattached":7.794221847885667,"adults_y2020_n_attached":137938,"adults_y2020_n_unattached":11660,"adults_y2020_n_total":149598,"adults_y2020_fsa_count":7,"adults_y2020_fsa_with_data":7,"adults_y2022_pct_attached":90.91860920728926,"adults_y2022_pct_unattached":9.081390792710735,"adults_y2022_n_attached":141543,"adults_y2022_n_unattached":14138,"adults_y2022_n_total":155681,"adults_y2022_fsa_count":7,"adults_y2022_fsa_with_data":7,"adults_change_pct_attached":-1.2871689448250692,"has_data":true,"name":"Glengarry—Prescott—Russell"}},
{"type":"Feature","geometry":{"type":"Polygon","coordinates":[[[-79.75407,43.05054],[-79.70975,43.15584],[-79.65826,43.14397],[-79.63562,43.19528],[-79.64625,43.19553],[-79.65082,43.19802],[-79.66112,43.20083],[-79.6719,43.20133],[-79.67511,43.20299],[-79.67857,43.20368],[-79.69031,43.20419],[-79.69064,43.20335],[-79.69545,43.20362],[-79.71944,43.20721],[-79.738,43.21194],[-79.74735,43.21242],[-79.77798,43.20952],[-79.78064,43.20797],[-79.78951,43.20543],[-79.79719,43.20512],[-79.80018,43.20393],[-79.80579,43.20398],[-79.80959,43.20198],[-79.81036,43.20345],[-79.81498,43.20241],[-79.82179,43.19899],[-79.82368,43.19388],[-79.82342,43.19045],[-79.82553,43.18608],[-79.91226,43.2071],[-79.92551,43.21018],[-79.92893,43.21034],[-79.92861,43.20779],[-79.93006,43.20446],[-79.93141,43.20473],[-79.9381,43.20288],[-79.95568,43.19731],[-80.03861,43.18295],[-80.04675,43.20762],[-80.04743,43.2161],[-80.04915,43.22178],[-80.05591,43.22822],[-80.05373,43.23484],[-80.05663,43.24493],[-80.04099,43.24756],[-80.02788,43.2532],[-79.97298,43.27322],[-79.9649,43.27322],[-79.95113,43.27553],[-79.94207,43.27895],[-79.93076,43.28581],[-79.92695,43.28639],[-79.91453,43.28601],[-79.90047,43.28824],[-79.89699,43.28821],[-79.89577,43.29034],[-79.89165,43.29328],[-79.91254,43.30853],[-79.88417,43.32934],[-79.88121,43.32817],[-79.87613,43.32932],[-79.87377,43.3306],[-79.86793,43.33651],[-79.86126,43.34164],[-79.86001,43.34698],[-79.86808,43.3528],[-80.03385,43.4707],[-80.08383,43.4351],[-80.07858,43.41811],[-80.20644,43.3972],[-80.19995,43.37928],[-80.1975,43.37038],[-80.19813,43.37028],[-80.18928,43.34351],[-80.24858,43.3335],[-80.222,43.26413],[-80.20057,43.21066],[-79.9843,43.13199],[-79.75407,43.05054]]]},"properties":{"ed_id":31,"electoral_district":"Flamborough—Glanbrook","electoral_district_fr":"Flamborough—Glanbrook","overall_y2020_pct_attached":91.71416567467264,"overall_y2020_pct_unattached":8.28583432532736,"overall_y2020_n_attached":130977,"overall_y2020_n_unattached":11833,"overall_y2020_n_total":142810,"overall_y2020_fsa_count":6,"overall_y2020_fsa_with_data":6,"overall_y2022_pct_attached":90.36039236044701,"overall_y2022_pct_unattached":9.639607639552993,"overall_y2022_n_attached":132284,"overall_y2022_n_unattached":14112,"overall_y2022_n_total":146396,"overall_y2022_fsa_count":6,"overall_y2022_fsa_with_data":6,"overall_change_pct_attached":-1.3537733142256343,"children_y2020_pct_attached":96.0337152448369,"children_y2020_pct_unattached":3.9662847551631026,"children_y2020_n_attached":26319,"children_y2020_n_unattached":1087,"children_y2020_n_total":27406,"children_y2020_fsa_count":6,"children_y2020_fsa_with_data":6,"children_y2022_pct_attached":93.09659796374473,"children_y2022_pct_unattached":6.903402036255277,"children_y2022_n_attached":26243,"children_y2022_n_unattached":1946,"children_y2022_n_total":28189,"children_y2022_fsa_count":6,"children_y2022_fsa_with_data":6,"children_change_pct_attached":-2.9371172810921706,"adults_y2020_pct_attached":90.6883643547884,"adults_y2020_pct_unattached":9.311635645211606,"adults_y2020_n_attached":104658,"adults_y2020_n_unattached":10746,"adults_y2020_n_total":115404,"adults_y2020_fsa_count":6,"adults_y2020_fsa_with_data":6,"adults_y2022_pct_attached":89.7078853198203,"adults_y2022_pct_unattached":10.292114680179685,"adults_y2022_n_attached":106041,"adults_y2022_n_unattached":12166,"adults_y2022_n_total":118207,"adults_y2022_fsa_count":6,"adults_y2022_fsa_with_data":6,"adults_change_pct_attached":-0.9804790349680985,"has_data":true,"name":"Flamborough—Glanbrook"}},
{"type":"Feature","geometry":{"type":"Polygon","coordinates":[[[-79.19226,43.14526],[-79.17819,43.14987],[-79.17783,43.1404],[-79.17683,43.14075],[-79.17541,43.10864],[-79.17499,43.0589],[-79.16871,43.05876],[-79.16875,43.01273],[-79.16954,43.01273],[-79.16976,43.00316],[-79.16863,42.96231],[-79.16715,42.96232],[-79.16712,42.95957],[-79.11516,42.95958],[-79.11783,42.76035],[-78.93544,42.82836],[-78.91886,42.87361],[-78.90614,42.90016],[-78.9059,42.92378],[-78.90987,42.93364],[-78.91957,42.9472],[-78.93302,42.95616],[-78.96199,42.95786],[-78.97511,42.96878],[-79.012,42.98534],[-79.02026,42.99484],[-79.02344,43.01629],[-79.01185,43.02916],[-79.0053,43.0474],[-79.00011,43.05607],[-79.00739,43.06567],[-79.0741,43.07785],[-79.07539,43.08162],[-79.07018,43.08807],[-79.06622,43.09134],[-79.05817,43.10682],[-79.06015,43.11374],[-79.06958,43.12038],[-79.06099,43.12578],[-79.05554,43.12816],[-79.04951,43.13515],[-79.04313,43.13919],[-79.04253,43.14347],[-79.04264,43.1487],[-79.04424,43.15188],[-79.04665,43.16237],[-79.05109,43.16762],[-79.05333,43.17391],[-79.05273,43.18406],[-79.04898,43.19909],[-79.04924,43.20084],[-79.05644,43.21084],[-79.05307,43.22346],[-79.05581,43.2391],[-79.05466,43.24881],[-79.05505,43.25271],[-79.0563,43.25486],[-79.0704,43.2624],[-79.07242,43.26534],[-79.08931,43.26485],[-79.11215,43.259],[-79.12221,43.25922],[-79.12812,43.26048],[-79.13943,43.25784],[-79.15199,43.24987],[-79.19204,43.23285],[-79.20259,43.22995],[-79.20055,43.19121],[-79.1985,43.18848],[-79.19643,43.18096],[-79.19226,43.14526]]]},"properties":{"ed_id":69,"electoral_district":"Niagara Falls","electoral_district_fr":"Niagara Falls","overall_y2020_pct_attached":88.14868593001307,"overall_y2020_pct_unattached":11.851314069986932,"overall_y2020_n_attached":151770,"overall_y2020_n_unattached":20405,"overall_y2020_n_total":172175,"overall_y2020_fsa_count":6,"overall_y2020_fsa_with_data":6,"overall_y2022_pct_attached":84.81891359289237,"overall_y2022_pct_unattached":15.181086407107628,"overall_y2022_n_attached":152367,"overall_y2022_n_unattached":27271,"overall_y2022_n_total":179638,"overall_y2022_fsa_count":6,"overall_y2022_fsa_with_data":6,"overall_change_pct_attached":-3.3297723371207013,"children_y2020_pct_attached":92.50617719731733,"children_y2020_pct_unattached":7.4938228026826685,"children_y2020_n_attached":26207,"children_y2020_n_unattached":2123,"children_y2020_n_total":28330,"children_y2020_fsa_count":6,"children_y2020_fsa_with_data":6,"children_y2022_pct_attached":86.04905003922639,"children_y2022_pct_unattached":13.950949960773611,"children_y2022_n_attached":25227,"children_y2022_n_unattached":4090,"children_y2022_n_total":29317,"children_y2022_fsa_count":6,"children_y2022_fsa_with_data":6,"children_change_pct_attached":-6.457127158090941,"adults_y2020_pct_attached":87.29048628732316,"adults_y2020_pct_unattached":12.70951371267684,"adults_y2020_n_attached":125563,"adults_y2020_n_unattached":18282,"adults_y2020_n_total":143845,"adults_y2020_fsa_count":6,"adults_y2020_fsa_with_data":6,"adults_y2022_pct_attached":84.5790009379927,"adults_y2022_pct_unattached":15.420999062007304,"adults_y2022_n_attached":127140,"adults_y2022_n_unattached":23181,"adults_y2022_n_total":150321,"adults_y2022_fsa_count":6,"adults_y2022_fsa_with_data":6,"adults_change_pct_attached":-2.7114853493304594,"has_data":true,"name":"Niagara Falls"}},
{"type":"Feature","geometry":{"type":"Polygon","coordinates":[[[-79.27578,43.14238],[-79.27464,43.10879],[-79.28716,43.10865],[-79.28576,43.05917],[-79.28171,43.05404],[-79.27851,43.05252],[-79.27311,43.05226],[-79.26787,43.05412],[-79.26743,43.02666],[-79.27504,43.02678],[-79.27503,43.02769],[-79.28006,43.02683],[-79.28028,43.01751],[-79.29054,43.0174],[-79.29069,43.016],[-79.28995,42.99757],[-79.29059,42.99756],[-79.29061,42.96662],[-79.28663,42.9697],[-79.28173,42.97205],[-79.28165,42.97039],[-79.27863,42.75271],[-79.26161,42.75407],[-79.23459,42.75428],[-79.18517,42.75207],[-79.17167,42.75348],[-79.14156,42.75129],[-79.11783,42.76035],[-79.11516,42.95958],[-79.16712,42.95957],[-79.16715,42.96232],[-79.16863,42.96231],[-79.16976,43.00316],[-79.16954,43.01273],[-79.16875,43.01273],[-79.16871,43.05876],[-79.17499,43.0589],[-79.17541,43.10864],[-79.17683,43.14075],[-79.17783,43.1404],[-79.17819,43.14987],[-79.19226,43.14526],[-79.21464,43.13622],[-79.22803,43.13208],[-79.23286,43.13376],[-79.24274,43.13491],[-79.25094,43.13346],[-79.24796,43.13563],[-79.24696,43.13951],[-79.24452,43.14093],[-79.24567,43.14402],[-79.24376,43.14883],[-79.24503,43.15235],[-79.24629,43.1524],[-79.24692,43.15044],[-79.24889,43.14909],[-79.26239,43.14389],[-79.27578,43.14238]]]},"properties":{"ed_id":68,"electoral_district":"Niagara Centre","electoral_district_fr":"Niagara-Centre","overall_y2020_pct_attached":86.2773676869309,"overall_y2020_pct_unattached":13.7226323130691,"overall_y2020_n_attached":110102,"overall_y2020_n_unattached":17512,"overall_y2020_n_total":127614,"overall_y2020_fsa_count":6,"overall_y2020_fsa_with_data":6,"overall_y2022_pct_attached":83.42195430032297,"overall_y2022_pct_unattached":16.578045699677034,"overall_y2022_n_attached":110293,"overall_y2022_n_unattached":21918,"overall_y2022_n_total":132211,"overall_y2022_fsa_count":6,"overall_y2022_fsa_with_data":6,"overall_change_pct_attached":-2.8554133866079354,"children_y2020_pct_attached":91.87569162670601,"children_y2020_pct_unattached":8.124308373293987,"children_y2020_n_attached":19926,"children_y2020_n_unattached":1762,"children_y2020_n_total":21688,"children_y2020_fsa_count":6,"children_y2020_fsa_with_data":6,"children_y2022_pct_attached":85.03761741530516,"children_y2022_pct_unattached":14.962382584694831,"children_y2022_n_attached":19102,"children_y2022_n_unattached":3361,"children_y2022_n_total":22463,"children_y2022_fsa_count":6,"children_y2022_fsa_with_data":6,"children_change_pct_attached":-6.838074211400851,"adults_y2020_pct_attached":85.13112927893057,"adults_y2020_pct_unattached":14.868870721069428,"adults_y2020_n_attached":90176,"adults_y2020_n_unattached":15750,"adults_y2020_n_total":105926,"adults_y2020_fsa_count":6,"adults_y2020_fsa_with_data":6,"adults_y2022_pct_attached":83.09126362211612,"adults_y2022_pct_unattached":16.90873637788388,"adults_y2022_n_attached":91191,"adults_y2022_n_unattached":18557,"adults_y2022_n_total":109748,"adults_y2022_fsa_count":6,"adults_y2022_fsa_with_data":6,"adults_change_pct_attached":-2.039865656814456,"has_data":true,"name":"Niagara Centre"}},
{"type":"Feature","geometry":{"type":"Polygon","coordinates":[[[-79.9843,43.13199],[-80.20057,43.21066],[-80.222,43.26413],[-80.3036,43.25046],[-80.31543,43.25028],[-80.31819,43.24808],[-80.31991,43.24776],[-80.45488,43.22484],[-80.43654,43.17939],[-80.48043,43.17196],[-80.46142,43.12386],[-80.46015,43.12384],[-80.452,43.1014],[-80.45026,43.10127],[-80.44469,43.08799],[-80.44541,43.08787],[-80.43622,43.06417],[-80.43413,43.06453],[-80.42945,43.05239],[-80.43145,43.05207],[-80.41385,43.00498],[-80.36984,43.01156],[-80.3705,43.01328],[-80.24371,43.03215],[-80.05549,42.96343],[-80.05242,42.9664],[-80.04569,42.97607],[-80.03903,42.9736],[-80.03731,42.9753],[-80.03669,42.97684],[-80.0434,42.97932],[-80.01003,43.02921],[-79.99693,43.02441],[-79.99346,43.02715],[-80.00762,43.03243],[-79.97641,43.0797],[-79.9821,43.08188],[-79.99132,43.08687],[-80.00083,43.0877],[-80.00375,43.08872],[-79.9843,43.13199]]]},"properties":{"ed_id":13,"electoral_district":"Brantford—Brant","electoral_district_fr":"Brantford—Brant","overall_y2020_pct_attached":92.01091859271472,"overall_y2020_pct_unattached":7.9890814072852825,"overall_y2020_n_attached":118315,"overall_y2020_n_unattached":10273,"overall_y2020_n_total":128588,"overall_y2020_fsa_count":6,"overall_y2020_fsa_with_data":6,"overall_y2022_pct_attached":90.85831021589675,"overall_y2022_pct_unattached":9.141689784103244,"overall_y2022_n_attached":120529,"overall_y2022_n_unattached":12127,"overall_y2022_n_total":132656,"overall_y2022_fsa_count":6,"overall_y2022_fsa_with_data":6,"overall_change_pct_attached":-1.152608376817966,"children_y2020_pct_attached":94.90001979805979,"children_y2020_pct_unattached":5.09998020194021,"children_y2020_n_attached":23967,"children_y2020_n_unattached":1288,"children_y2020_n_total":25255,"children_y2020_fsa_count":6,"children_y2020_fsa_with_data":6,"children_y2022_pct_attached":92.06545707764323,"children_y2022_pct_unattached":7.934542922356765,"children_y2022_n_attached":23798,"children_y2022_n_unattached":2051,"children_y2022_n_total":25849,"children_y2022_fsa_count":6,"children_y2022_fsa_with_data":6,"children_change_pct_attached":-2.8345627204165567,"adults_y2020_pct_attached":91.30481066067955,"adults_y2020_pct_unattached":8.69518933932045,"adults_y2020_n_attached":94348,"adults_y2020_n_unattached":8985,"adults_y2020_n_total":103333,"adults_y2020_fsa_count":6,"adults_y2020_fsa_with_data":6,"adults_y2022_pct_attached":90.56616139391613,"adults_y2022_pct_unattached":9.43383860608387,"adults_y2022_n_attached":96731,"adults_y2022_n_unattached":10076,"adults_y2022_n_total":106807,"adults_y2022_fsa_count":6,"adults_y2022_fsa_with_data":6,"adults_change_pct_attached":-0.7386492667634172,"has_data":true,"name":"Brantford—Brant"}},
{"type":"Feature","geometry":{"type":"Polygon","coordinates":[[[-80.48143,43.35803],[-80.50593,43.35383],[-80.5036,43.3481],[-80.45488,43.22484],[-80.31991,43.24776],[-80.31819,43.24808],[-80.31543,43.25028],[-80.3036,43.25046],[-80.222,43.26413],[-80.24858,43.3335],[-80.18928,43.34351],[-80.19813,43.37028],[-80.1975,43.37038],[-80.19995,43.37928],[-80.20644,43.3972],[-80.26939,43.38697],[-80.28318,43.42085],[-80.30206,43.41502],[-80.35564,43.41315],[-80.36801,43.40656],[-80.37677,43.40314],[-80.40231,43.38844],[-80.4049,43.38547],[-80.41372,43.36983],[-80.48143,43.35803]]]},"properties":{"ed_id":16,"electoral_district":"Cambridge","electoral_district_fr":"Cambridge","overall_y2020_pct_attached":90.463322109032,"overall_y2020_pct_unattached":9.53667789096799,"overall_y2020_n_attached":106118,"overall_y2020_n_unattached":11187,"overall_y2020_n_total":117305,"overall_y2020_fsa_count":5,"overall_y2020_fsa_with_data":5,"overall_y2022_pct_attached":86.9379812867434,"overall_y2022_pct_unattached":13.062018713256604,"overall_y2022_n_attached":104995,"overall_y2022_n_unattached":15775,"overall_y2022_n_total":120770,"overall_y2022_fsa_count":5,"overall_y2022_fsa_with_data":5,"overall_change_pct_attached":-3.5253408222886122,"children_y2020_pct_attached":91.94729136163983,"children_y2020_pct_unattached":8.052708638360176,"children_y2020_n_attached":21352,"children_y2020_n_unattached":1870,"children_y2020_n_total":23222,"children_y2020_fsa_count":5,"children_y2020_fsa_with_data":5,"children_y2022_pct_attached":86.95225498143961,"children_y2022_pct_unattached":13.047745018560397,"children_y2022_n_attached":20379,"children_y2022_n_unattached":3058,"children_y2022_n_total":23437,"children_y2022_fsa_count":5,"children_y2022_fsa_with_data":5,"children_change_pct_attached":-4.995036380200219,"adults_y2020_pct_attached":90.09704197357652,"adults_y2020_pct_unattached":9.902958026423477,"adults_y2020_n_attached":84766,"adults_y2020_n_unattached":9317,"adults_y2020_n_total":94083,"adults_y2020_fsa_count":5,"adults_y2020_fsa_with_data":5,"adults_y2022_pct_attached":86.93454429638457,"adults_y2022_pct_unattached":13.065455703615422,"adults_y2022_n_attached":84616,"adults_y2022_n_unattached":12717,"adults_y2022_n_total":97333,"adults_y2022_fsa_count":5,"adults_y2022_fsa_with_data":5,"adults_change_pct_attached":-3.1624976771919506,"has_data":true,"name":"Cambridge"}},
{"type":"Feature","geometry":{"type":"Polygon","coordinates":[[[-79.73286,43.63988],[-79.76103,43.61456],[-79.77806,43.60943],[-79.78993,43.60181],[-79.78792,43.60034],[-79.79383,43.59943],[-79.79898,43.59747],[-79.80987,43.58893],[-79.8084,43.58519],[-79.80104,43.5793],[-79.76261,43.55239],[-79.73331,43.5785],[-79.72829,43.57385],[-79.7067,43.55884],[-79.69355,43.57057],[-79.68521,43.57787],[-79.69723,43.58676],[-79.71805,43.60205],[-79.71815,43.60353],[-79.71531,43.60459],[-79.71243,43.60729],[-79.71413,43.60923],[-79.71545,43.60981],[-79.7181,43.60946],[-79.72146,43.60716],[-79.72873,43.61163],[-79.72911,43.61226],[-79.70779,43.62071],[-79.72123,43.63101],[-79.72397,43.63497],[-79.73286,43.63988]]]},"properties":{"ed_id":65,"electoral_district":"Mississauga—Streetsville","electoral_district_fr":"Mississauga—Streetsville","overall_y2020_pct_attached":90.45974883183932,"overall_y2020_pct_unattached":9.540251168160678,"overall_y2020_n_attached":83052,"overall_y2020_n_unattached":8759,"overall_y2020_n_total":91811,"overall_y2020_fsa_count":1,"overall_y2020_fsa_with_data":1,"overall_y2022_pct_attached":87.91227993534577,"overall_y2022_pct_unattached":12.087720064654231,"overall_y2022_n_attached":80496,"overall_y2022_n_unattached":11068,"overall_y2022_n_total":91564,"overall_y2022_fsa_count":1,"overall_y2022_fsa_with_data":1,"overall_change_pct_attached":-2.5474688964935552,"children_y2020_pct_attached":95.3099359483352,"children_y2020_pct_unattached":4.690064051664814,"children_y2020_n_attached":18005,"children_y2020_n_unattached":886,"children_y2020_n_total":18891,"children_y2020_fsa_count":1,"children_y2020_fsa_with_data":1,"children_y2022_pct_attached":90.18681318681318,"children_y2022_pct_unattached":9.813186813186814,"children_y2022_n_attached":16414,"children_y2022_n_unattached":1786,"children_y2022_n_total":18200,"children_y2022_fsa_count":1,"children_y2022_fsa_with_data":1,"children_change_pct_attached":-5.123122761522012,"adults_y2020_pct_attached":89.20323642347779,"adults_y2020_pct_unattached":10.796763576522215,"adults_y2020_n_attached":65047,"adults_y2020_n_unattached":7873,"adults_y2020_n_total":72920,"adults_y2020_fsa_count":1,"adults_y2020_fsa_with_data":1,"adults_y2022_pct_attached":87.34801810152119,"adults_y2022_pct_unattached":12.651981898478818,"adults_y2022_n_attached":64082,"adults_y2022_n_unattached":9282,"adults_y2022_n_total":73364,"adults_y2022_fsa_count":1,"adults_y2022_fsa_with_data":1,"adults_change_pct_attached":-1.855218321956599,"has_data":true,"name":"Mississauga—Streetsville"}},
{"type":"Feature","geometry":{"type":"Polygon","coordinates":[[[-79.77731,43.69878],[-79.78174,43.6933],[-79.78733,43.68841],[-79.77065,43.6761],[-79.80159,43.64808],[-79.8015,43.64654],[-79.79896,43.64438],[-79.8035,43.64229],[-79.8086,43.64144],[-79.82462,43.62731],[-79.78993,43.60181],[-79.77806,43.60943],[-79.76103,43.61456],[-79.73286,43.63988],[-79.71287,43.65101],[-79.73318,43.66599],[-79.72269,43.67565],[-79.75446,43.69941],[-79.7588,43.70263],[-79.7694,43.69295],[-79.77731,43.69878]]]},"properties":{"ed_id":11,"electoral_district":"Brampton South","electoral_district_fr":"Brampton-Sud","overall_y2020_pct_attached":89.83475687459847,"overall_y2020_pct_unattached":10.165243125401522,"overall_y2020_n_attached":85299,"overall_y2020_n_unattached":9652,"overall_y2020_n_total":94951,"overall_y2020_fsa_count":1,"overall_y2020_fsa_with_data":1,"overall_y2022_pct_attached":84.01830125297795,"overall_y2022_pct_unattached":15.981698747022058,"overall_y2022_n_attached":84288,"overall_y2022_n_unattached":16033,"overall_y2022_n_total":100321,"overall_y2022_fsa_count":1,"overall_y2022_fsa_with_data":1,"overall_change_pct_attached":-5.81645562162052,"children_y2020_pct_attached":95.56427870461236,"children_y2020_pct_unattached":4.435721295387634,"children_y2020_n_attached":19476,"children_y2020_n_unattached":904,"children_y2020_n_total":20380,"children_y2020_fsa_count":1,"children_y2020_fsa_with_data":1,"children_y2022_pct_attached":90.7716707141795,"children_y2022_pct_unattached":9.228329285820488,"children_y2022_n_attached":18315,"children_y2022_n_unattached":1862,"children_y2022_n_total":20177,"children_y2022_fsa_count":1,"children_y2022_fsa_with_data":1,"children_change_pct_attached":-4.792607990432856,"adults_y2020_pct_attached":88.2688980971155,"adults_y2020_pct_unattached":11.7311019028845,"adults_y2020_n_attached":65823,"adults_y2020_n_unattached":8748,"adults_y2020_n_total":74571,"adults_y2020_fsa_count":1,"adults_y2020_fsa_with_data":1,"adults_y2022_pct_attached":82.31807746057098,"adults_y2022_pct_unattached":17.681922539429028,"adults_y2022_n_attached":65973,"adults_y2022_n_unattached":14171,"adults_y2022_n_total":80144,"adults_y2022_fsa_count":1,"adults_y2022_fsa_with_data":1,"adults_change_pct_attached":-5.95082063654452,"has_data":true,"name":"Brampton South"}},
{"type":"Feature","geometry":{"type":"Polygon","coordinates":[[[-79.17027,43.85545],[-79.214,43.95229],[-79.22476,43.98316],[-79.27617,44.10127],[-79.42024,44.06843],[-79.41648,44.05041],[-79.4104,44.03228],[-79.40646,44.01381],[-79.40425,44.00578],[-79.39818,43.99925],[-79.39619,43.99591],[-79.39268,43.9779],[-79.39253,43.95441],[-79.38923,43.93777],[-79.39028,43.92883],[-79.38963,43.92303],[-79.27812,43.9495],[-79.27784,43.94414],[-79.2741,43.9348],[-79.26405,43.89198],[-79.26748,43.89055],[-79.2889,43.88522],[-79.2818,43.8564],[-79.26903,43.859],[-79.25188,43.86566],[-79.24882,43.86384],[-79.24574,43.86367],[-79.24556,43.86124],[-79.24289,43.8593],[-79.23821,43.8592],[-79.23515,43.85989],[-79.23182,43.8578],[-79.23205,43.8557],[-79.23492,43.85307],[-79.23557,43.85023],[-79.23247,43.85051],[-79.23106,43.84982],[-79.23143,43.84522],[-79.22896,43.84386],[-79.22773,43.8421],[-79.17027,43.85545]]]},"properties":{"ed_id":56,"electoral_district":"Markham—Stouffville","electoral_district_fr":"Markham—Stouffville","overall_y2020_pct_attached":91.88147124737938,"overall_y2020_pct_unattached":8.11852875262063,"overall_y2020_n_attached":114386,"overall_y2020_n_unattached":10107,"overall_y2020_n_total":124493,"overall_y2020_fsa_count":3,"overall_y2020_fsa_with_data":3,"overall_y2022_pct_attached":88.92696559045775,"overall_y2022_pct_unattached":11.073034409542247,"overall_y2022_n_attached":113919,"overall_y2022_n_unattached":14185,"overall_y2022_n_total":128104,"overall_y2022_fsa_count":3,"overall_y2022_fsa_with_data":3,"overall_change_pct_attached":-2.9545056569216257,"children_y2020_pct_attached":95.31637602280722,"children_y2020_pct_unattached":4.683623977192788,"children_y2020_n_attached":25744,"children_y2020_n_unattached":1265,"children_y2020_n_total":27009,"children_y2020_fsa_count":3,"children_y2020_fsa_with_data":3,"children_y2022_pct_attached":87.96970789758385,"children_y2022_pct_unattached":12.030292102416155,"children_y2022_n_attached":24394,"children_y2022_n_unattached":3336,"children_y2022_n_total":27730,"children_y2022_fsa_count":3,"children_y2022_fsa_with_data":3,"children_change_pct_attached":-7.346668125223374,"adults_y2020_pct_attached":90.92979360715606,"adults_y2020_pct_unattached":9.070206392843954,"adults_y2020_n_attached":88642,"adults_y2020_n_unattached":8842,"adults_y2020_n_total":97484,"adults_y2020_fsa_count":3,"adults_y2020_fsa_with_data":3,"adults_y2022_pct_attached":89.19142407396338,"adults_y2022_pct_unattached":10.808575926036623,"adults_y2022_n_attached":89525,"adults_y2022_n_unattached":10849,"adults_y2022_n_total":100374,"adults_y2022_fsa_count":3,"adults_y2022_fsa_with_data":3,"adults_change_pct_attached":-1.7383695331926816,"has_data":true,"name":"Markham—Stouffville"}},
{"type":"Feature","geometry":{"type":"Polygon","coordinates":[[[-79.91226,43.2071],[-79.82553,43.18608],[-79.82342,43.19045],[-79.82368,43.19388],[-79.82179,43.19899],[-79.81498,43.20241],[-79.81508,43.21199],[-79.81673,43.21479],[-79.81568,43.2292],[-79.82484,43.23218],[-79.83294,43.23714],[-79.83826,43.23931],[-79.85284,43.24341],[-79.86441,43.2454],[-79.87879,43.24518],[-79.88056,43.2443],[-79.89054,43.22],[-79.9051,43.22364],[-79.91226,43.2071]]]},"properties":{"ed_id":38,"electoral_district":"Hamilton Mountain","electoral_district_fr":"Hamilton Mountain","overall_y2020_pct_attached":91.1107166351666,"overall_y2020_pct_unattached":8.889283364833398,"overall_y2020_n_attached":87254,"overall_y2020_n_unattached":8513,"overall_y2020_n_total":95767,"overall_y2020_fsa_count":4,"overall_y2020_fsa_with_data":4,"overall_y2022_pct_attached":89.92983141046057,"overall_y2022_pct_unattached":10.070168589539435,"overall_y2022_n_attached":87535,"overall_y2022_n_unattached":9802,"overall_y2022_n_total":97337,"overall_y2022_fsa_count":4,"overall_y2022_fsa_with_data":4,"overall_change_pct_attached":-1.1808852247060315,"children_y2020_pct_attached":95.99133261105092,"children_y2020_pct_unattached":4.008667388949079,"children_y2020_n_attached":16834,"children_y2020_n_unattached":703,"children_y2020_n_total":17537,"children_y2020_fsa_count":4,"children_y2020_fsa_with_data":4,"children_y2022_pct_attached":92.65558997465503,"children_y2022_pct_unattached":7.344410025344973,"children_y2022_n_attached":16451,"children_y2022_n_unattached":1304,"children_y2022_n_total":17755,"children_y2022_fsa_count":4,"children_y2022_fsa_with_data":4,"children_change_pct_attached":-3.335742636395892,"adults_y2020_pct_attached":90.0166176658571,"adults_y2020_pct_unattached":9.983382334142913,"adults_y2020_n_attached":70420,"adults_y2020_n_unattached":7810,"adults_y2020_n_total":78230,"adults_y2020_fsa_count":4,"adults_y2020_fsa_with_data":4,"adults_y2022_pct_attached":89.3217059133975,"adults_y2022_pct_unattached":10.678294086602499,"adults_y2022_n_attached":71084,"adults_y2022_n_unattached":8498,"adults_y2022_n_total":79582,"adults_y2022_fsa_count":4,"adults_y2022_fsa_with_data":4,"adults_change_pct_attached":-0.6949117524596033,"has_data":true,"name":"Hamilton Mountain"}},
{"type":"Feature","geometry":{"type":"Polygon","coordinates":[[[-79.87879,43.24518],[-79.86441,43.2454],[-79.85284,43.24341],[-79.83826,43.23931],[-79.83294,43.23714],[-79.82484,43.23218],[-79.81568,43.2292],[-79.81465,43.23155],[-79.8137,43.23132],[-79.80247,43.25775],[-79.8125,43.26035],[-79.79661,43.299],[-79.80316,43.29567],[-79.81557,43.31249],[-79.82152,43.31072],[-79.82716,43.30788],[-79.82814,43.30822],[-79.82897,43.307],[-79.83166,43.30725],[-79.83379,43.306],[-79.83479,43.30622],[-79.83746,43.30484],[-79.83801,43.30523],[-79.83968,43.30434],[-79.83934,43.30373],[-79.84565,43.30101],[-79.84483,43.29997],[-79.84609,43.30081],[-79.85482,43.29663],[-79.8662,43.28871],[-79.87,43.27985],[-79.8923,43.27955],[-79.89336,43.26232],[-79.89505,43.25988],[-79.91334,43.25366],[-79.91968,43.24833],[-79.93184,43.24651],[-79.9317,43.24561],[-79.91916,43.24585],[-79.91468,43.24488],[-79.90987,43.24542],[-79.9078,43.24424],[-79.90748,43.24523],[-79.90368,43.24415],[-79.90356,43.24485],[-79.90151,43.2448],[-79.90039,43.24327],[-79.90065,43.24177],[-79.89937,43.24262],[-79.89927,43.24481],[-79.89561,43.24497],[-79.89078,43.24355],[-79.88662,43.24408],[-79.88522,43.2434],[-79.88423,43.24458],[-79.87879,43.24518]]]},"properties":{"ed_id":36,"electoral_district":"Hamilton Centre","electoral_district_fr":"Hamilton-Centre","overall_y2020_pct_attached":84.6360289751811,"overall_y2020_pct_unattached":15.363971024818904,"overall_y2020_n_attached":71272,"overall_y2020_n_unattached":12938,"overall_y2020_n_total":84210,"overall_y2020_fsa_count":4,"overall_y2020_fsa_with_data":4,"overall_y2022_pct_attached":84.22515553663095,"overall_y2022_pct_unattached":15.774844463369053,"overall_y2022_n_attached":71209,"overall_y2022_n_unattached":13337,"overall_y2022_n_total":84546,"overall_y2022_fsa_count":4,"overall_y2022_fsa_with_data":4,"overall_change_pct_attached":-0.4108734385501549,"children_y2020_pct_attached":91.89151010029664,"children_y2020_pct_unattached":8.108489899703349,"children_y2020_n_attached":13010,"children_y2020_n_unattached":1148,"children_y2020_n_total":14158,"children_y2020_fsa_count":4,"children_y2020_fsa_with_data":4,"children_y2022_pct_attached":89.4211718086612,"children_y2022_pct_unattached":10.578828191338806,"children_y2022_n_attached":12637,"children_y2022_n_unattached":1495,"children_y2022_n_total":14132,"children_y2022_fsa_count":4,"children_y2022_fsa_with_data":4,"children_change_pct_attached":-2.470338291635443,"adults_y2020_pct_attached":83.16964540626964,"adults_y2020_pct_unattached":16.83035459373037,"adults_y2020_n_attached":58262,"adults_y2020_n_unattached":11790,"adults_y2020_n_total":70052,"adults_y2020_fsa_count":4,"adults_y2020_fsa_with_data":4,"adults_y2022_pct_attached":83.18232169738972,"adults_y2022_pct_unattached":16.817678302610275,"adults_y2022_n_attached":58572,"adults_y2022_n_unattached":11842,"adults_y2022_n_total":70414,"adults_y2022_fsa_count":4,"adults_y2022_fsa_with_data":4,"adults_change_pct_attached":0.012676291120087058,"has_data":true,"name":"Hamilton Centre"}},
{"type":"Feature","geometry":{"type":"Polygon","coordinates":[[[-79.62029,43.23012],[-79.63153,43.23096],[-79.643,43.22891],[-79.65383,43.22584],[-79.66358,43.22775],[-79.67739,43.23523],[-79.68929,43.23757],[-79.70783,43.23815],[-79.71321,43.2398],[-79.72345,43.24486],[-79.74034,43.25001],[-79.77674,43.27532],[-79.79295,43.30086],[-79.79661,43.299],[-79.8125,43.26035],[-79.80247,43.25775],[-79.8137,43.23132],[-79.81465,43.23155],[-79.81568,43.2292],[-79.81673,43.21479],[-79.81508,43.21199],[-79.81498,43.20241],[-79.81036,43.20345],[-79.80959,43.20198],[-79.80579,43.20398],[-79.80018,43.20393],[-79.79719,43.20512],[-79.78951,43.20543],[-79.78064,43.20797],[-79.77798,43.20952],[-79.74735,43.21242],[-79.738,43.21194],[-79.71944,43.20721],[-79.69545,43.20362],[-79.69064,43.20335],[-79.69031,43.20419],[-79.67857,43.20368],[-79.67511,43.20299],[-79.6719,43.20133],[-79.66112,43.20083],[-79.65082,43.19802],[-79.64625,43.19553],[-79.63562,43.19528],[-79.62029,43.23012]]]},"properties":{"ed_id":37,"electoral_district":"Hamilton East—Stoney Creek","electoral_district_fr":"Hamilton-Est—Stoney Creek","overall_y2020_pct_attached":89.20278790851482,"overall_y2020_pct_unattached":10.79721209148517,"overall_y2020_n_attached":112755,"overall_y2020_n_unattached":13648,"overall_y2020_n_total":126403,"overall_y2020_fsa_count":4,"overall_y2020_fsa_with_data":4,"overall_y2022_pct_attached":88.00142710886358,"overall_y2022_pct_unattached":11.998572891136414,"overall_y2022_n_attached":113462,"overall_y2022_n_unattached":15470,"overall_y2022_n_total":128932,"overall_y2022_fsa_count":4,"overall_y2022_fsa_with_data":4,"overall_change_pct_attached":-1.2013607996512405,"children_y2020_pct_attached":95.50115926520421,"children_y2020_pct_unattached":4.498840734795791,"children_y2020_n_attached":21419,"children_y2020_n_unattached":1009,"children_y2020_n_total":22428,"children_y2020_fsa_count":4,"children_y2020_fsa_with_data":4,"children_y2022_pct_attached":92.07723612433976,"children_y2022_pct_unattached":7.922763875660229,"children_y2022_n_attached":21268,"children_y2022_n_unattached":1830,"children_y2022_n_total":23098,"children_y2022_fsa_count":4,"children_y2022_fsa_with_data":4,"children_change_pct_attached":-3.4239231408644457,"adults_y2020_pct_attached":87.84419331570089,"adults_y2020_pct_unattached":12.15580668429911,"adults_y2020_n_attached":91336,"adults_y2020_n_unattached":12639,"adults_y2020_n_total":103975,"adults_y2020_fsa_count":4,"adults_y2020_fsa_with_data":4,"adults_y2022_pct_attached":87.11189220855302,"adults_y2022_pct_unattached":12.888107791446984,"adults_y2022_n_attached":92194,"adults_y2022_n_unattached":13640,"adults_y2022_n_total":105834,"adults_y2022_fsa_count":4,"adults_y2022_fsa_with_data":4,"adults_change_pct_attached":-0.732301107147876,"has_data":true,"name":"Hamilton East—Stoney Creek"}},
{"type":"Feature","geometry":{"type":"Polygon","coordinates":[[[-81.7264,48.27715],[-81.85701,48.27745],[-81.85696,48.4507],[-82.24826,48.45039],[-82.60069,48.45035],[-82.60063,48.19081],[-82.60078,47.93062],[-82.59981,47.84516],[-82.59986,47.49753],[-82.57851,47.49734],[-82.57857,47.23594],[-82.57865,46.97654],[-82.34205,46.97597],[-82.12485,46.97696],[-81.94618,46.97663],[-81.94677,46.88845],[-81.94554,46.62532],[-81.8195,46.62677],[-81.56822,46.62721],[-81.56956,46.58632],[-81.56962,46.54008],[-81.56743,46.39514],[-81.59836,46.39522],[-81.59843,46.38074],[-81.59807,46.36596],[-81.56667,46.36623],[-81.56715,46.10359],[-81.50434,46.10536],[-81.26438,46.11443],[-81.18107,46.11481],[-81.18089,46.10346],[-81.07693,46.10447],[-81.07692,45.94022],[-81.07555,45.87394],[-80.85438,45.87327],[-80.6939,45.87329],[-80.69555,45.88683],[-80.68578,45.88752],[-80.68407,45.88905],[-80.68068,45.8879],[-80.68024,45.88901],[-80.6772,45.8885],[-80.67338,45.89002],[-80.66367,45.8901],[-80.65487,45.88902],[-80.64315,45.89002],[-80.637,45.8897],[-80.63493,45.88864],[-80.63005,45.88827],[-80.60661,45.89202],[-80.60271,45.89086],[-80.59979,45.89156],[-80.59229,45.89149],[-80.59088,45.8927],[-80.58909,45.89212],[-80.57552,45.89266],[-80.57432,45.89191],[-80.5711,45.89322],[-80.56771,45.89273],[-80.56715,45.89476],[-80.56633,45.89318],[-80.56409,45.89364],[-80.55882,45.89242],[-80.55048,45.89364],[-80.54647,45.89311],[-80.5398,45.89364],[-80.54295,45.89477],[-80.54923,45.89878],[-80.5586,45.90214],[-80.56908,45.90966],[-80.57357,45.91139],[-80.57358,45.91618],[-80.58361,45.93179],[-80.57913,45.96561],[-80.57166,45.98004],[-80.5664,45.99781],[-80.56721,46.00021],[-80.58332,46.01862],[-80.57925,46.01855],[-80.57371,46.01957],[-80.57394,46.02125],[-80.57302,46.02164],[-80.56826,46.0187],[-80.56264,46.01902],[-80.55957,46.02141],[-80.55496,46.02225],[-80.55248,46.01995],[-80.55338,46.02385],[-80.56222,46.03105],[-80.57216,46.04329],[-80.57215,46.04556],[-80.56878,46.04964],[-80.57115,46.05283],[-80.57181,46.05859],[-80.57489,46.061],[-80.57072,46.06318],[-80.56233,46.0633],[-80.56044,46.06522],[-80.56332,46.06975],[-80.57074,46.07734],[-80.57072,46.07921],[-80.56785,46.08155],[-80.56719,46.08331],[-80.57065,46.08878],[-80.57183,46.09362],[-80.57039,46.09901],[-80.56399,46.10464],[-80.564,46.19091],[-80.56724,46.1909],[-80.569,46.29499],[-80.5668,46.36218],[-80.69263,46.3625],[-80.69289,46.68768],[-80.7221,46.69521],[-80.7283,46.69479],[-80.74095,46.69196],[-80.74941,46.68779],[-80.75468,46.67598],[-80.7636,46.67035],[-80.76427,46.66369],[-80.76683,46.66299],[-80.76497,46.66857],[-80.76801,46.67429],[-80.77078,46.6905],[-80.77613,46.6956],[-80.77986,46.69441],[-80.78117,46.7078],[-80.78025,46.71254],[-80.78474,46.71727],[-80.78929,46.72521],[-80.79543,46.7279],[-80.80419,46.72903],[-80.81129,46.72637],[-80.81843,46.72251],[-80.81871,46.74598],[-80.83096,46.75383],[-80.82634,46.76014],[-80.82317,46.76124],[-80.81653,46.7662],[-80.81488,46.7686],[-80.80435,46.77531],[-80.81743,46.78363],[-80.81746,46.79951],[-80.93303,46.80169],[-80.93338,46.81573],[-80.94773,46.81578],[-80.94873,46.8875],[-81.07445,46.88802],[-81.07461,47.19159],[-81.0735,47.52425],[-81.0745,47.66692],[-81.07437,47.88644],[-81.07461,48.2765],[-81.33565,48.27707],[-81.59642,48.27829],[-81.5964,48.27729],[-81.7264,48.27715]],[[-80.98527,46.53713],[-80.8813,46.53685],[-80.88144,46.44991],[-80.87986,46.44991],[-80.88039,46.42635],[-80.89574,46.42875],[-80.90501,46.43272],[-80.92918,46.4317],[-80.96626,46.43568],[-80.97538,46.43594],[-80.98319,46.43941],[-80.98676,46.44457],[-80.99247,46.44831],[-80.99658,46.45019],[-81.00313,46.45148],[-81.00399,46.44972],[-81.07087,46.44986],[-81.07301,46.44964],[-81.0742,46.44838],[-81.07427,46.45207],[-81.08495,46.45209],[-81.08478,46.45885],[-81.07774,46.45891],[-81.07678,46.48023],[-81.07008,46.48042],[-81.06876,46.53679],[-81.00593,46.53666],[-81.00614,46.54029],[-80.99574,46.54035],[-80.99589,46.54414],[-80.98555,46.54414],[-80.98527,46.53713]]]},"properties":{"ed_id":71,"electoral_district":"Nickel Belt","electoral_district_fr":"Nickel Belt","overall_y2020_pct_attached":89.23317729242453,"overall_y2020_pct_unattached":10.766822707575473,"overall_y2020_n_attached":61570,"overall_y2020_n_unattached":7429,"overall_y2020_n_total":68999,"overall_y2020_fsa_count":5,"overall_y2020_fsa_with_data":5,"overall_y2022_pct_attached":88.87693940176088,"overall_y2022_pct_unattached":11.123060598239123,"overall_y2022_n_attached":61981,"overall_y2022_n_unattached":7757,"overall_y2022_n_total":69738,"overall_y2022_fsa_count":5,"overall_y2022_fsa_with_data":5,"overall_change_pct_attached":-0.35623789066364964,"children_y2020_pct_attached":94.98782308115328,"children_y2020_pct_unattached":5.012176918846728,"children_y2020_n_attached":12091,"children_y2020_n_unattached":638,"children_y2020_n_total":12729,"children_y2020_fsa_count":5,"children_y2020_fsa_with_data":5,"children_y2022_pct_attached":91.52341901908217,"children_y2022_pct_unattached":8.476580980917836,"children_y2022_n_attached":11607,"children_y2022_n_unattached":1075,"children_y2022_n_total":12682,"children_y2022_fsa_count":5,"children_y2022_fsa_with_data":5,"children_change_pct_attached":-3.464404062071111,"adults_y2020_pct_attached":87.931402168118,"adults_y2020_pct_unattached":12.068597831881997,"adults_y2020_n_attached":49479,"adults_y2020_n_unattached":6791,"adults_y2020_n_total":56270,"adults_y2020_fsa_count":5,"adults_y2020_fsa_with_data":5,"adults_y2022_pct_attached":88.28869882220975,"adults_y2022_pct_unattached":11.711301177790242,"adults_y2022_n_attached":50374,"adults_y2022_n_unattached":6682,"adults_y2022_n_total":57056,"adults_y2022_fsa_count":5,"adults_y2022_fsa_with_data":5,"adults_change_pct_attached":0.3572966540917548,"has_data":true,"name":"Nickel Belt"}},
{"type":"Feature","geometry":{"type":"Polygon","coordinates":[[[-84.22965,46.52961],[-84.22993,46.55686],[-84.23087,46.55542],[-84.23199,46.55547],[-84.23105,46.55608],[-84.23183,46.55641],[-84.23349,46.55554],[-84.23347,46.55644],[-84.23495,46.55533],[-84.23496,46.5563],[-84.23718,46.55578],[-84.23784,46.55466],[-84.23934,46.55507],[-84.24003,46.55416],[-84.23858,46.55419],[-84.2398,46.55311],[-84.23851,46.55294],[-84.23883,46.55178],[-84.23988,46.55236],[-84.23968,46.55126],[-84.24049,46.55157],[-84.2409,46.55098],[-84.24196,46.55186],[-84.2429,46.55066],[-84.24378,46.55147],[-84.24447,46.54945],[-84.24514,46.55038],[-84.24538,46.54958],[-84.24609,46.55001],[-84.24684,46.54943],[-84.24683,46.53664],[-84.24412,46.53547],[-84.26645,46.52567],[-84.27005,46.5271],[-84.26956,46.53241],[-84.27089,46.5324],[-84.27091,46.55618],[-84.26939,46.55587],[-84.27006,46.55527],[-84.26853,46.55431],[-84.26841,46.56193],[-84.26521,46.56105],[-84.26515,46.56215],[-84.26705,46.56338],[-84.26642,46.56384],[-84.26837,46.5644],[-84.26836,46.56532],[-84.2592,46.57542],[-84.25441,46.57532],[-84.2546,46.57811],[-84.25615,46.57864],[-84.24447,46.59131],[-84.24227,46.59147],[-84.2434,46.5925],[-84.24057,46.59564],[-84.22957,46.59576],[-84.22945,46.61229],[-84.29649,46.61109],[-84.29734,46.61053],[-84.30178,46.61102],[-84.44913,46.60813],[-84.47008,46.6076],[-84.46562,46.52042],[-84.62687,46.52027],[-84.55659,46.46092],[-84.47588,46.4532],[-84.44509,46.48904],[-84.42108,46.50059],[-84.39559,46.49865],[-84.37386,46.50923],[-84.34186,46.50754],[-84.32523,46.49981],[-84.29368,46.49287],[-84.27625,46.49293],[-84.26549,46.49443],[-84.25462,46.50074],[-84.22965,46.52961]]]},"properties":{"ed_id":92,"electoral_district":"Sault Ste. Marie","electoral_district_fr":"Sault Ste. Marie","overall_y2020_pct_attached":89.05069864048339,"overall_y2020_pct_unattached":10.949301359516618,"overall_y2020_n_attached":37729,"overall_y2020_n_unattached":4639,"overall_y2020_n_total":42368,"overall_y2020_fsa_count":2,"overall_y2020_fsa_with_data":2,"overall_y2022_pct_attached":85.05798289797353,"overall_y2022_pct_unattached":14.942017102026472,"overall_y2022_n_attached":36307,"overall_y2022_n_unattached":6378,"overall_y2022_n_total":42685,"overall_y2022_fsa_count":2,"overall_y2022_fsa_with_data":2,"overall_change_pct_attached":-3.9927157425098585,"children_y2020_pct_attached":91.76487496407013,"children_y2020_pct_unattached":8.235125035929865,"children_y2020_n_attached":6385,"children_y2020_n_unattached":573,"children_y2020_n_total":6958,"children_y2020_fsa_count":2,"children_y2020_fsa_with_data":2,"children_y2022_pct_attached":88.71292830405989,"children_y2022_pct_unattached":11.28707169594011,"children_y2022_n_attached":6162,"children_y2022_n_unattached":784,"children_y2022_n_total":6946,"children_y2022_fsa_count":2,"children_y2022_fsa_with_data":2,"children_change_pct_attached":-3.0519466600102447,"adults_y2020_pct_attached":88.51736797514826,"adults_y2020_pct_unattached":11.482632024851737,"adults_y2020_n_attached":31344,"adults_y2020_n_unattached":4066,"adults_y2020_n_total":35410,"adults_y2020_fsa_count":2,"adults_y2020_fsa_with_data":2,"adults_y2022_pct_attached":84.34763143904418,"adults_y2022_pct_unattached":15.652368560955818,"adults_y2022_n_attached":30145,"adults_y2022_n_unattached":5594,"adults_y2022_n_total":35739,"adults_y2022_fsa_count":2,"adults_y2022_fsa_with_data":2,"adults_change_pct_attached":-4.169736536104082,"has_data":true,"name":"Sault Ste. Marie"}},
{"type":"Feature","geometry":{"type":"Polygon","coordinates":[[[-87.25714,47.87664],[-87.00011,47.77482],[-85.33121,47.08653],[-85.06447,46.97652],[-84.86012,46.88892],[-84.76294,46.63438],[-84.62687,46.52027],[-84.46562,46.52042],[-84.47008,46.6076],[-84.44913,46.60813],[-84.30178,46.61102],[-84.29734,46.61053],[-84.29649,46.61109],[-84.22945,46.61229],[-84.22957,46.59576],[-84.24057,46.59564],[-84.2434,46.5925],[-84.24227,46.59147],[-84.24447,46.59131],[-84.25615,46.57864],[-84.2546,46.57811],[-84.25441,46.57532],[-84.2592,46.57542],[-84.26836,46.56532],[-84.26837,46.5644],[-84.26642,46.56384],[-84.26705,46.56338],[-84.26515,46.56215],[-84.26521,46.56105],[-84.26841,46.56193],[-84.26853,46.55431],[-84.27006,46.55527],[-84.26939,46.55587],[-84.27091,46.55618],[-84.27089,46.5324],[-84.26956,46.53241],[-84.27005,46.5271],[-84.26645,46.52567],[-84.24412,46.53547],[-84.24683,46.53664],[-84.24684,46.54943],[-84.24609,46.55001],[-84.24538,46.54958],[-84.24514,46.55038],[-84.24447,46.54945],[-84.24378,46.55147],[-84.2429,46.55066],[-84.24196,46.55186],[-84.2409,46.55098],[-84.24049,46.55157],[-84.23968,46.55126],[-84.23988,46.55236],[-84.23883,46.55178],[-84.23851,46.55294],[-84.2398,46.55311],[-84.23858,46.55419],[-84.24003,46.55416],[-84.23934,46.55507],[-84.23784,46.55466],[-84.23718,46.55578],[-84.23496,46.5563],[-84.23495,46.55533],[-84.23347,46.55644],[-84.23349,46.55554],[-84.23183,46.55641],[-84.23105,46.55608],[-84.23199,46.55547],[-84.23087,46.55542],[-84.22993,46.55686],[-84.22965,46.52961],[-84.22577,46.53408],[-84.19575,46.53989],[-84.19554,46.54129],[-84.18802,46.5357],[-84.18422,46.5343],[-84.18673,46.53464],[-84.17764,46.5271],[-84.16687,46.52631],[-84.15369,46.52826],[-84.1466,46.5311],[-84.13951,46.53244],[-84.12892,46.53053],[-84.12342,46.52133],[-84.11801,46.51798],[-84.11108,46.50423],[-84.13577,46.44427],[-84.1371,46.41878],[-84.13516,46.41916],[-84.13388,46.42174],[-84.13258,46.41984],[-84.12874,46.42234],[-84.1288,46.42315],[-84.12457,46.42082],[-84.1305,46.41307],[-84.13397,46.40583],[-84.13705,46.40279],[-84.13793,46.40296],[-84.13938,46.37534],[-84.13897,46.37256],[-84.12019,46.3386],[-84.1059,46.32193],[-84.11929,46.31495],[-84.11542,46.26814],[-84.09767,46.25647],[-84.10824,46.24154],[-84.08576,46.21013],[-84.07716,46.18755],[-84.00608,46.14939],[-84.00626,46.11837],[-83.97634,46.10241],[-83.95548,46.05675],[-83.90353,46.06045],[-83.82632,46.11885],[-83.75986,46.10274],[-83.65499,46.12168],[-83.57194,46.10578],[-83.43644,46.00023],[-83.59716,45.82127],[-83.351,45.71112],[-82.8818,45.50157],[-82.74196,45.50328],[-82.5,45.50448],[-82.16795,45.5026],[-82.11709,45.50009],[-82,45.5],[-82,45.36082],[-81.85234,45.36144],[-81.81676,45.36156],[-81.81279,45.36157],[-81.22476,45.36138],[-81.13797,45.36223],[-81.07103,45.3607],[-81.07322,45.61382],[-81.07555,45.87394],[-81.07692,45.94022],[-81.07693,46.10447],[-81.18089,46.10346],[-81.18107,46.11481],[-81.26438,46.11443],[-81.50434,46.10536],[-81.56715,46.10359],[-81.56667,46.36623],[-81.59807,46.36596],[-81.59843,46.38074],[-81.59836,46.39522],[-81.56743,46.39514],[-81.56962,46.54008],[-81.56956,46.58632],[-81.56822,46.62721],[-81.8195,46.62677],[-81.94554,46.62532],[-81.94677,46.88845],[-81.94618,46.97663],[-82.12485,46.97696],[-82.34205,46.97597],[-82.57865,46.97654],[-82.57857,47.23594],[-82.57851,47.49734],[-82.59986,47.49753],[-82.59981,47.84516],[-82.60078,47.93062],[-82.60063,48.19081],[-82.60069,48.45035],[-82.63965,48.45035],[-82.63962,48.71155],[-82.63935,49.0579],[-82.64256,49.18977],[-82.67815,49.18998],[-82.67817,49.18703],[-83.222,49.18734],[-83.64177,49.18771],[-83.64204,49.44951],[-83.96642,49.44916],[-84.48542,49.44775],[-84.48628,49.70881],[-84.87996,49.70919],[-85.33228,49.7087],[-85.33168,49.59168],[-85.33291,49.59169],[-85.332,49.579],[-85.8395,49.58011],[-86.34676,49.579],[-86.34676,49.14459],[-86.34676,48.888],[-86,48.88863],[-86,48.52008],[-86.00357,48.51726],[-86.00534,48.51725],[-86.0063,48.52212],[-86.00155,48.52539],[-86.00248,48.52858],[-86.00199,48.53127],[-86.00329,48.53375],[-86.00943,48.53972],[-86.01503,48.54336],[-86.01925,48.54387],[-86.02831,48.54183],[-86.03506,48.54158],[-86.03626,48.54759],[-86.03394,48.55158],[-86.03573,48.55372],[-86.03672,48.55764],[-86.04581,48.56397],[-86.05184,48.56572],[-86.05995,48.57014],[-86.06909,48.57023],[-86.07992,48.56099],[-86.08298,48.56058],[-86.08701,48.56153],[-86.08856,48.56079],[-86.09016,48.55971],[-86.09175,48.55607],[-86.10229,48.55337],[-86.10542,48.55164],[-86.1118,48.55023],[-86.11279,48.54929],[-86.11698,48.55055],[-86.11887,48.55019],[-86.12925,48.54563],[-86.1411,48.53661],[-86.14442,48.53451],[-86.15028,48.53236],[-86.15217,48.53246],[-86.15903,48.53608],[-86.16427,48.53672],[-86.1708,48.53638],[-86.17956,48.53815],[-86.1808,48.53897],[-86.1908,48.53918],[-86.1965,48.53721],[-86.19808,48.5373],[-86.2017,48.53946],[-86.20462,48.54308],[-86.20529,48.54825],[-86.20142,48.55233],[-86.20193,48.5536],[-86.20409,48.55308],[-86.20859,48.54938],[-86.21384,48.55065],[-86.21391,48.54912],[-86.21173,48.54731],[-86.21378,48.54574],[-86.21691,48.5462],[-86.22382,48.54515],[-86.22713,48.5459],[-86.22792,48.54685],[-86.22653,48.54944],[-86.22928,48.55632],[-86.23281,48.55852],[-86.23558,48.56177],[-86.23893,48.56308],[-86.23962,48.56868],[-86.24265,48.56829],[-86.24303,48.56604],[-86.25035,48.56339],[-86.26713,48.55451],[-86.26833,48.55229],[-86.26863,48.54592],[-86.71493,48.24697],[-87.00957,48.04671],[-87.25714,47.87664]]]},"properties":{"ed_id":2,"electoral_district":"Algoma—Manitoulin","electoral_district_fr":"Algoma—Manitoulin","overall_y2020_pct_attached":86.17441507140686,"overall_y2020_pct_unattached":13.825584928593132,"overall_y2020_n_attached":133292,"overall_y2020_n_unattached":21385,"overall_y2020_n_total":154677,"overall_y2020_fsa_count":8,"overall_y2020_fsa_with_data":8,"overall_y2022_pct_attached":83.89180943736369,"overall_y2022_pct_unattached":16.10819056263631,"overall_y2022_n_attached":133091,"overall_y2022_n_unattached":25555,"overall_y2022_n_total":158646,"overall_y2022_fsa_count":8,"overall_y2022_fsa_with_data":8,"overall_change_pct_attached":-2.282605634043165,"children_y2020_pct_attached":89.21061702861083,"children_y2020_pct_unattached":10.789382971389177,"children_y2020_n_attached":23292,"children_y2020_n_unattached":2817,"children_y2020_n_total":26109,"children_y2020_fsa_count":8,"children_y2020_fsa_with_data":8,"children_y2022_pct_attached":84.54596100278552,"children_y2022_pct_unattached":15.454038997214484,"children_y2022_n_attached":22764,"children_y2022_n_unattached":4161,"children_y2022_n_total":26925,"children_y2022_fsa_count":8,"children_y2022_fsa_with_data":8,"children_change_pct_attached":-4.664656025825309,"adults_y2020_pct_attached":85.55783709787816,"adults_y2020_pct_unattached":14.442162902121837,"adults_y2020_n_attached":110000,"adults_y2020_n_unattached":18568,"adults_y2020_n_total":128568,"adults_y2020_fsa_count":8,"adults_y2020_fsa_with_data":8,"adults_y2022_pct_attached":83.75809476089614,"adults_y2022_pct_unattached":16.24190523910386,"adults_y2022_n_attached":110327,"adults_y2022_n_unattached":21394,"adults_y2022_n_total":131721,"adults_y2022_fsa_count":8,"adults_y2022_fsa_with_data":8,"adults_change_pct_attached":-1.7997423369820211,"has_data":true,"name":"Algoma—Manitoulin"}},
{"type":"Feature","geometry":{"type":"Polygon","coordinates":[[[-78.97673,46.53729],[-78.98761,46.54586],[-78.99453,46.56075],[-78.99647,46.56703],[-78.99758,46.57628],[-78.99497,46.58914],[-78.9952,46.5928],[-78.99766,46.59579],[-79.00526,46.60101],[-79.00777,46.60409],[-79.01143,46.62012],[-79.01599,46.63181],[-79.01826,46.63416],[-79.02518,46.63809],[-79.04308,46.6451],[-79.05064,46.65103],[-79.07235,46.66498],[-79.07644,46.66912],[-79.07334,46.67407],[-79.07544,46.67744],[-79.078,46.67911],[-79.08357,46.68046],[-79.09297,46.68776],[-79.09573,46.69739],[-79.09948,46.70552],[-79.0998,46.71068],[-79.10091,46.71199],[-79.10419,46.71298],[-79.11962,46.73292],[-79.12106,46.73608],[-79.12134,46.74315],[-79.12266,46.74637],[-79.13703,46.76778],[-79.14324,46.78507],[-79.14834,46.79335],[-79.15844,46.80661],[-79.16461,46.81884],[-79.17029,46.82457],[-79.17737,46.82818],[-79.19565,46.8293],[-79.21048,46.83133],[-79.21334,46.8325],[-79.21657,46.83632],[-79.2285,46.84588],[-79.23449,46.8602],[-79.25704,46.88345],[-79.26575,46.89001],[-79.28103,46.89824],[-79.28378,46.9005],[-79.29255,46.91449],[-79.29654,46.91909],[-79.31101,46.9284],[-79.31776,46.93576],[-79.33271,46.96508],[-79.33821,46.97085],[-79.3377,46.98631],[-79.3385,46.98995],[-79.34715,47.00738],[-79.35535,47.016],[-79.38171,47.03412],[-79.4282,47.07613],[-79.43623,47.08683],[-79.44526,47.11182],[-79.44623,47.12432],[-79.43533,47.16638],[-79.43367,47.17702],[-79.43373,47.18772],[-79.4378,47.20487],[-79.4387,47.21665],[-79.43602,47.22381],[-79.42973,47.23312],[-79.42573,47.24154],[-79.42573,47.24979],[-79.4274,47.2522],[-79.43581,47.25913],[-79.44966,47.27646],[-79.46541,47.28741],[-79.4864,47.3048],[-79.49898,47.3226],[-79.50412,47.33228],[-79.51403,47.34387],[-79.5199,47.35024],[-79.54285,47.3687],[-79.56952,47.39657],[-79.58191,47.41709],[-79.58645,47.43184],[-79.5868,47.44254],[-79.58436,47.45091],[-79.57925,47.45747],[-79.5673,47.46877],[-79.56059,47.47783],[-79.55721,47.48723],[-79.55577,47.50545],[-79.55295,47.51183],[-79.54633,47.51813],[-79.51697,47.53322],[-79.51176,47.53824],[-79.51027,47.54326],[-79.51241,47.54838],[-79.5115,47.5491],[-79.51759,47.55102],[-79.51758,47.92595],[-79.51775,48.36772],[-79.51805,48.60475],[-79.51776,48.8116],[-79.51815,49.05896],[-79.51798,49.31868],[-80.07646,49.31945],[-80.47875,49.31924],[-80.7308,49.31917],[-81.27265,49.31895],[-81.27235,49.0585],[-81.20681,49.05849],[-81.20696,48.88453],[-81.20462,48.88452],[-81.20337,48.79841],[-81.20361,48.71128],[-80.94336,48.71132],[-80.94337,48.70284],[-80.93097,48.68292],[-80.93824,48.66931],[-80.93642,48.66613],[-80.91521,48.64855],[-80.92117,48.62503],[-80.81607,48.62481],[-80.81142,48.62375],[-80.81225,48.53778],[-80.81314,48.53778],[-80.81272,48.27707],[-81.0746,48.27699],[-81.07461,48.2765],[-81.07437,47.88644],[-81.0745,47.66692],[-81.0735,47.52425],[-81.07461,47.19159],[-81.07445,46.88802],[-80.94873,46.8875],[-80.94773,46.81578],[-80.93338,46.81573],[-80.93303,46.80169],[-80.81746,46.79951],[-80.81743,46.78363],[-80.80435,46.77531],[-80.81488,46.7686],[-80.81653,46.7662],[-80.82317,46.76124],[-80.82634,46.76014],[-80.83096,46.75383],[-80.81871,46.74598],[-80.81843,46.72251],[-80.81129,46.72637],[-80.80419,46.72903],[-80.79543,46.7279],[-80.78929,46.72521],[-80.78474,46.71727],[-80.78025,46.71254],[-80.78117,46.7078],[-80.77986,46.69441],[-80.77613,46.6956],[-80.77078,46.6905],[-80.76801,46.67429],[-80.76497,46.66857],[-80.76683,46.66299],[-80.76427,46.66369],[-80.7636,46.67035],[-80.75468,46.67598],[-80.74941,46.68779],[-80.74095,46.69196],[-80.7283,46.69479],[-80.7221,46.69521],[-80.69289,46.68768],[-80.69263,46.3625],[-80.5668,46.36218],[-80.569,46.29499],[-80.56724,46.1909],[-80.564,46.19091],[-80.56399,46.10464],[-80.57039,46.09901],[-80.57183,46.09362],[-80.57065,46.08878],[-80.56719,46.08331],[-80.56785,46.08155],[-80.57072,46.07921],[-80.57074,46.07734],[-80.56332,46.06975],[-80.56044,46.06522],[-80.56233,46.0633],[-80.57072,46.06318],[-80.57489,46.061],[-80.57181,46.05859],[-80.57115,46.05283],[-80.56878,46.04964],[-80.57215,46.04556],[-80.57216,46.04329],[-80.56222,46.03105],[-80.55338,46.02385],[-80.55248,46.01995],[-80.54935,46.01843],[-80.54262,46.01761],[-80.53964,46.01821],[-80.53662,46.02052],[-80.52059,46.02474],[-80.51833,46.02696],[-80.521,46.0306],[-80.52123,46.03258],[-80.51814,46.03337],[-80.50709,46.0338],[-80.49514,46.03305],[-80.48154,46.03539],[-80.47556,46.03729],[-80.46246,46.03627],[-80.43144,46.03723],[-80.40839,46.03682],[-80.38959,46.03375],[-80.38173,46.03385],[-80.37057,46.03225],[-80.36131,46.03224],[-80.33773,46.03554],[-80.32285,46.03895],[-80.30472,46.03728],[-80.29582,46.03784],[-80.28149,46.04239],[-80.27777,46.04161],[-80.27084,46.04215],[-80.26719,46.04294],[-80.26701,46.04427],[-80.25791,46.04572],[-80.23855,46.05062],[-80.23105,46.05079],[-80.2085,46.0542],[-80.20812,46.05482],[-80.21545,46.05963],[-80.21602,46.06055],[-80.21512,46.06224],[-80.21043,46.0631],[-80.20575,46.06524],[-80.20109,46.06526],[-80.19129,46.06289],[-80.18577,46.06021],[-80.17493,46.06535],[-80.17516,46.06816],[-80.18084,46.07377],[-80.18558,46.07687],[-80.18835,46.07764],[-80.18788,46.07868],[-80.1845,46.07989],[-80.17792,46.07988],[-80.1751,46.08132],[-80.16772,46.08146],[-80.15563,46.08501],[-80.14748,46.08633],[-80.14166,46.08854],[-80.13952,46.0904],[-80.14181,46.09161],[-80.14776,46.09116],[-80.15226,46.09165],[-80.16568,46.09702],[-80.16597,46.09839],[-80.16431,46.09937],[-80.16562,46.10174],[-80.17793,46.10208],[-80.17853,46.10335],[-80.17437,46.10588],[-80.162,46.11057],[-80.15331,46.11173],[-80.14183,46.11553],[-80.12502,46.11792],[-80.0979,46.11576],[-80.08274,46.11701],[-80.07243,46.11667],[-80.07277,46.11897],[-80.08361,46.12586],[-80.09245,46.12786],[-80.10595,46.13258],[-80.10886,46.13443],[-80.11317,46.13564],[-80.11613,46.13817],[-80.11856,46.13905],[-80.11851,46.14022],[-80.11317,46.14388],[-80.11301,46.14467],[-80.11514,46.14633],[-80.11378,46.14703],[-80.11147,46.14774],[-80.10663,46.14774],[-80.09928,46.14578],[-80.09516,46.14631],[-80.08767,46.14363],[-80.08543,46.14347],[-80.07611,46.14594],[-80.05571,46.14968],[-80.04167,46.15048],[-80.03522,46.15226],[-80.03227,46.15224],[-80.02635,46.15081],[-80.01771,46.14532],[-80.00756,46.14413],[-79.99505,46.14745],[-79.9864,46.15262],[-79.96799,46.15862],[-79.94645,46.17015],[-79.9258,46.17691],[-79.91019,46.18286],[-79.89692,46.18903],[-79.85828,46.20086],[-79.83694,46.20562],[-79.8251,46.20637],[-79.79885,46.20626],[-79.77411,46.20822],[-79.88412,46.28465],[-79.88394,46.36506],[-79.75754,46.36864],[-79.76009,46.44766],[-79.25677,46.44849],[-79.25704,46.53781],[-78.97673,46.53729]]]},"properties":{"ed_id":107,"electoral_district":"Timiskaming—Cochrane","electoral_district_fr":"Timiskaming—Cochrane","overall_y2020_pct_attached":85.90720594571305,"overall_y2020_pct_unattached":14.092794054286944,"overall_y2020_n_attached":63805,"overall_y2020_n_unattached":10467,"overall_y2020_n_total":74272,"overall_y2020_fsa_count":4,"overall_y2020_fsa_with_data":4,"overall_y2022_pct_attached":83.69186801766692,"overall_y2022_pct_unattached":16.308131982333073,"overall_y2022_n_attached":64426,"overall_y2022_n_unattached":12554,"overall_y2022_n_total":76980,"overall_y2022_fsa_count":4,"overall_y2022_fsa_with_data":4,"overall_change_pct_attached":-2.215337928046125,"children_y2020_pct_attached":85.82683368785945,"children_y2020_pct_unattached":14.17316631214055,"children_y2020_n_attached":10894,"children_y2020_n_unattached":1799,"children_y2020_n_total":12693,"children_y2020_fsa_count":4,"children_y2020_fsa_with_data":4,"children_y2022_pct_attached":82.97011907436531,"children_y2022_pct_unattached":17.02988092563469,"children_y2022_n_attached":11079,"children_y2022_n_unattached":2274,"children_y2022_n_total":13353,"children_y2022_fsa_count":4,"children_y2022_fsa_with_data":4,"children_change_pct_attached":-2.856714613494134,"adults_y2020_pct_attached":85.92377271472418,"adults_y2020_pct_unattached":14.076227285275825,"adults_y2020_n_attached":52911,"adults_y2020_n_unattached":8668,"adults_y2020_n_total":61579,"adults_y2020_fsa_count":4,"adults_y2020_fsa_with_data":4,"adults_y2022_pct_attached":83.84333694815093,"adults_y2022_pct_unattached":16.15666305184906,"adults_y2022_n_attached":53347,"adults_y2022_n_unattached":10280,"adults_y2022_n_total":63627,"adults_y2022_fsa_count":4,"adults_y2022_fsa_with_data":4,"adults_change_pct_attached":-2.0804357665732454,"has_data":true,"name":"Timiskaming—Cochrane"}},
{"type":"Feature","geometry":{"type":"Polygon","coordinates":[[[-75.6013,45.41173],[-75.59742,45.41228],[-75.6002,45.41745],[-75.5956,45.41931],[-75.59952,45.4263],[-75.60568,45.4318],[-75.5923,45.43938],[-75.58203,45.4538],[-75.57765,45.45676],[-75.57864,45.45779],[-75.57605,45.45785],[-75.57763,45.45975],[-75.57663,45.46158],[-75.57818,45.46217],[-75.57647,45.46413],[-75.57895,45.46538],[-75.57805,45.46621],[-75.57576,45.46502],[-75.57476,45.4656],[-75.57734,45.46749],[-75.57907,45.46702],[-75.57947,45.46773],[-75.57592,45.46988],[-75.5739,45.46946],[-75.57284,45.47161],[-75.57005,45.47147],[-75.56971,45.47326],[-75.56798,45.47388],[-75.57013,45.47648],[-75.5795,45.47391],[-75.61414,45.47068],[-75.63304,45.46709],[-75.67471,45.46123],[-75.68656,45.45871],[-75.69208,45.45465],[-75.70091,45.44237],[-75.70287,45.43743],[-75.70387,45.43014],[-75.69457,45.42452],[-75.68099,45.41909],[-75.68069,45.41783],[-75.67787,45.41883],[-75.6738,45.41645],[-75.67092,45.41715],[-75.66351,45.41688],[-75.65665,45.41771],[-75.65166,45.41912],[-75.62996,45.42083],[-75.61906,45.42346],[-75.61459,45.42159],[-75.61156,45.41486],[-75.6013,45.41173]]]},"properties":{"ed_id":80,"electoral_district":"Ottawa—Vanier","electoral_district_fr":"Ottawa—Vanier","overall_y2020_pct_attached":82.06820399568589,"overall_y2020_pct_unattached":17.93179600431411,"overall_y2020_n_attached":95877,"overall_y2020_n_unattached":20949,"overall_y2020_n_total":116826,"overall_y2020_fsa_count":6,"overall_y2020_fsa_with_data":6,"overall_y2022_pct_attached":78.40749375099942,"overall_y2022_pct_unattached":21.592506249000582,"overall_y2022_n_attached":93163,"overall_y2022_n_unattached":25656,"overall_y2022_n_total":118819,"overall_y2022_fsa_count":6,"overall_y2022_fsa_with_data":6,"overall_change_pct_attached":-3.66071024468647,"children_y2020_pct_attached":87.28026533996683,"children_y2020_pct_unattached":12.719734660033167,"children_y2020_n_attached":15789,"children_y2020_n_unattached":2301,"children_y2020_n_total":18090,"children_y2020_fsa_count":6,"children_y2020_fsa_with_data":5,"children_y2022_pct_attached":79.59382089229771,"children_y2022_pct_unattached":20.40617910770228,"children_y2022_n_attached":14736,"children_y2022_n_unattached":3778,"children_y2022_n_total":18514,"children_y2022_fsa_count":6,"children_y2022_fsa_with_data":5,"children_change_pct_attached":-7.686444447669118,"adults_y2020_pct_attached":81.11278835340958,"adults_y2020_pct_unattached":18.887211646590412,"adults_y2020_n_attached":80064,"adults_y2020_n_unattached":18643,"adults_y2020_n_total":98707,"adults_y2020_fsa_count":6,"adults_y2020_fsa_with_data":6,"adults_y2022_pct_attached":78.1866778366195,"adults_y2022_pct_unattached":21.813322163380505,"adults_y2022_n_attached":78397,"adults_y2022_n_unattached":21872,"adults_y2022_n_total":100269,"adults_y2022_fsa_count":6,"adults_y2022_fsa_with_data":6,"adults_change_pct_attached":-2.9261105167900894,"has_data":true,"name":"Ottawa—Vanier"}},
{"type":"Feature","geometry":{"type":"Polygon","coordinates":[[[-75.70283,45.35451],[-75.70384,45.3544],[-75.70404,45.35258],[-75.70611,45.35344],[-75.71648,45.37146],[-75.73078,45.36536],[-75.73325,45.3772],[-75.73261,45.38676],[-75.73647,45.38525],[-75.73823,45.38541],[-75.75454,45.37044],[-75.75811,45.37715],[-75.75989,45.3778],[-75.76367,45.37706],[-75.7667,45.3777],[-75.7712,45.3812],[-75.77784,45.38929],[-75.7882,45.38119],[-75.80872,45.37389],[-75.81843,45.37237],[-75.83771,45.37404],[-75.84689,45.37784],[-75.86858,45.38441],[-75.894,45.40117],[-75.90539,45.40983],[-75.94578,45.38399],[-75.90451,45.3516],[-75.90299,45.34768],[-75.88604,45.32057],[-75.83796,45.34004],[-75.80591,45.34555],[-75.81541,45.33086],[-75.72678,45.33948],[-75.72405,45.33476],[-75.71071,45.34005],[-75.70735,45.33895],[-75.70344,45.33466],[-75.70056,45.33402],[-75.69623,45.33428],[-75.69902,45.3371],[-75.69844,45.34047],[-75.69634,45.34334],[-75.7007,45.3492],[-75.70283,45.35451]]]},"properties":{"ed_id":81,"electoral_district":"Ottawa West—Nepean","electoral_district_fr":"Ottawa-Ouest—Nepean","overall_y2020_pct_attached":85.68619457566965,"overall_y2020_pct_unattached":14.313805424330353,"overall_y2020_n_attached":71464,"overall_y2020_n_unattached":11938,"overall_y2020_n_total":83402,"overall_y2020_fsa_count":3,"overall_y2020_fsa_with_data":3,"overall_y2022_pct_attached":82.4641712736364,"overall_y2022_pct_unattached":17.535828726363604,"overall_y2022_n_attached":70257,"overall_y2022_n_unattached":14940,"overall_y2022_n_total":85197,"overall_y2022_fsa_count":3,"overall_y2022_fsa_with_data":3,"overall_change_pct_attached":-3.22202330203325,"children_y2020_pct_attached":89.53335637746284,"children_y2020_pct_unattached":10.466643622537159,"children_y2020_n_attached":12951,"children_y2020_n_unattached":1514,"children_y2020_n_total":14465,"children_y2020_fsa_count":3,"children_y2020_fsa_with_data":3,"children_y2022_pct_attached":82.3604316064607,"children_y2022_pct_unattached":17.639568393539307,"children_y2022_n_attached":12289,"children_y2022_n_unattached":2632,"children_y2022_n_total":14921,"children_y2022_fsa_count":3,"children_y2022_fsa_with_data":3,"children_change_pct_attached":-7.172924771002144,"adults_y2020_pct_attached":84.87894744476841,"adults_y2020_pct_unattached":15.121052555231588,"adults_y2020_n_attached":58513,"adults_y2020_n_unattached":10424,"adults_y2020_n_total":68937,"adults_y2020_fsa_count":3,"adults_y2020_fsa_with_data":3,"adults_y2022_pct_attached":82.48619727929876,"adults_y2022_pct_unattached":17.513802720701236,"adults_y2022_n_attached":57968,"adults_y2022_n_unattached":12308,"adults_y2022_n_total":70276,"adults_y2022_fsa_count":3,"adults_y2022_fsa_with_data":3,"adults_change_pct_attached":-2.39275016546965,"has_data":true,"name":"Ottawa West—Nepean"}},
{"type":"Feature","geometry":{"type":"Polygon","coordinates":[[[-75.57999,45.38154],[-75.57246,45.37521],[-75.56603,45.37389],[-75.56755,45.37158],[-75.56737,45.36991],[-75.52657,45.29815],[-75.43765,45.33447],[-75.43401,45.32807],[-75.41763,45.33251],[-75.473,45.43508],[-75.4489,45.44215],[-75.44923,45.44497],[-75.42448,45.45154],[-75.43571,45.4712],[-75.43726,45.47199],[-75.44053,45.47212],[-75.44189,45.47369],[-75.43753,45.4746],[-75.44963,45.49577],[-75.45212,45.49717],[-75.4654,45.51691],[-75.52876,45.49478],[-75.54862,45.48638],[-75.55672,45.48405],[-75.57013,45.47648],[-75.56798,45.47388],[-75.56971,45.47326],[-75.57005,45.47147],[-75.57284,45.47161],[-75.5739,45.46946],[-75.57592,45.46988],[-75.57947,45.46773],[-75.57907,45.46702],[-75.57734,45.46749],[-75.57476,45.4656],[-75.57576,45.46502],[-75.57805,45.46621],[-75.57895,45.46538],[-75.57647,45.46413],[-75.57818,45.46217],[-75.57663,45.46158],[-75.57763,45.45975],[-75.57605,45.45785],[-75.57864,45.45779],[-75.57765,45.45676],[-75.58203,45.4538],[-75.5923,45.43938],[-75.60568,45.4318],[-75.59952,45.4263],[-75.5956,45.41931],[-75.6002,45.41745],[-75.59742,45.41228],[-75.6013,45.41173],[-75.59901,45.4097],[-75.59345,45.40029],[-75.59303,45.39269],[-75.59165,45.38946],[-75.58916,45.38681],[-75.57999,45.38154]]]},"properties":{"ed_id":76,"electoral_district":"Orléans","electoral_district_fr":"Orléans","overall_y2020_pct_attached":91.13071371291099,"overall_y2020_pct_unattached":8.869286287089013,"overall_y2020_n_attached":119322,"overall_y2020_n_unattached":11613,"overall_y2020_n_total":130935,"overall_y2020_fsa_count":4,"overall_y2020_fsa_with_data":4,"overall_y2022_pct_attached":88.63921025131735,"overall_y2022_pct_unattached":11.360789748682642,"overall_y2022_n_attached":119600,"overall_y2022_n_unattached":15329,"overall_y2022_n_total":134929,"overall_y2022_fsa_count":4,"overall_y2022_fsa_with_data":4,"overall_change_pct_attached":-2.491503461593638,"children_y2020_pct_attached":94.69543800316141,"children_y2020_pct_unattached":5.304561996838584,"children_y2020_n_attached":25760,"children_y2020_n_unattached":1443,"children_y2020_n_total":27203,"children_y2020_fsa_count":4,"children_y2020_fsa_with_data":4,"children_y2022_pct_attached":90.1993532568139,"children_y2022_pct_unattached":9.8006467431861,"children_y2022_n_attached":25383,"children_y2022_n_unattached":2758,"children_y2022_n_total":28141,"children_y2022_fsa_count":4,"children_y2022_fsa_with_data":4,"children_change_pct_attached":-4.49608474634752,"adults_y2020_pct_attached":90.19588940731886,"adults_y2020_pct_unattached":9.80411059268114,"adults_y2020_n_attached":93562,"adults_y2020_n_unattached":10170,"adults_y2020_n_total":103732,"adults_y2020_fsa_count":4,"adults_y2020_fsa_with_data":4,"adults_y2022_pct_attached":88.22807806120538,"adults_y2022_pct_unattached":11.771921938794621,"adults_y2022_n_attached":94217,"adults_y2022_n_unattached":12571,"adults_y2022_n_total":106788,"adults_y2022_fsa_count":4,"adults_y2022_fsa_with_data":4,"adults_change_pct_attached":-1.9678113461134785,"has_data":true,"name":"Orléans"}},
{"type":"Feature","geometry":{"type":"Polygon","coordinates":[[[-75.66351,45.41688],[-75.67092,45.41715],[-75.6738,45.41645],[-75.67787,45.41883],[-75.68069,45.41783],[-75.68099,45.41909],[-75.69457,45.42452],[-75.70387,45.43014],[-75.70432,45.42698],[-75.70941,45.42332],[-75.72202,45.42098],[-75.72328,45.42002],[-75.72284,45.41797],[-75.73002,45.41733],[-75.73361,45.41597],[-75.75693,45.41111],[-75.76292,45.40706],[-75.77014,45.39551],[-75.77784,45.38929],[-75.7712,45.3812],[-75.7667,45.3777],[-75.76367,45.37706],[-75.75989,45.3778],[-75.75811,45.37715],[-75.75454,45.37044],[-75.73823,45.38541],[-75.73647,45.38525],[-75.73261,45.38676],[-75.73325,45.3772],[-75.73078,45.36536],[-75.71648,45.37146],[-75.70611,45.35344],[-75.70404,45.35258],[-75.70384,45.3544],[-75.70283,45.35451],[-75.69854,45.35692],[-75.69241,45.35752],[-75.68963,45.36096],[-75.69638,45.36841],[-75.69663,45.37112],[-75.69964,45.37238],[-75.69999,45.37876],[-75.6959,45.38165],[-75.68758,45.38352],[-75.68526,45.38474],[-75.68459,45.38789],[-75.67986,45.38776],[-75.67773,45.38914],[-75.6692,45.40201],[-75.66898,45.40502],[-75.67334,45.41054],[-75.66941,45.41418],[-75.66405,45.41518],[-75.66351,45.41688]]]},"properties":{"ed_id":78,"electoral_district":"Ottawa Centre","electoral_district_fr":"Ottawa-Centre","overall_y2020_pct_attached":82.91620187478046,"overall_y2020_pct_unattached":17.083798125219555,"overall_y2020_n_attached":134539,"overall_y2020_n_unattached":27720,"overall_y2020_n_total":162259,"overall_y2020_fsa_count":8,"overall_y2020_fsa_with_data":8,"overall_y2022_pct_attached":80.77156817463597,"overall_y2022_pct_unattached":19.22843182536403,"overall_y2022_n_attached":132908,"overall_y2022_n_unattached":31640,"overall_y2022_n_total":164548,"overall_y2022_fsa_count":8,"overall_y2022_fsa_with_data":8,"overall_change_pct_attached":-2.1446337001444817,"children_y2020_pct_attached":89.83891479440442,"children_y2020_pct_unattached":10.16108520559559,"children_y2020_n_attached":21193,"children_y2020_n_unattached":2397,"children_y2020_n_total":23590,"children_y2020_fsa_count":8,"children_y2020_fsa_with_data":7,"children_y2022_pct_attached":84.71046393498138,"children_y2022_pct_unattached":15.289536065018625,"children_y2022_n_attached":20012,"children_y2022_n_unattached":3612,"children_y2022_n_total":23624,"children_y2022_fsa_count":8,"children_y2022_fsa_with_data":7,"children_change_pct_attached":-5.12845085942304,"adults_y2020_pct_attached":81.74093682828662,"adults_y2020_pct_unattached":18.259063171713382,"adults_y2020_n_attached":113324,"adults_y2020_n_unattached":25314,"adults_y2020_n_total":138638,"adults_y2020_fsa_count":8,"adults_y2020_fsa_with_data":8,"adults_y2022_pct_attached":80.11966527790592,"adults_y2022_pct_unattached":19.88033472209407,"adults_y2022_n_attached":112883,"adults_y2022_n_unattached":28010,"adults_y2022_n_total":140893,"adults_y2022_fsa_count":8,"adults_y2022_fsa_with_data":8,"adults_change_pct_attached":-1.6212715503806976,"has_data":true,"name":"Ottawa Centre"}},
{"type":"Feature","geometry":{"type":"Polygon","coordinates":[[[-79.59114,43.66856],[-79.58186,43.67225],[-79.5632,43.67454],[-79.57068,43.69149],[-79.52597,43.7016],[-79.52863,43.70258],[-79.53135,43.70491],[-79.53593,43.70463],[-79.53567,43.70808],[-79.53853,43.70886],[-79.53946,43.71002],[-79.53783,43.71299],[-79.53803,43.7146],[-79.54061,43.71523],[-79.54093,43.71665],[-79.54338,43.71704],[-79.54415,43.71816],[-79.54065,43.72256],[-79.54109,43.72606],[-79.53827,43.72705],[-79.53855,43.73191],[-79.53944,43.73215],[-79.53963,43.73044],[-79.5414,43.72956],[-79.54483,43.73076],[-79.54414,43.73236],[-79.5469,43.73161],[-79.55043,43.73357],[-79.5506,43.7349],[-79.54898,43.7359],[-79.55045,43.73631],[-79.54987,43.73774],[-79.54616,43.74035],[-79.5476,43.7418],[-79.55043,43.74248],[-79.54988,43.74348],[-79.55066,43.74415],[-79.55628,43.74315],[-79.55684,43.74148],[-79.55817,43.74112],[-79.55832,43.74272],[-79.56205,43.7428],[-79.56216,43.7442],[-79.56441,43.74548],[-79.57278,43.74695],[-79.57333,43.74794],[-79.57205,43.74787],[-79.57109,43.74918],[-79.57306,43.74884],[-79.57313,43.75026],[-79.57783,43.75033],[-79.58295,43.75255],[-79.58511,43.75702],[-79.58372,43.75751],[-79.58344,43.75884],[-79.58111,43.75876],[-79.58077,43.76016],[-79.57748,43.76227],[-79.58054,43.76301],[-79.63111,43.75163],[-79.63645,43.75105],[-79.6393,43.74984],[-79.63029,43.73531],[-79.59114,43.66856]]]},"properties":{"ed_id":30,"electoral_district":"Etobicoke North","electoral_district_fr":"Etobicoke-Nord","overall_y2020_pct_attached":85.53773723701633,"overall_y2020_pct_unattached":14.462262762983668,"overall_y2020_n_attached":87210,"overall_y2020_n_unattached":14745,"overall_y2020_n_total":101955,"overall_y2020_fsa_count":2,"overall_y2020_fsa_with_data":2,"overall_y2022_pct_attached":81.53070398311378,"overall_y2022_pct_unattached":18.469296016886215,"overall_y2022_n_attached":83432,"overall_y2022_n_unattached":18900,"overall_y2022_n_total":102332,"overall_y2022_fsa_count":2,"overall_y2022_fsa_with_data":2,"overall_change_pct_attached":-4.007033253902549,"children_y2020_pct_attached":92.27638337048164,"children_y2020_pct_unattached":7.7236166295183635,"children_y2020_n_attached":19044,"children_y2020_n_unattached":1594,"children_y2020_n_total":20638,"children_y2020_fsa_count":2,"children_y2020_fsa_with_data":2,"children_y2022_pct_attached":84.34910046492824,"children_y2022_pct_unattached":15.65089953507176,"children_y2022_n_attached":16691,"children_y2022_n_unattached":3097,"children_y2022_n_total":19788,"children_y2022_fsa_count":2,"children_y2022_fsa_with_data":2,"children_change_pct_attached":-7.9272829055533975,"adults_y2020_pct_attached":83.8274899467516,"adults_y2020_pct_unattached":16.1725100532484,"adults_y2020_n_attached":68166,"adults_y2020_n_unattached":13151,"adults_y2020_n_total":81317,"adults_y2020_fsa_count":2,"adults_y2020_fsa_with_data":2,"adults_y2022_pct_attached":80.8550591199845,"adults_y2022_pct_unattached":19.144940880015508,"adults_y2022_n_attached":66741,"adults_y2022_n_unattached":15803,"adults_y2022_n_total":82544,"adults_y2022_fsa_count":2,"adults_y2022_fsa_with_data":2,"adults_change_pct_attached":-2.972430826767095,"has_data":true,"name":"Etobicoke North"}},
{"type":"Feature","geometry":{"type":"Polygon","coordinates":[[[-79.5122,43.66261],[-79.50936,43.66462],[-79.50617,43.6654],[-79.47351,43.66736],[-79.46,43.66724],[-79.46928,43.67663],[-79.47055,43.67969],[-79.46644,43.6806],[-79.46766,43.68189],[-79.46128,43.68323],[-79.46459,43.69216],[-79.46869,43.70536],[-79.47252,43.72487],[-79.49097,43.72037],[-79.50782,43.71775],[-79.52527,43.71582],[-79.53783,43.71299],[-79.53946,43.71002],[-79.53853,43.70886],[-79.53567,43.70808],[-79.53593,43.70463],[-79.53135,43.70491],[-79.52863,43.70258],[-79.52597,43.7016],[-79.52135,43.70014],[-79.52075,43.69868],[-79.51842,43.6972],[-79.51184,43.69678],[-79.51327,43.6926],[-79.51264,43.68874],[-79.50921,43.68256],[-79.50601,43.68234],[-79.50543,43.68138],[-79.50882,43.67643],[-79.5124,43.67376],[-79.51127,43.66859],[-79.51319,43.66577],[-79.5122,43.66261]]]},"properties":{"ed_id":122,"electoral_district":"York South—Weston","electoral_district_fr":"York-Sud—Weston","overall_y2020_pct_attached":83.76337641073621,"overall_y2020_pct_unattached":16.236623589263786,"overall_y2020_n_attached":114595,"overall_y2020_n_unattached":22213,"overall_y2020_n_total":136808,"overall_y2020_fsa_count":4,"overall_y2020_fsa_with_data":4,"overall_y2022_pct_attached":79.94546502519842,"overall_y2022_pct_unattached":20.05453497480159,"overall_y2022_n_attached":108187,"overall_y2022_n_unattached":27139,"overall_y2022_n_total":135326,"overall_y2022_fsa_count":4,"overall_y2022_fsa_with_data":4,"overall_change_pct_attached":-3.8179113855377977,"children_y2020_pct_attached":90.76549210206562,"children_y2020_pct_unattached":9.234507897934387,"children_y2020_n_attached":23904,"children_y2020_n_unattached":2432,"children_y2020_n_total":26336,"children_y2020_fsa_count":4,"children_y2020_fsa_with_data":4,"children_y2022_pct_attached":79.29733094700802,"children_y2022_pct_unattached":20.702669052991986,"children_y2022_n_attached":20381,"children_y2022_n_unattached":5321,"children_y2022_n_total":25702,"children_y2022_fsa_count":4,"children_y2022_fsa_with_data":4,"children_change_pct_attached":-11.4681611550576,"adults_y2020_pct_attached":82.09410529364906,"adults_y2020_pct_unattached":17.90589470635093,"adults_y2020_n_attached":90691,"adults_y2020_n_unattached":19781,"adults_y2020_n_total":110472,"adults_y2020_fsa_count":4,"adults_y2020_fsa_with_data":4,"adults_y2022_pct_attached":80.09742392176895,"adults_y2022_pct_unattached":19.902576078231043,"adults_y2022_n_attached":87806,"adults_y2022_n_unattached":21818,"adults_y2022_n_total":109624,"adults_y2022_fsa_count":4,"adults_y2022_fsa_with_data":4,"adults_change_pct_attached":-1.9966813718801149,"has_data":true,"name":"York South—Weston"}},
{"type":"Feature","geometry":{"type":"Polygon","coordinates":[[[-79.4944,43.78156],[-79.53493,43.77267],[-79.58054,43.76301],[-79.57748,43.76227],[-79.58077,43.76016],[-79.58111,43.75876],[-79.58344,43.75884],[-79.58372,43.75751],[-79.58511,43.75702],[-79.58295,43.75255],[-79.57783,43.75033],[-79.57313,43.75026],[-79.57306,43.74884],[-79.57109,43.74918],[-79.57205,43.74787],[-79.57333,43.74794],[-79.57278,43.74695],[-79.56441,43.74548],[-79.56216,43.7442],[-79.56205,43.7428],[-79.55832,43.74272],[-79.55817,43.74112],[-79.55684,43.74148],[-79.55628,43.74315],[-79.55066,43.74415],[-79.54988,43.74348],[-79.55043,43.74248],[-79.5476,43.7418],[-79.54616,43.74035],[-79.54987,43.73774],[-79.55045,43.73631],[-79.54898,43.7359],[-79.5506,43.7349],[-79.55043,43.73357],[-79.5469,43.73161],[-79.54414,43.73236],[-79.54483,43.73076],[-79.5414,43.72956],[-79.53963,43.73044],[-79.53944,43.73215],[-79.53855,43.73191],[-79.53827,43.72705],[-79.54109,43.72606],[-79.54065,43.72256],[-79.54415,43.71816],[-79.54338,43.71704],[-79.54093,43.71665],[-79.54061,43.71523],[-79.53803,43.7146],[-79.53783,43.71299],[-79.52527,43.71582],[-79.50782,43.71775],[-79.51321,43.73938],[-79.49693,43.74253],[-79.49793,43.74359],[-79.49778,43.74581],[-79.50161,43.74705],[-79.50466,43.74916],[-79.49753,43.75053],[-79.49206,43.75297],[-79.48946,43.75182],[-79.48816,43.75202],[-79.49449,43.77774],[-79.4944,43.78156]]]},"properties":{"ed_id":41,"electoral_district":"Humber River—Black Creek","electoral_district_fr":"Humber River—Black Creek","overall_y2020_pct_attached":86.69761011258147,"overall_y2020_pct_unattached":13.302389887418526,"overall_y2020_n_attached":87790,"overall_y2020_n_unattached":13470,"overall_y2020_n_total":101260,"overall_y2020_fsa_count":4,"overall_y2020_fsa_with_data":4,"overall_y2022_pct_attached":82.33067432988157,"overall_y2022_pct_unattached":17.669325670118415,"overall_y2022_n_attached":83084,"overall_y2022_n_unattached":17831,"overall_y2022_n_total":100915,"overall_y2022_fsa_count":4,"overall_y2022_fsa_with_data":4,"overall_change_pct_attached":-4.366935782699898,"children_y2020_pct_attached":92.43265195613917,"children_y2020_pct_unattached":7.567348043860836,"children_y2020_n_attached":20484,"children_y2020_n_unattached":1677,"children_y2020_n_total":22161,"children_y2020_fsa_count":4,"children_y2020_fsa_with_data":4,"children_y2022_pct_attached":82.30594137594649,"children_y2022_pct_unattached":17.694058624053515,"children_y2022_n_attached":17718,"children_y2022_n_unattached":3809,"children_y2022_n_total":21527,"children_y2022_fsa_count":4,"children_y2022_fsa_with_data":4,"children_change_pct_attached":-10.126710580192679,"adults_y2020_pct_attached":85.09083553521536,"adults_y2020_pct_unattached":14.909164464784638,"adults_y2020_n_attached":67306,"adults_y2020_n_unattached":11793,"adults_y2020_n_total":79099,"adults_y2020_fsa_count":4,"adults_y2020_fsa_with_data":4,"adults_y2022_pct_attached":82.33738096437749,"adults_y2022_pct_unattached":17.662619035622512,"adults_y2022_n_attached":65366,"adults_y2022_n_unattached":14022,"adults_y2022_n_total":79388,"adults_y2022_fsa_count":4,"adults_y2022_fsa_with_data":4,"adults_change_pct_attached":-2.7534545708378744,"has_data":true,"name":"Humber River—Black Creek"}},
{"type":"Feature","geometry":{"type":"Polygon","coordinates":[[[-80.59989,44.97334],[-80.84574,45.17655],[-81.07103,45.3607],[-81.13797,45.36223],[-81.22476,45.36138],[-81.81279,45.36157],[-81.81676,45.36156],[-81.81677,45.343],[-81.80209,45.30939],[-81.77817,45.28322],[-81.74523,45.25021],[-81.74479,45.21721],[-81.72211,45.18206],[-81.6901,45.13835],[-81.6525,45.09734],[-81.60296,45.04687],[-81.57194,45.01832],[-81.55433,45.0102],[-81.44439,44.95043],[-81.42899,44.92396],[-81.42351,44.90459],[-81.41388,44.87698],[-81.36917,44.79345],[-81.36654,44.78581],[-81.35372,44.68736],[-81.35231,44.65168],[-81.35336,44.6147],[-81.37515,44.56532],[-81.39674,44.54031],[-81.34507,44.51378],[-81.3449,44.50903],[-81.33953,44.50877],[-81.33621,44.50462],[-81.33434,44.5042],[-81.3301,44.50488],[-81.32886,44.50411],[-81.32816,44.5005],[-81.32317,44.49924],[-81.32005,44.49644],[-81.32051,44.49386],[-81.32623,44.48849],[-81.3256,44.48736],[-81.32279,44.48655],[-81.318,44.48979],[-81.31495,44.48802],[-81.31119,44.47469],[-81.31176,44.47237],[-81.31883,44.46333],[-81.31983,44.46025],[-81.32352,44.45837],[-81.26651,44.2591],[-81.06942,44.28837],[-81.03339,44.16058],[-81.03852,44.15983],[-81.03617,44.15145],[-81.04126,44.15121],[-81.03841,44.14109],[-81.03314,44.14186],[-81.03277,44.14073],[-81.02777,44.14067],[-80.98922,43.98672],[-80.83572,44.00431],[-80.82707,43.9679],[-80.80849,43.97061],[-80.75454,43.97662],[-80.75088,43.97945],[-80.755,43.98235],[-80.74592,43.98896],[-80.75571,43.99499],[-80.74729,44.00187],[-80.73278,43.99285],[-80.72572,43.99864],[-80.72288,43.98596],[-80.71628,43.98136],[-80.56865,43.99822],[-80.43843,44.02599],[-80.37496,44.03928],[-80.39789,44.13484],[-80.36086,44.16734],[-80.40544,44.19345],[-80.41906,44.19807],[-80.42293,44.20005],[-80.40837,44.21294],[-80.41115,44.21459],[-80.22908,44.25342],[-80.2664,44.41603],[-80.46373,44.37277],[-80.48513,44.46242],[-80.51509,44.59433],[-80.59989,44.97334]]]},"properties":{"ed_id":14,"electoral_district":"Bruce—Grey—Owen Sound","electoral_district_fr":"Bruce—Grey—Owen Sound","overall_y2020_pct_attached":88.59551863374595,"overall_y2020_pct_unattached":11.404481366254055,"overall_y2020_n_attached":107073,"overall_y2020_n_unattached":13783,"overall_y2020_n_total":120856,"overall_y2020_fsa_count":5,"overall_y2020_fsa_with_data":5,"overall_y2022_pct_attached":88.07960073482454,"overall_y2022_pct_unattached":11.920399265175467,"overall_y2022_n_attached":111714,"overall_y2022_n_unattached":15119,"overall_y2022_n_total":126833,"overall_y2022_fsa_count":5,"overall_y2022_fsa_with_data":5,"overall_change_pct_attached":-0.5159178989214155,"children_y2020_pct_attached":91.29322642530376,"children_y2020_pct_unattached":8.706773574696246,"children_y2020_n_attached":18559,"children_y2020_n_unattached":1770,"children_y2020_n_total":20329,"children_y2020_fsa_count":5,"children_y2020_fsa_with_data":5,"children_y2022_pct_attached":89.610568322554,"children_y2022_pct_unattached":10.38943167744599,"children_y2022_n_attached":19536,"children_y2022_n_unattached":2265,"children_y2022_n_total":21801,"children_y2022_fsa_count":5,"children_y2022_fsa_with_data":5,"children_change_pct_attached":-1.6826581027497554,"adults_y2020_pct_attached":88.04997662319576,"adults_y2020_pct_unattached":11.950023376804243,"adults_y2020_n_attached":88514,"adults_y2020_n_unattached":12013,"adults_y2020_n_total":100527,"adults_y2020_fsa_count":5,"adults_y2020_fsa_with_data":5,"adults_y2022_pct_attached":87.76182496762891,"adults_y2022_pct_unattached":12.238175032371087,"adults_y2022_n_attached":92178,"adults_y2022_n_unattached":12854,"adults_y2022_n_total":105032,"adults_y2022_fsa_count":5,"adults_y2022_fsa_with_data":5,"adults_change_pct_attached":-0.28815165556684974,"has_data":true,"name":"Bruce—Grey—Owen Sound"}},
{"type":"Feature","geometry":{"type":"Polygon","coordinates":[[[-80.43843,44.02599],[-80.56865,43.99822],[-80.71628,43.98136],[-80.72288,43.98596],[-80.72572,43.99864],[-80.73278,43.99285],[-80.74729,44.00187],[-80.75571,43.99499],[-80.74592,43.98896],[-80.755,43.98235],[-80.75088,43.97945],[-80.75454,43.97662],[-80.80849,43.97061],[-80.82707,43.9679],[-80.83572,44.00431],[-80.98922,43.98672],[-80.99157,43.98643],[-80.9544,43.82209],[-81.08493,43.80647],[-81.09744,43.79048],[-81.0312,43.76352],[-81.1474,43.61395],[-81.18317,43.62861],[-81.28457,43.50619],[-81.34982,43.53456],[-81.44311,43.42406],[-81.33727,43.3777],[-81.30108,43.38164],[-81.29684,43.36055],[-81.28681,43.35601],[-81.3637,43.26381],[-81.22444,43.20334],[-81.13225,43.23144],[-81.05511,43.25547],[-80.94782,43.28693],[-80.84649,43.31773],[-80.84767,43.32059],[-80.84634,43.32062],[-80.84634,43.32454],[-80.84324,43.3236],[-80.83883,43.32358],[-80.83893,43.32851],[-80.82566,43.32801],[-80.8239,43.32483],[-80.73579,43.35335],[-80.73723,43.40753],[-80.79555,43.46808],[-80.86902,43.49805],[-80.83807,43.5418],[-80.75458,43.64842],[-80.60811,43.58898],[-80.59554,43.66166],[-80.55747,43.68965],[-80.51123,43.72353],[-80.50755,43.72088],[-80.5008,43.72598],[-80.49516,43.72499],[-80.49868,43.72752],[-80.4898,43.73401],[-80.49344,43.73664],[-80.44942,43.76896],[-80.46989,43.78363],[-80.45683,43.79602],[-80.45606,43.79762],[-80.38792,43.85774],[-80.38852,43.85816],[-80.39866,43.85606],[-80.42025,43.95315],[-80.42732,43.97727],[-80.43843,44.02599]]]},"properties":{"ed_id":85,"electoral_district":"Perth—Wellington","electoral_district_fr":"Perth—Wellington","overall_y2020_pct_attached":91.02097169654122,"overall_y2020_pct_unattached":8.979028303458783,"overall_y2020_n_attached":76474,"overall_y2020_n_unattached":7544,"overall_y2020_n_total":84018,"overall_y2020_fsa_count":5,"overall_y2020_fsa_with_data":5,"overall_y2022_pct_attached":91.28989054634462,"overall_y2022_pct_unattached":8.710109453655383,"overall_y2022_n_attached":79068,"overall_y2022_n_unattached":7544,"overall_y2022_n_total":86612,"overall_y2022_fsa_count":5,"overall_y2022_fsa_with_data":5,"overall_change_pct_attached":0.26891884980339853,"children_y2020_pct_attached":93.70678957631625,"children_y2020_pct_unattached":6.293210423683744,"children_y2020_n_attached":15858,"children_y2020_n_unattached":1065,"children_y2020_n_total":16923,"children_y2020_fsa_count":5,"children_y2020_fsa_with_data":5,"children_y2022_pct_attached":92.0826855530604,"children_y2022_pct_unattached":7.917314446939598,"children_y2022_n_attached":15992,"children_y2022_n_unattached":1375,"children_y2022_n_total":17367,"children_y2022_fsa_count":5,"children_y2022_fsa_with_data":5,"children_change_pct_attached":-1.6241040232558532,"adults_y2020_pct_attached":90.34354273790893,"adults_y2020_pct_unattached":9.656457262091065,"adults_y2020_n_attached":60616,"adults_y2020_n_unattached":6479,"adults_y2020_n_total":67095,"adults_y2020_fsa_count":5,"adults_y2020_fsa_with_data":5,"adults_y2022_pct_attached":91.09105350566828,"adults_y2022_pct_unattached":8.90894649433172,"adults_y2022_n_attached":63076,"adults_y2022_n_unattached":6169,"adults_y2022_n_total":69245,"adults_y2022_fsa_count":5,"adults_y2022_fsa_with_data":5,"adults_change_pct_attached":0.7475107677593513,"has_data":true,"name":"Perth—Wellington"}},
{"type":"Feature","geometry":{"type":"Polygon","coordinates":[[[-79.44574,43.7924],[-79.39622,43.80326],[-79.39794,43.80554],[-79.40603,43.83834],[-79.40652,43.83955],[-79.45449,43.82926],[-79.45866,43.84772],[-79.49953,43.83928],[-79.50599,43.8369],[-79.54629,43.82787],[-79.54512,43.81591],[-79.53493,43.77267],[-79.4944,43.78156],[-79.44574,43.7924]]]},"properties":{"ed_id":104,"electoral_district":"Thornhill","electoral_district_fr":"Thornhill","overall_y2020_pct_attached":89.27162247474747,"overall_y2020_pct_unattached":10.728377525252524,"overall_y2020_n_attached":90500,"overall_y2020_n_unattached":10876,"overall_y2020_n_total":101376,"overall_y2020_fsa_count":2,"overall_y2020_fsa_with_data":2,"overall_y2022_pct_attached":87.29095354523227,"overall_y2022_pct_unattached":12.709046454767725,"overall_y2022_n_attached":89255,"overall_y2022_n_unattached":12995,"overall_y2022_n_total":102250,"overall_y2022_fsa_count":2,"overall_y2022_fsa_with_data":2,"overall_change_pct_attached":-1.980668929515204,"children_y2020_pct_attached":92.27474704213287,"children_y2020_pct_unattached":7.725252957867124,"children_y2020_n_attached":17236,"children_y2020_n_unattached":1443,"children_y2020_n_total":18679,"children_y2020_fsa_count":2,"children_y2020_fsa_with_data":2,"children_y2022_pct_attached":84.36519729238897,"children_y2022_pct_unattached":15.634802707611028,"children_y2022_n_attached":15330,"children_y2022_n_unattached":2841,"children_y2022_n_total":18171,"children_y2022_fsa_count":2,"children_y2022_fsa_with_data":2,"children_change_pct_attached":-7.909549749743903,"adults_y2020_pct_attached":88.59329842678694,"adults_y2020_pct_unattached":11.406701573213054,"adults_y2020_n_attached":73264,"adults_y2020_n_unattached":9433,"adults_y2020_n_total":82697,"adults_y2020_fsa_count":2,"adults_y2020_fsa_with_data":2,"adults_y2022_pct_attached":87.92326264584499,"adults_y2022_pct_unattached":12.076737354155021,"adults_y2022_n_attached":73925,"adults_y2022_n_unattached":10154,"adults_y2022_n_total":84079,"adults_y2022_fsa_count":2,"adults_y2022_fsa_with_data":2,"adults_change_pct_attached":-0.6700357809419586,"has_data":true,"name":"Thornhill"}},
{"type":"Feature","geometry":{"type":"Polygon","coordinates":[[[-79.6786,43.81932],[-79.6393,43.74984],[-79.63645,43.75105],[-79.63111,43.75163],[-79.58054,43.76301],[-79.53493,43.77267],[-79.54512,43.81591],[-79.54629,43.82787],[-79.5485,43.84691],[-79.5863,43.83968],[-79.61959,43.83155],[-79.62044,43.83191],[-79.6315,43.82953],[-79.63352,43.82988],[-79.63854,43.82736],[-79.6786,43.81932]]]},"properties":{"ed_id":113,"electoral_district":"Vaughan—Woodbridge","electoral_district_fr":"Vaughan—Woodbridge","overall_y2020_pct_attached":89.42935385981792,"overall_y2020_pct_unattached":10.570646140182074,"overall_y2020_n_attached":120828,"overall_y2020_n_unattached":14282,"overall_y2020_n_total":135110,"overall_y2020_fsa_count":2,"overall_y2020_fsa_with_data":2,"overall_y2022_pct_attached":87.84555828980126,"overall_y2022_pct_unattached":12.154441710198736,"overall_y2022_n_attached":122086,"overall_y2022_n_unattached":16892,"overall_y2022_n_total":138978,"overall_y2022_fsa_count":2,"overall_y2022_fsa_with_data":2,"overall_change_pct_attached":-1.5837955700166617,"children_y2020_pct_attached":95.57004642591346,"children_y2020_pct_unattached":4.429953574086543,"children_y2020_n_attached":26967,"children_y2020_n_unattached":1250,"children_y2020_n_total":28217,"children_y2020_fsa_count":2,"children_y2020_fsa_with_data":2,"children_y2022_pct_attached":86.1883376104933,"children_y2022_pct_unattached":13.8116623895067,"children_y2022_n_attached":24181,"children_y2022_n_unattached":3875,"children_y2022_n_total":28056,"children_y2022_fsa_count":2,"children_y2022_fsa_with_data":2,"children_change_pct_attached":-9.381708815420154,"adults_y2020_pct_attached":87.80836911678033,"adults_y2020_pct_unattached":12.191630883219668,"adults_y2020_n_attached":93861,"adults_y2020_n_unattached":13032,"adults_y2020_n_total":106893,"adults_y2020_fsa_count":2,"adults_y2020_fsa_with_data":2,"adults_y2022_pct_attached":88.26472656461297,"adults_y2022_pct_unattached":11.735273435387029,"adults_y2022_n_attached":97905,"adults_y2022_n_unattached":13017,"adults_y2022_n_total":110922,"adults_y2022_fsa_count":2,"adults_y2022_fsa_with_data":2,"adults_change_pct_attached":0.4563574478326444,"has_data":true,"name":"Vaughan—Woodbridge"}},
{"type":"Feature","geometry":{"type":"Polygon","coordinates":[[[-80.42244,43.47836],[-80.42261,43.47691],[-80.42619,43.47345],[-80.42723,43.4712],[-80.42146,43.46414],[-80.42033,43.46113],[-80.41497,43.458],[-80.41107,43.45698],[-80.40337,43.45686],[-80.39553,43.45524],[-80.3924,43.45245],[-80.39215,43.45027],[-80.38779,43.4436],[-80.37883,43.4468],[-80.37277,43.45097],[-80.35775,43.45528],[-80.35299,43.45917],[-80.34147,43.46103],[-80.33625,43.46401],[-80.31627,43.471],[-80.30593,43.47206],[-80.37382,43.53261],[-80.3672,43.56921],[-80.38301,43.5636],[-80.55747,43.68965],[-80.59554,43.66166],[-80.60811,43.58898],[-80.75458,43.64842],[-80.83807,43.5418],[-80.86902,43.49805],[-80.79555,43.46808],[-80.73723,43.40753],[-80.73579,43.35335],[-80.73492,43.31098],[-80.64221,43.32531],[-80.5036,43.3481],[-80.50593,43.35383],[-80.48143,43.35803],[-80.48154,43.36152],[-80.49195,43.39252],[-80.49473,43.39608],[-80.4973,43.40402],[-80.51412,43.41921],[-80.52158,43.42605],[-80.5302,43.43775],[-80.53683,43.43975],[-80.54241,43.44262],[-80.54516,43.44407],[-80.54733,43.44128],[-80.57357,43.43223],[-80.62609,43.47965],[-80.48066,43.53121],[-80.47865,43.527],[-80.4763,43.52487],[-80.46954,43.52234],[-80.46773,43.52056],[-80.4676,43.51851],[-80.46863,43.51723],[-80.47112,43.5163],[-80.48398,43.51605],[-80.48744,43.51328],[-80.49409,43.51229],[-80.49516,43.51116],[-80.49504,43.50837],[-80.4922,43.50227],[-80.49029,43.50176],[-80.48479,43.50263],[-80.47538,43.50479],[-80.47192,43.50681],[-80.46743,43.50623],[-80.46516,43.50358],[-80.46442,43.49998],[-80.46811,43.49621],[-80.47257,43.49369],[-80.47338,43.49138],[-80.47252,43.48872],[-80.47079,43.48686],[-80.46973,43.48718],[-80.46768,43.4845],[-80.46548,43.48536],[-80.46491,43.48447],[-80.46272,43.48522],[-80.4601,43.48406],[-80.45816,43.48281],[-80.45522,43.47731],[-80.44804,43.47666],[-80.44569,43.47709],[-80.43163,43.48227],[-80.42415,43.48103],[-80.42247,43.47981],[-80.42244,43.47836]]]},"properties":{"ed_id":48,"electoral_district":"Kitchener—Conestoga","electoral_district_fr":"Kitchener—Conestoga","overall_y2020_pct_attached":88.04882850954912,"overall_y2020_pct_unattached":11.951171490450877,"overall_y2020_n_attached":67080,"overall_y2020_n_unattached":9105,"overall_y2020_n_total":76185,"overall_y2020_fsa_count":4,"overall_y2020_fsa_with_data":4,"overall_y2022_pct_attached":85.58059101775088,"overall_y2022_pct_unattached":14.419408982249124,"overall_y2022_n_attached":67304,"overall_y2022_n_unattached":11340,"overall_y2022_n_total":78644,"overall_y2022_fsa_count":4,"overall_y2022_fsa_with_data":4,"overall_change_pct_attached":-2.4682374917982486,"children_y2020_pct_attached":94.53638035198318,"children_y2020_pct_unattached":5.463619648016811,"children_y2020_n_attached":14396,"children_y2020_n_unattached":832,"children_y2020_n_total":15228,"children_y2020_fsa_count":4,"children_y2020_fsa_with_data":4,"children_y2022_pct_attached":91.00174159840032,"children_y2022_pct_unattached":8.99825840159969,"children_y2022_n_attached":14108,"children_y2022_n_unattached":1395,"children_y2022_n_total":15503,"children_y2022_fsa_count":4,"children_y2022_fsa_with_data":4,"children_change_pct_attached":-3.5346387535828683,"adults_y2020_pct_attached":86.42813786767721,"adults_y2020_pct_unattached":13.571862132322785,"adults_y2020_n_attached":52684,"adults_y2020_n_unattached":8273,"adults_y2020_n_total":60957,"adults_y2020_fsa_count":4,"adults_y2020_fsa_with_data":4,"adults_y2022_pct_attached":84.24953675108091,"adults_y2022_pct_unattached":15.750463248919086,"adults_y2022_n_attached":53196,"adults_y2022_n_unattached":9945,"adults_y2022_n_total":63141,"adults_y2022_fsa_count":4,"adults_y2022_fsa_with_data":4,"adults_change_pct_attached":-2.1786011165962975,"has_data":true,"name":"Kitchener—Conestoga"}},
{"type":"Feature","geometry":{"type":"Polygon","coordinates":[[[-79.35035,43.65433],[-79.35475,43.65193],[-79.37173,43.64803],[-79.37649,43.64578],[-79.37696,43.64687],[-79.37912,43.64598],[-79.38375,43.65571],[-79.40374,43.65174],[-79.40558,43.65237],[-79.42076,43.64933],[-79.42474,43.64943],[-79.42141,43.64066],[-79.42652,43.64164],[-79.42722,43.64194],[-79.42808,43.64233],[-79.42541,43.63387],[-79.42866,43.63292],[-79.42487,43.62478],[-79.40611,43.62764],[-79.40453,43.62271],[-79.39588,43.61743],[-79.39313,43.61225],[-79.39016,43.60994],[-79.38719,43.60935],[-79.36298,43.61178],[-79.34647,43.61071],[-79.34761,43.62568],[-79.34915,43.63162],[-79.35957,43.64539],[-79.34729,43.65059],[-79.35035,43.65433]]]},"properties":{"ed_id":101,"electoral_district":"Spadina—Fort York","electoral_district_fr":"Spadina—Fort York","overall_y2020_pct_attached":77.82236818996101,"overall_y2020_pct_unattached":22.17763181003899,"overall_y2020_n_attached":88621,"overall_y2020_n_unattached":25255,"overall_y2020_n_total":113876,"overall_y2020_fsa_count":8,"overall_y2020_fsa_with_data":6,"overall_y2022_pct_attached":73.98449434142015,"overall_y2022_pct_unattached":26.01550565857985,"overall_y2022_n_attached":90085,"overall_y2022_n_unattached":31677,"overall_y2022_n_total":121762,"overall_y2022_fsa_count":8,"overall_y2022_fsa_with_data":6,"overall_change_pct_attached":-3.837873848540866,"children_y2020_pct_attached":86.3682398217541,"children_y2020_pct_unattached":13.6317601782459,"children_y2020_n_attached":8528,"children_y2020_n_unattached":1346,"children_y2020_n_total":9874,"children_y2020_fsa_count":8,"children_y2020_fsa_with_data":5,"children_y2022_pct_attached":78.34070371082484,"children_y2022_pct_unattached":21.65929628917516,"children_y2022_n_attached":8149,"children_y2022_n_unattached":2253,"children_y2022_n_total":10402,"children_y2022_fsa_count":8,"children_y2022_fsa_with_data":5,"children_change_pct_attached":-8.027536110929262,"adults_y2020_pct_attached":77.01169320716978,"adults_y2020_pct_unattached":22.98830679283022,"adults_y2020_n_attached":80086,"adults_y2020_n_unattached":23906,"adults_y2020_n_total":103992,"adults_y2020_fsa_count":8,"adults_y2020_fsa_with_data":6,"adults_y2022_pct_attached":73.57700942972609,"adults_y2022_pct_unattached":26.422990570273914,"adults_y2022_n_attached":81928,"adults_y2022_n_unattached":29422,"adults_y2022_n_total":111350,"adults_y2022_fsa_count":8,"adults_y2022_fsa_with_data":6,"adults_change_pct_attached":-3.434683777443695,"has_data":true,"name":"Spadina—Fort York"}},
{"type":"Feature","geometry":{"type":"Polygon","coordinates":[[[-79.46459,43.69216],[-79.46128,43.68323],[-79.46766,43.68189],[-79.46644,43.6806],[-79.47055,43.67969],[-79.46928,43.67663],[-79.46,43.66724],[-79.44232,43.64953],[-79.42808,43.64233],[-79.42722,43.64194],[-79.42652,43.64164],[-79.42141,43.64066],[-79.42474,43.64943],[-79.42076,43.64933],[-79.42942,43.67103],[-79.43463,43.68709],[-79.43824,43.68636],[-79.43868,43.68713],[-79.4461,43.68556],[-79.45027,43.69569],[-79.46459,43.69216]]]},"properties":{"ed_id":19,"electoral_district":"Davenport","electoral_district_fr":"Davenport","overall_y2020_pct_attached":82.23898787069815,"overall_y2020_pct_unattached":17.76101212930184,"overall_y2020_n_attached":70853,"overall_y2020_n_unattached":15302,"overall_y2020_n_total":86155,"overall_y2020_fsa_count":2,"overall_y2020_fsa_with_data":2,"overall_y2022_pct_attached":79.41543459836143,"overall_y2022_pct_unattached":20.58456540163857,"overall_y2022_n_attached":67465,"overall_y2022_n_unattached":17487,"overall_y2022_n_total":84952,"overall_y2022_fsa_count":2,"overall_y2022_fsa_with_data":2,"overall_change_pct_attached":-2.8235532723367243,"children_y2020_pct_attached":90.27446759437227,"children_y2020_pct_unattached":9.725532405627739,"children_y2020_n_attached":11742,"children_y2020_n_unattached":1265,"children_y2020_n_total":13007,"children_y2020_fsa_count":2,"children_y2020_fsa_with_data":2,"children_y2022_pct_attached":81.57957338831179,"children_y2022_pct_unattached":18.42042661168821,"children_y2022_n_attached":10288,"children_y2022_n_unattached":2323,"children_y2022_n_total":12611,"children_y2022_fsa_count":2,"children_y2022_fsa_with_data":2,"children_change_pct_attached":-8.694894206060482,"adults_y2020_pct_attached":80.81013834964729,"adults_y2020_pct_unattached":19.18986165035271,"adults_y2020_n_attached":59111,"adults_y2020_n_unattached":14037,"adults_y2020_n_total":73148,"adults_y2020_fsa_count":2,"adults_y2020_fsa_with_data":2,"adults_y2022_pct_attached":79.03816646161927,"adults_y2022_pct_unattached":20.961833538380723,"adults_y2022_n_attached":57177,"adults_y2022_n_unattached":15164,"adults_y2022_n_total":72341,"adults_y2022_fsa_count":2,"adults_y2022_fsa_with_data":2,"adults_change_pct_attached":-1.7719718880280197,"has_data":true,"name":"Davenport"}},
{"type":"Feature","geometry":{"type":"Polygon","coordinates":[[[-80.41385,43.00498],[-80.43145,43.05207],[-80.42945,43.05239],[-80.43413,43.06453],[-80.43622,43.06417],[-80.44541,43.08787],[-80.44469,43.08799],[-80.45026,43.10127],[-80.452,43.1014],[-80.46015,43.12384],[-80.46142,43.12386],[-80.48043,43.17196],[-80.43654,43.17939],[-80.45488,43.22484],[-80.5036,43.3481],[-80.64221,43.32531],[-80.73492,43.31098],[-80.73579,43.35335],[-80.8239,43.32483],[-80.82566,43.32801],[-80.83893,43.32851],[-80.83883,43.32358],[-80.84324,43.3236],[-80.84634,43.32454],[-80.84634,43.32062],[-80.84767,43.32059],[-80.84649,43.31773],[-80.94782,43.28693],[-81.05511,43.25547],[-81.13225,43.23144],[-81.03761,43.04608],[-81.02342,43.05046],[-80.99375,42.99264],[-80.98675,42.99267],[-80.9853,42.99109],[-80.98641,42.98881],[-80.98379,42.98895],[-80.98284,42.98789],[-80.98437,42.98617],[-80.98164,42.98654],[-80.97704,42.98573],[-80.97678,42.9865],[-80.97797,42.98696],[-80.97426,42.98993],[-80.97414,42.99392],[-80.97101,42.99359],[-80.97094,42.99474],[-80.96849,42.99483],[-80.96799,42.99546],[-80.96388,42.99493],[-80.96185,42.99744],[-80.95914,42.99715],[-80.95702,43.0015],[-80.95472,43.00213],[-80.95508,43.0033],[-80.95416,43.00422],[-80.95149,43.00419],[-80.9501,43.00496],[-80.94874,43.00913],[-80.94741,43.00962],[-80.93384,42.99939],[-80.92291,43.00081],[-80.87713,42.82957],[-80.76183,42.84648],[-80.74463,42.82395],[-80.72712,42.84568],[-80.72428,42.84595],[-80.72441,42.84394],[-80.72358,42.84376],[-80.72422,42.84223],[-80.71868,42.83534],[-80.71454,42.8372],[-80.71197,42.83382],[-80.7005,42.84841],[-80.70519,42.85454],[-80.50539,42.88408],[-80.54349,42.98485],[-80.42843,43.0032],[-80.41385,43.00498]]]},"properties":{"ed_id":82,"electoral_district":"Oxford","electoral_district_fr":"Oxford","overall_y2020_pct_attached":91.03738370272852,"overall_y2020_pct_unattached":8.96261629727148,"overall_y2020_n_attached":113408,"overall_y2020_n_unattached":11165,"overall_y2020_n_total":124573,"overall_y2020_fsa_count":6,"overall_y2020_fsa_with_data":6,"overall_y2022_pct_attached":89.7481294454537,"overall_y2022_pct_unattached":10.251870554546294,"overall_y2022_n_attached":116590,"overall_y2022_n_unattached":13318,"overall_y2022_n_total":129908,"overall_y2022_fsa_count":6,"overall_y2022_fsa_with_data":6,"overall_change_pct_attached":-1.2892542572748198,"children_y2020_pct_attached":92.18696560896828,"children_y2020_pct_unattached":7.8130343910317315,"children_y2020_n_attached":24259,"children_y2020_n_unattached":2056,"children_y2020_n_total":26315,"children_y2020_fsa_count":6,"children_y2020_fsa_with_data":6,"children_y2022_pct_attached":89.4761835184103,"children_y2022_pct_unattached":10.523816481589714,"children_y2022_n_attached":24495,"children_y2022_n_unattached":2881,"children_y2022_n_total":27376,"children_y2022_fsa_count":6,"children_y2022_fsa_with_data":6,"children_change_pct_attached":-2.7107820905579842,"adults_y2020_pct_attached":90.72950802988052,"adults_y2020_pct_unattached":9.270491970119481,"adults_y2020_n_attached":89149,"adults_y2020_n_unattached":9109,"adults_y2020_n_total":98258,"adults_y2020_fsa_count":6,"adults_y2020_fsa_with_data":6,"adults_y2022_pct_attached":89.82073889127297,"adults_y2022_pct_unattached":10.179261108727031,"adults_y2022_n_attached":92095,"adults_y2022_n_unattached":10437,"adults_y2022_n_total":102532,"adults_y2022_fsa_count":6,"adults_y2022_fsa_with_data":6,"adults_change_pct_attached":-0.9087691386075534,"has_data":true,"name":"Oxford"}},
{"type":"Feature","geometry":{"type":"Polygon","coordinates":[[[-79.1154,43.79468],[-79.11152,43.79722],[-79.11121,43.79651],[-79.10839,43.79765],[-79.1076,43.80026],[-79.10702,43.7995],[-79.10316,43.80307],[-79.10375,43.80438],[-79.1028,43.8054],[-79.09329,43.81184],[-79.09111,43.81221],[-79.08999,43.80959],[-79.08885,43.80969],[-79.08925,43.81242],[-79.08862,43.80971],[-79.08795,43.80977],[-79.08842,43.81248],[-79.0875,43.80981],[-79.08811,43.81246],[-79.08705,43.81259],[-79.08626,43.80993],[-79.07898,43.80946],[-79.08025,43.81233],[-79.07687,43.81165],[-79.0755,43.80843],[-79.07797,43.80536],[-79.0711,43.80245],[-79.06862,43.80553],[-79.06098,43.80231],[-79.05799,43.80439],[-79.05943,43.80779],[-79.05684,43.80854],[-79.05649,43.80772],[-79.05208,43.80949],[-79.05252,43.81054],[-79.0513,43.81155],[-79.04392,43.81567],[-79.0387,43.81605],[-79.0516,43.84571],[-79.0609,43.84226],[-79.06677,43.85499],[-79.06787,43.85461],[-79.06988,43.85539],[-79.06954,43.85374],[-79.07067,43.85383],[-79.07126,43.85301],[-79.07836,43.87021],[-79.06977,43.87534],[-79.07799,43.89458],[-79.08265,43.8927],[-79.08704,43.90383],[-79.08792,43.90364],[-79.08817,43.90429],[-79.00852,43.92246],[-79.04728,44.00925],[-79.12249,44.18329],[-79.15613,44.26314],[-79.32802,44.2233],[-79.27617,44.10127],[-79.22476,43.98316],[-79.214,43.95229],[-79.17027,43.85545],[-79.15156,43.81413],[-79.14644,43.81136],[-79.14579,43.81017],[-79.14399,43.81004],[-79.14329,43.81075],[-79.14283,43.80965],[-79.13786,43.80763],[-79.13549,43.80808],[-79.13387,43.8064],[-79.1344,43.80482],[-79.13342,43.80316],[-79.13513,43.80098],[-79.13095,43.80183],[-79.12791,43.80048],[-79.1254,43.80027],[-79.1242,43.79917],[-79.12431,43.79761],[-79.12186,43.79747],[-79.12039,43.79623],[-79.12117,43.79484],[-79.1154,43.79468]]]},"properties":{"ed_id":87,"electoral_district":"Pickering—Uxbridge","electoral_district_fr":"Pickering—Uxbridge","overall_y2020_pct_attached":91.36390559694333,"overall_y2020_pct_unattached":8.636094403056669,"overall_y2020_n_attached":109517,"overall_y2020_n_unattached":10352,"overall_y2020_n_total":119869,"overall_y2020_fsa_count":6,"overall_y2020_fsa_with_data":6,"overall_y2022_pct_attached":89.39774668243332,"overall_y2022_pct_unattached":10.60225331756668,"overall_y2022_n_attached":108865,"overall_y2022_n_unattached":12911,"overall_y2022_n_total":121776,"overall_y2022_fsa_count":6,"overall_y2022_fsa_with_data":6,"overall_change_pct_attached":-1.9661589145100038,"children_y2020_pct_attached":95.30177567196564,"children_y2020_pct_unattached":4.698224328034362,"children_y2020_n_attached":21522,"children_y2020_n_unattached":1061,"children_y2020_n_total":22583,"children_y2020_fsa_count":6,"children_y2020_fsa_with_data":6,"children_y2022_pct_attached":89.91516620498615,"children_y2022_pct_unattached":10.08483379501385,"children_y2022_n_attached":20774,"children_y2022_n_unattached":2330,"children_y2022_n_total":23104,"children_y2022_fsa_count":6,"children_y2022_fsa_with_data":6,"children_change_pct_attached":-5.386609466979493,"adults_y2020_pct_attached":90.44980778323706,"adults_y2020_pct_unattached":9.550192216762946,"adults_y2020_n_attached":87995,"adults_y2020_n_unattached":9291,"adults_y2020_n_total":97286,"adults_y2020_fsa_count":6,"adults_y2020_fsa_with_data":6,"adults_y2022_pct_attached":89.27659315712664,"adults_y2022_pct_unattached":10.723406842873358,"adults_y2022_n_attached":88091,"adults_y2022_n_unattached":10581,"adults_y2022_n_total":98672,"adults_y2022_fsa_count":6,"adults_y2022_fsa_with_data":6,"adults_change_pct_attached":-1.173214626110422,"has_data":true,"name":"Pickering—Uxbridge"}},
{"type":"Feature","geometry":{"type":"Polygon","coordinates":[[[-79.71289,44.16597],[-79.70977,44.15359],[-79.70686,44.15421],[-79.69131,44.09295],[-79.68792,44.08102],[-79.68706,44.08119],[-79.68389,44.06879],[-79.68485,44.06858],[-79.68167,44.05615],[-79.68083,44.0563],[-79.67921,44.05051],[-79.67765,44.04412],[-79.67869,44.04388],[-79.67541,44.03146],[-79.67434,44.03163],[-79.671,44.0194],[-79.6718,44.01923],[-79.67016,44.01293],[-79.6044,44.02699],[-79.53571,44.04261],[-79.52222,44.04427],[-79.51481,44.04724],[-79.50622,44.04919],[-79.51081,44.06733],[-79.45154,44.08008],[-79.42389,44.0869],[-79.42168,44.07971],[-79.42024,44.06843],[-79.27617,44.10127],[-79.32802,44.2233],[-79.15613,44.26314],[-79.23872,44.44865],[-79.24113,44.44953],[-79.24408,44.44832],[-79.2484,44.44953],[-79.25189,44.45195],[-79.25205,44.45312],[-79.25048,44.45317],[-79.24907,44.45528],[-79.24263,44.45802],[-79.44243,44.42107],[-79.5091,44.40865],[-79.51144,44.2132],[-79.51419,44.20645],[-79.51966,44.20666],[-79.52187,44.20819],[-79.6436,44.18045],[-79.71289,44.16597]]]},"properties":{"ed_id":121,"electoral_district":"York—Simcoe","electoral_district_fr":"York—Simcoe","overall_y2020_pct_attached":92.40501391308871,"overall_y2020_pct_unattached":7.594986086911295,"overall_y2020_n_attached":142130,"overall_y2020_n_unattached":11682,"overall_y2020_n_total":153812,"overall_y2020_fsa_count":5,"overall_y2020_fsa_with_data":5,"overall_y2022_pct_attached":89.47348424885232,"overall_y2022_pct_unattached":10.526515751147697,"overall_y2022_n_attached":141301,"overall_y2022_n_unattached":16624,"overall_y2022_n_total":157925,"overall_y2022_fsa_count":5,"overall_y2022_fsa_with_data":5,"overall_change_pct_attached":-2.9315296642363933,"children_y2020_pct_attached":96.31325544594458,"children_y2020_pct_unattached":3.686744554055419,"children_y2020_n_attached":28606,"children_y2020_n_unattached":1095,"children_y2020_n_total":29701,"children_y2020_fsa_count":5,"children_y2020_fsa_with_data":5,"children_y2022_pct_attached":91.7885703140238,"children_y2022_pct_unattached":8.211429685976205,"children_y2022_n_attached":28236,"children_y2022_n_unattached":2526,"children_y2022_n_total":30762,"children_y2022_fsa_count":5,"children_y2022_fsa_with_data":5,"children_change_pct_attached":-4.524685131920776,"adults_y2020_pct_attached":91.46973273924148,"adults_y2020_pct_unattached":8.530267260758514,"adults_y2020_n_attached":113524,"adults_y2020_n_unattached":10587,"adults_y2020_n_total":124111,"adults_y2020_fsa_count":5,"adults_y2020_fsa_with_data":5,"adults_y2022_pct_attached":88.9134418030402,"adults_y2022_pct_unattached":11.086558196959807,"adults_y2022_n_attached":113065,"adults_y2022_n_unattached":14098,"adults_y2022_n_total":127163,"adults_y2022_fsa_count":5,"adults_y2022_fsa_with_data":5,"adults_change_pct_attached":-2.556290936201279,"has_data":true,"name":"York—Simcoe"}},
{"type":"Feature","geometry":{"type":"Polygon","coordinates":[[[-81.39674,44.54031],[-81.39968,44.53526],[-81.41323,44.51908],[-81.43601,44.49817],[-81.44755,44.49129],[-81.47085,44.48193],[-81.48881,44.47218],[-81.49646,44.46669],[-81.49914,44.46604],[-81.55063,44.42359],[-81.6283,44.34576],[-81.64051,44.32201],[-81.66059,44.25008],[-81.68327,44.19765],[-81.68963,44.18795],[-81.71073,44.1654],[-81.73677,44.1344],[-81.75375,44.10695],[-81.76126,44.09145],[-81.76639,44.07232],[-81.76536,44.05309],[-81.76434,44.04601],[-81.75889,44.03057],[-81.75267,44.01431],[-81.74673,44.00195],[-81.74776,43.99337],[-81.74674,43.97963],[-81.74066,43.94074],[-81.74075,43.93411],[-81.73555,43.89378],[-81.73532,43.86641],[-81.74033,43.81549],[-81.73892,43.79994],[-81.73996,43.79445],[-81.73286,43.76144],[-81.73255,43.74986],[-81.73663,43.74543],[-81.7397,43.73614],[-81.74038,43.71473],[-81.74169,43.70459],[-81.73881,43.6955],[-81.73491,43.67325],[-81.72205,43.54859],[-81.71975,43.50083],[-81.71851,43.49719],[-81.72502,43.47751],[-81.72968,43.46895],[-81.73497,43.45271],[-81.73981,43.39602],[-81.74579,43.36599],[-81.75378,43.3421],[-81.76988,43.32203],[-81.74317,43.3107],[-81.74616,43.30695],[-81.75293,43.30745],[-81.75503,43.2931],[-81.76258,43.2936],[-81.76227,43.2889],[-81.76109,43.28726],[-81.76363,43.28437],[-81.76379,43.28273],[-81.76232,43.28105],[-81.76259,43.27874],[-81.76023,43.27605],[-81.76216,43.27555],[-81.76297,43.27396],[-81.76874,43.27191],[-81.76825,43.2705],[-81.76994,43.26884],[-81.76949,43.2669],[-81.7673,43.26514],[-81.76994,43.26223],[-81.77142,43.26172],[-81.77235,43.25997],[-81.76927,43.25652],[-81.77173,43.25564],[-81.77737,43.24879],[-81.77587,43.24046],[-81.77402,43.23848],[-81.77371,43.2363],[-81.46526,43.27066],[-81.46891,43.2889],[-81.43107,43.29304],[-81.3637,43.26381],[-81.28681,43.35601],[-81.29684,43.36055],[-81.30108,43.38164],[-81.33727,43.3777],[-81.44311,43.42406],[-81.34982,43.53456],[-81.28457,43.50619],[-81.18317,43.62861],[-81.1474,43.61395],[-81.0312,43.76352],[-81.09744,43.79048],[-81.08493,43.80647],[-80.9544,43.82209],[-80.99157,43.98643],[-80.98922,43.98672],[-81.02777,44.14067],[-81.03277,44.14073],[-81.03314,44.14186],[-81.03841,44.14109],[-81.04126,44.15121],[-81.03617,44.15145],[-81.03852,44.15983],[-81.03339,44.16058],[-81.06942,44.28837],[-81.26651,44.2591],[-81.32352,44.45837],[-81.31983,44.46025],[-81.31883,44.46333],[-81.31176,44.47237],[-81.31119,44.47469],[-81.31495,44.48802],[-81.318,44.48979],[-81.32279,44.48655],[-81.3256,44.48736],[-81.32623,44.48849],[-81.32051,44.49386],[-81.32005,44.49644],[-81.32317,44.49924],[-81.32816,44.5005],[-81.32886,44.50411],[-81.3301,44.50488],[-81.33434,44.5042],[-81.33621,44.50462],[-81.33953,44.50877],[-81.3449,44.50903],[-81.34507,44.51378],[-81.39674,44.54031]]]},"properties":{"ed_id":42,"electoral_district":"Huron—Bruce","electoral_district_fr":"Huron—Bruce","overall_y2020_pct_attached":91.23087525844245,"overall_y2020_pct_unattached":8.769124741557546,"overall_y2020_n_attached":99282,"overall_y2020_n_unattached":9543,"overall_y2020_n_total":108825,"overall_y2020_fsa_count":3,"overall_y2020_fsa_with_data":3,"overall_y2022_pct_attached":89.68270774877794,"overall_y2022_pct_unattached":10.317292251222051,"overall_y2022_n_attached":101641,"overall_y2022_n_unattached":11693,"overall_y2022_n_total":113334,"overall_y2022_fsa_count":3,"overall_y2022_fsa_with_data":3,"overall_change_pct_attached":-1.5481675096645091,"children_y2020_pct_attached":93.63620135665833,"children_y2020_pct_unattached":6.3637986433416645,"children_y2020_n_attached":20982,"children_y2020_n_unattached":1426,"children_y2020_n_total":22408,"children_y2020_fsa_count":3,"children_y2020_fsa_with_data":3,"children_y2022_pct_attached":91.19579500657031,"children_y2022_pct_unattached":8.804204993429698,"children_y2022_n_attached":21514,"children_y2022_n_unattached":2077,"children_y2022_n_total":23591,"children_y2022_fsa_count":3,"children_y2022_fsa_with_data":3,"children_change_pct_attached":-2.4404063500880255,"adults_y2020_pct_attached":90.60717219991436,"adults_y2020_pct_unattached":9.392827800085632,"adults_y2020_n_attached":78300,"adults_y2020_n_unattached":8117,"adults_y2020_n_total":86417,"adults_y2020_fsa_count":3,"adults_y2020_fsa_with_data":3,"adults_y2022_pct_attached":89.28495815829646,"adults_y2022_pct_unattached":10.715041841703531,"adults_y2022_n_attached":80127,"adults_y2022_n_unattached":9616,"adults_y2022_n_total":89743,"adults_y2022_fsa_count":3,"adults_y2022_fsa_with_data":3,"adults_change_pct_attached":-1.3222140416178974,"has_data":true,"name":"Huron—Bruce"}},
{"type":"Feature","geometry":{"type":"Polygon","coordinates":[[[-80.74463,42.82395],[-80.76183,42.84648],[-80.87713,42.82957],[-80.92291,43.00081],[-80.93384,42.99939],[-80.94741,43.00962],[-80.94874,43.00913],[-80.9501,43.00496],[-80.95149,43.00419],[-80.95416,43.00422],[-80.95508,43.0033],[-80.95472,43.00213],[-80.95702,43.0015],[-80.95914,42.99715],[-80.96185,42.99744],[-80.96388,42.99493],[-80.96799,42.99546],[-80.96849,42.99483],[-80.97094,42.99474],[-80.97101,42.99359],[-80.97414,42.99392],[-80.97426,42.98993],[-80.97797,42.98696],[-80.97678,42.9865],[-80.97704,42.98573],[-80.98164,42.98654],[-80.98437,42.98617],[-80.98284,42.98789],[-80.98379,42.98895],[-80.98641,42.98881],[-80.9853,42.99109],[-80.98675,42.99267],[-80.99375,42.99264],[-81.02342,43.05046],[-81.03761,43.04608],[-81.13225,43.23144],[-81.22444,43.20334],[-81.2413,43.19834],[-81.24151,43.19634],[-81.17886,43.07434],[-81.18731,43.07278],[-81.18961,43.07131],[-81.18966,43.0698],[-81.17173,43.05445],[-81.16801,43.05294],[-81.16601,43.04916],[-81.15032,43.05372],[-81.14773,43.0485],[-81.13195,43.05326],[-81.12672,43.04273],[-81.13458,43.04031],[-81.12632,43.02364],[-81.12993,43.02249],[-81.1286,43.01997],[-81.12944,43.01902],[-81.12899,43.01811],[-81.12713,43.01867],[-81.12037,43.00562],[-81.11549,43.00381],[-81.11459,43.00204],[-81.12483,42.99883],[-81.12176,42.99288],[-81.12953,42.99056],[-81.12903,42.98766],[-81.1307,42.98561],[-81.12956,42.98591],[-81.13054,42.98458],[-81.13036,42.98268],[-81.13149,42.98212],[-81.12998,42.97812],[-81.12663,42.97978],[-81.12456,42.9792],[-81.12447,42.97739],[-81.12248,42.97677],[-81.11651,42.95321],[-81.11551,42.95328],[-81.11332,42.94457],[-81.1682,42.93881],[-81.19032,42.93416],[-81.20091,42.93095],[-81.20982,42.92662],[-81.24788,42.92324],[-81.25209,42.94128],[-81.25802,42.94071],[-81.35292,42.93391],[-81.35379,42.93473],[-81.35284,42.93657],[-81.35353,42.93787],[-81.3563,42.93774],[-81.35598,42.93867],[-81.35812,42.93979],[-81.35805,42.94055],[-81.3592,42.94026],[-81.35983,42.94149],[-81.36017,42.94087],[-81.36267,42.94102],[-81.36473,42.94272],[-81.36825,42.94127],[-81.36962,42.9426],[-81.37053,42.94144],[-81.36934,42.94089],[-81.3689,42.93898],[-81.36649,42.93877],[-81.36619,42.93652],[-81.36938,42.93523],[-81.37139,42.93533],[-81.37325,42.93644],[-81.3755,42.93579],[-81.37517,42.93687],[-81.37637,42.93696],[-81.37806,42.93627],[-81.37788,42.93435],[-81.37241,42.92244],[-81.35921,42.92553],[-81.35689,42.91919],[-81.35931,42.91861],[-81.35857,42.91659],[-81.3549,42.91694],[-81.35402,42.91522],[-81.34742,42.91565],[-81.34468,42.90939],[-81.34843,42.9085],[-81.33574,42.87929],[-81.33248,42.88009],[-81.33064,42.87624],[-81.31319,42.8799],[-81.31275,42.87889],[-81.30087,42.88177],[-81.29939,42.87831],[-81.3051,42.87689],[-81.30362,42.87337],[-81.29789,42.87474],[-81.2857,42.84605],[-81.27929,42.84765],[-81.29054,42.83441],[-81.30131,42.82612],[-81.30063,42.82452],[-81.43628,42.79032],[-81.43363,42.77826],[-81.43207,42.77794],[-81.4282,42.77976],[-81.42692,42.78234],[-81.42232,42.78247],[-81.42164,42.77845],[-81.41878,42.77507],[-81.41907,42.77427],[-81.42994,42.77236],[-81.44408,42.7736],[-81.46066,42.7738],[-81.46457,42.7757],[-81.46533,42.78026],[-81.46852,42.78218],[-81.47116,42.78539],[-81.47307,42.78448],[-81.48141,42.78382],[-81.48602,42.77986],[-81.48662,42.77694],[-81.48405,42.77058],[-81.48282,42.76968],[-81.47961,42.7706],[-81.47797,42.77007],[-81.47774,42.76571],[-81.47254,42.7563],[-81.47366,42.75331],[-81.47733,42.75361],[-81.48155,42.75617],[-81.48394,42.75613],[-81.49037,42.75397],[-81.49878,42.75562],[-81.50904,42.76436],[-81.51691,42.76628],[-81.52049,42.76548],[-81.52722,42.76191],[-81.5328,42.76029],[-81.53421,42.75843],[-81.53391,42.75592],[-81.53202,42.75309],[-81.52883,42.75243],[-81.52194,42.75324],[-81.52039,42.75219],[-81.52056,42.74989],[-81.52261,42.74893],[-81.52948,42.74921],[-81.53426,42.74545],[-81.53397,42.74313],[-81.53518,42.74151],[-81.54158,42.7385],[-81.54804,42.73674],[-81.55158,42.7367],[-81.55433,42.73789],[-81.55531,42.74264],[-81.56022,42.7466],[-81.56305,42.74731],[-81.56912,42.74648],[-81.571,42.74532],[-81.57172,42.74279],[-81.5703,42.73979],[-81.56819,42.73793],[-81.56418,42.73812],[-81.5637,42.7375],[-81.56608,42.73428],[-81.56895,42.7343],[-81.57202,42.73627],[-81.57384,42.736],[-81.57404,42.7328],[-81.57861,42.73131],[-81.58747,42.72599],[-81.59049,42.72636],[-81.59389,42.72841],[-81.60066,42.72823],[-81.60298,42.72668],[-81.60358,42.72469],[-81.59996,42.72121],[-81.60016,42.71882],[-81.59898,42.71568],[-81.60002,42.71165],[-81.60162,42.7103],[-81.60549,42.70951],[-81.61382,42.71004],[-81.61567,42.70917],[-81.61849,42.70079],[-81.61607,42.69584],[-81.61737,42.69438],[-81.62216,42.6926],[-81.62463,42.69072],[-81.62485,42.68633],[-81.62857,42.68289],[-81.63615,42.68198],[-81.64397,42.68477],[-81.64975,42.69131],[-81.65174,42.69659],[-81.65432,42.69757],[-81.6651,42.69908],[-81.67034,42.70257],[-81.67465,42.70185],[-81.6785,42.69947],[-81.68614,42.69644],[-81.68706,42.69416],[-81.68621,42.69127],[-81.68073,42.68557],[-81.6806,42.68233],[-81.67889,42.67968],[-81.68085,42.67432],[-81.68252,42.67267],[-81.68542,42.67191],[-81.68906,42.67318],[-81.704,42.67439],[-81.71108,42.66869],[-81.71519,42.66762],[-81.71679,42.6663],[-81.71683,42.66434],[-81.71501,42.66145],[-81.7086,42.66126],[-81.70799,42.66061],[-81.71054,42.65638],[-81.71159,42.65141],[-81.70906,42.65056],[-81.70637,42.65182],[-81.6978,42.65047],[-81.70019,42.64526],[-81.70408,42.64381],[-81.70343,42.64107],[-81.70149,42.64051],[-81.70239,42.63879],[-81.708,42.64215],[-81.71197,42.6396],[-81.71432,42.6399],[-81.72062,42.6463],[-81.72056,42.64794],[-81.71874,42.65055],[-81.71945,42.65131],[-81.72285,42.65248],[-81.72643,42.65634],[-81.73166,42.65799],[-81.7342,42.66123],[-81.73676,42.66169],[-81.7384,42.66065],[-81.74119,42.65592],[-81.74702,42.65515],[-81.74986,42.65206],[-81.75669,42.64995],[-81.75976,42.64592],[-81.76502,42.64468],[-81.76723,42.64485],[-81.76942,42.64565],[-81.77116,42.64797],[-81.77468,42.64737],[-81.7763,42.64381],[-81.78034,42.64002],[-81.77657,42.63443],[-81.77691,42.63347],[-81.78172,42.63327],[-81.78182,42.63033],[-81.78294,42.62875],[-81.78445,42.62768],[-81.79249,42.6256],[-81.79487,42.62208],[-81.79884,42.62116],[-81.80079,42.61863],[-81.8008,42.61372],[-81.80502,42.61032],[-81.80893,42.60828],[-81.81312,42.60744],[-81.82445,42.61151],[-81.82678,42.61165],[-81.83467,42.60805],[-81.62338,42.43652],[-81.50246,42.50125],[-81.47416,42.50561],[-81.43163,42.50975],[-81.33186,42.51782],[-81.26519,42.52181],[-81.15818,42.52661],[-81.13578,42.52683],[-81.12165,42.52629],[-81.10655,42.52469],[-81.07903,42.52382],[-81.03886,42.52132],[-81.00745,42.52073],[-80.72369,42.50781],[-80.71833,42.71265],[-80.71742,42.7886],[-80.74463,42.82395]]]},"properties":{"ed_id":26,"electoral_district":"Elgin—Middlesex—London","electoral_district_fr":"Elgin—Middlesex—London","overall_y2020_pct_attached":89.87083120484566,"overall_y2020_pct_unattached":10.129168795154346,"overall_y2020_n_attached":123150,"overall_y2020_n_unattached":13880,"overall_y2020_n_total":137030,"overall_y2020_fsa_count":8,"overall_y2020_fsa_with_data":8,"overall_y2022_pct_attached":88.06949134839675,"overall_y2022_pct_unattached":11.930508651603244,"overall_y2022_n_attached":126481,"overall_y2022_n_unattached":17134,"overall_y2022_n_total":143615,"overall_y2022_fsa_count":8,"overall_y2022_fsa_with_data":8,"overall_change_pct_attached":-1.8013398564489052,"children_y2020_pct_attached":91.68841109139618,"children_y2020_pct_unattached":8.311588908603834,"children_y2020_n_attached":26354,"children_y2020_n_unattached":2389,"children_y2020_n_total":28743,"children_y2020_fsa_count":8,"children_y2020_fsa_with_data":8,"children_y2022_pct_attached":87.16240845677171,"children_y2022_pct_unattached":12.837591543228285,"children_y2022_n_attached":26303,"children_y2022_n_unattached":3874,"children_y2022_n_total":30177,"children_y2022_fsa_count":8,"children_y2022_fsa_with_data":8,"children_change_pct_attached":-4.5260026346244615,"adults_y2020_pct_attached":89.38838457063176,"adults_y2020_pct_unattached":10.611615429368253,"adults_y2020_n_attached":96796,"adults_y2020_n_unattached":11491,"adults_y2020_n_total":108287,"adults_y2020_fsa_count":8,"adults_y2020_fsa_with_data":8,"adults_y2022_pct_attached":88.31079532431812,"adults_y2022_pct_unattached":11.68920467568187,"adults_y2022_n_attached":100178,"adults_y2022_n_unattached":13260,"adults_y2022_n_total":113438,"adults_y2022_fsa_count":8,"adults_y2022_fsa_with_data":8,"adults_change_pct_attached":-1.0775892463136358,"has_data":true,"name":"Elgin—Middlesex—London"}},
{"type":"Feature","geometry":{"type":"Polygon","coordinates":[[[-82.50973,42.63962],[-82.51864,42.61413],[-82.5234,42.6074],[-82.54919,42.59115],[-82.55346,42.58505],[-82.56028,42.57917],[-82.56868,42.57402],[-82.58033,42.56408],[-82.58397,42.55388],[-82.59115,42.5499],[-82.60546,42.54849],[-82.61055,42.5498],[-82.61667,42.55432],[-82.62396,42.55691],[-82.63305,42.55702],[-82.64121,42.5548],[-82.65461,42.54682],[-82.66239,42.54121],[-82.66917,42.5319],[-82.80346,42.39815],[-82.58865,42.39736],[-82.55083,42.39761],[-82.45912,42.32303],[-82.4538,42.31891],[-82.44884,42.31707],[-82.44083,42.31717],[-82.42743,42.3245],[-82.42184,42.32861],[-82.41781,42.33779],[-82.41181,42.34059],[-82.40785,42.34001],[-82.4032,42.33696],[-82.39598,42.33646],[-82.39083,42.33373],[-82.38767,42.33357],[-82.38009,42.33813],[-82.37586,42.33918],[-82.37324,42.34237],[-82.37183,42.34261],[-82.36712,42.3409],[-82.35852,42.34169],[-82.35806,42.34736],[-82.35321,42.3496],[-82.33825,42.34809],[-82.33499,42.34862],[-82.33201,42.35072],[-82.33012,42.35094],[-82.32526,42.34825],[-82.32323,42.34958],[-82.32082,42.35476],[-82.31386,42.35902],[-82.31084,42.36186],[-82.30846,42.36211],[-82.30456,42.3608],[-82.30138,42.36424],[-82.29934,42.36504],[-82.28666,42.3675],[-82.28124,42.36735],[-82.27995,42.36943],[-82.28086,42.37307],[-82.27973,42.374],[-82.27299,42.37373],[-82.26661,42.37624],[-82.26372,42.37528],[-82.26202,42.37553],[-82.25762,42.37991],[-82.25069,42.38185],[-82.25132,42.38702],[-82.25001,42.38846],[-82.245,42.38864],[-82.24015,42.38644],[-82.23062,42.38835],[-82.22747,42.39141],[-82.22278,42.39275],[-82.23902,42.40552],[-82.21698,42.42049],[-82.22099,42.42365],[-82.19396,42.44372],[-82.18896,42.43972],[-82.18968,42.43922],[-82.16428,42.41885],[-82.16266,42.41924],[-82.15548,42.42455],[-82.1494,42.42341],[-82.14866,42.42464],[-82.14967,42.42866],[-82.14911,42.4305],[-82.14597,42.43219],[-82.14431,42.43505],[-82.13904,42.4363],[-82.14049,42.44069],[-82.13741,42.44499],[-82.13668,42.4485],[-82.13001,42.45458],[-82.12827,42.45812],[-82.12259,42.45627],[-82.12183,42.45737],[-82.12257,42.46132],[-82.11726,42.46274],[-82.12282,42.47184],[-82.12033,42.4727],[-82.11674,42.47612],[-82.11223,42.48272],[-82.10877,42.48361],[-82.10531,42.48607],[-82.10147,42.48459],[-82.09957,42.48484],[-82.09388,42.48927],[-82.09051,42.4891],[-82.09028,42.49038],[-82.09237,42.49236],[-82.09152,42.49322],[-82.08184,42.49388],[-82.0794,42.4947],[-82.07767,42.49774],[-82.08074,42.49965],[-82.07844,42.50244],[-82.08246,42.50556],[-82.07716,42.50905],[-82.07351,42.51017],[-82.07102,42.51463],[-82.06564,42.51363],[-82.05758,42.51727],[-82.05608,42.51639],[-82.05657,42.51394],[-82.05556,42.51318],[-82.05416,42.51334],[-82.05102,42.51754],[-82.04436,42.51714],[-82.04307,42.52034],[-82.04305,42.52388],[-82.0451,42.52771],[-82.04433,42.52937],[-82.04327,42.5295],[-82.03945,42.52718],[-82.03514,42.52606],[-82.03279,42.52425],[-82.03065,42.52481],[-82.02937,42.52613],[-82.02575,42.52417],[-82.02189,42.52548],[-82.01451,42.52573],[-82.00966,42.52901],[-82.00928,42.53124],[-82.00485,42.5358],[-82.00145,42.53636],[-82.00146,42.5381],[-82.00558,42.54173],[-82.00625,42.54395],[-81.99846,42.54473],[-81.99275,42.54921],[-81.99077,42.54705],[-81.98671,42.54538],[-81.98844,42.54367],[-81.9884,42.54173],[-81.98702,42.54069],[-81.98439,42.54099],[-81.98237,42.53991],[-81.98352,42.5364],[-81.98263,42.53562],[-81.98066,42.53572],[-81.97065,42.5427],[-81.95801,42.55416],[-81.95093,42.55802],[-81.93033,42.56176],[-81.92946,42.56285],[-81.92963,42.56545],[-81.92813,42.5664],[-81.92129,42.56729],[-81.91758,42.56643],[-81.9155,42.56867],[-81.91094,42.56999],[-81.90888,42.56831],[-81.90904,42.56574],[-81.90712,42.5657],[-81.9041,42.56853],[-81.90413,42.57096],[-81.90275,42.57341],[-81.90025,42.575],[-81.89799,42.57485],[-81.89723,42.57576],[-81.89754,42.57803],[-81.89901,42.57904],[-81.9007,42.57908],[-81.90341,42.57696],[-81.90601,42.57723],[-81.90658,42.58033],[-81.90536,42.58306],[-81.89827,42.58785],[-81.89495,42.58618],[-81.89258,42.58277],[-81.89134,42.5825],[-81.88936,42.58336],[-81.88694,42.58582],[-81.88483,42.59096],[-81.87818,42.59793],[-81.87458,42.60017],[-81.86741,42.60157],[-81.86017,42.59948],[-81.85224,42.59918],[-81.84688,42.60092],[-81.84399,42.60474],[-81.83467,42.60805],[-81.82678,42.61165],[-81.82445,42.61151],[-81.81312,42.60744],[-81.80893,42.60828],[-81.80502,42.61032],[-81.8008,42.61372],[-81.80079,42.61863],[-81.79884,42.62116],[-81.79487,42.62208],[-81.79249,42.6256],[-81.78445,42.62768],[-81.78294,42.62875],[-81.78182,42.63033],[-81.78172,42.63327],[-81.77691,42.63347],[-81.77657,42.63443],[-81.78034,42.64002],[-81.7763,42.64381],[-81.77468,42.64737],[-81.77116,42.64797],[-81.76942,42.64565],[-81.76723,42.64485],[-81.76502,42.64468],[-81.75976,42.64592],[-81.75669,42.64995],[-81.74986,42.65206],[-81.74702,42.65515],[-81.74119,42.65592],[-81.7384,42.66065],[-81.73676,42.66169],[-81.7342,42.66123],[-81.73166,42.65799],[-81.72643,42.65634],[-81.72285,42.65248],[-81.71945,42.65131],[-81.71874,42.65055],[-81.72056,42.64794],[-81.72062,42.6463],[-81.71432,42.6399],[-81.71197,42.6396],[-81.708,42.64215],[-81.70239,42.63879],[-81.70149,42.64051],[-81.70343,42.64107],[-81.70408,42.64381],[-81.70019,42.64526],[-81.6978,42.65047],[-81.70637,42.65182],[-81.70906,42.65056],[-81.71159,42.65141],[-81.71054,42.65638],[-81.70799,42.66061],[-81.7086,42.66126],[-81.71501,42.66145],[-81.71683,42.66434],[-81.71679,42.6663],[-81.71519,42.66762],[-81.71108,42.66869],[-81.704,42.67439],[-81.68906,42.67318],[-81.68542,42.67191],[-81.68252,42.67267],[-81.68085,42.67432],[-81.67889,42.67968],[-81.6806,42.68233],[-81.68073,42.68557],[-81.68621,42.69127],[-81.68706,42.69416],[-81.68614,42.69644],[-81.6785,42.69947],[-81.67465,42.70185],[-81.67034,42.70257],[-81.6651,42.69908],[-81.65432,42.69757],[-81.65174,42.69659],[-81.64975,42.69131],[-81.64397,42.68477],[-81.63615,42.68198],[-81.62857,42.68289],[-81.62485,42.68633],[-81.62463,42.69072],[-81.62216,42.6926],[-81.61737,42.69438],[-81.61607,42.69584],[-81.61849,42.70079],[-81.61567,42.70917],[-81.61382,42.71004],[-81.60549,42.70951],[-81.60162,42.7103],[-81.60002,42.71165],[-81.59898,42.71568],[-81.60016,42.71882],[-81.59996,42.72121],[-81.60358,42.72469],[-81.60298,42.72668],[-81.60066,42.72823],[-81.59389,42.72841],[-81.59049,42.72636],[-81.58747,42.72599],[-81.57861,42.73131],[-81.57404,42.7328],[-81.57384,42.736],[-81.57202,42.73627],[-81.56895,42.7343],[-81.56608,42.73428],[-81.5637,42.7375],[-81.56418,42.73812],[-81.56819,42.73793],[-81.5703,42.73979],[-81.57172,42.74279],[-81.571,42.74532],[-81.56912,42.74648],[-81.56305,42.74731],[-81.56022,42.7466],[-81.55531,42.74264],[-81.55433,42.73789],[-81.55158,42.7367],[-81.54804,42.73674],[-81.54158,42.7385],[-81.53518,42.74151],[-81.53397,42.74313],[-81.53426,42.74545],[-81.52948,42.74921],[-81.52261,42.74893],[-81.52056,42.74989],[-81.52039,42.75219],[-81.52194,42.75324],[-81.52883,42.75243],[-81.53202,42.75309],[-81.53391,42.75592],[-81.53421,42.75843],[-81.5328,42.76029],[-81.52722,42.76191],[-81.52049,42.76548],[-81.51691,42.76628],[-81.50904,42.76436],[-81.49878,42.75562],[-81.49037,42.75397],[-81.48394,42.75613],[-81.48155,42.75617],[-81.47733,42.75361],[-81.47366,42.75331],[-81.47254,42.7563],[-81.47774,42.76571],[-81.47797,42.77007],[-81.47961,42.7706],[-81.48282,42.76968],[-81.48405,42.77058],[-81.48662,42.77694],[-81.48602,42.77986],[-81.48141,42.78382],[-81.47307,42.78448],[-81.47116,42.78539],[-81.46852,42.78218],[-81.46533,42.78026],[-81.46457,42.7757],[-81.46066,42.7738],[-81.44408,42.7736],[-81.42994,42.77236],[-81.41907,42.77427],[-81.41878,42.77507],[-81.42164,42.77845],[-81.42232,42.78247],[-81.42692,42.78234],[-81.4282,42.77976],[-81.43207,42.77794],[-81.43363,42.77826],[-81.43628,42.79032],[-81.30063,42.82452],[-81.30131,42.82612],[-81.29054,42.83441],[-81.27929,42.84765],[-81.2857,42.84605],[-81.29789,42.87474],[-81.30362,42.87337],[-81.3051,42.87689],[-81.29939,42.87831],[-81.30087,42.88177],[-81.31275,42.87889],[-81.31319,42.8799],[-81.33064,42.87624],[-81.33248,42.88009],[-81.33574,42.87929],[-81.34843,42.9085],[-81.34468,42.90939],[-81.34742,42.91565],[-81.35402,42.91522],[-81.3549,42.91694],[-81.35857,42.91659],[-81.35931,42.91861],[-81.35689,42.91919],[-81.35921,42.92553],[-81.37241,42.92244],[-81.37788,42.93435],[-81.38189,42.94308],[-81.38065,42.94332],[-81.38451,42.9518],[-81.38921,42.95428],[-81.38795,42.95808],[-81.39052,42.96245],[-81.39033,42.96372],[-81.38918,42.96508],[-81.38513,42.96679],[-81.38309,42.9689],[-81.37653,42.97128],[-81.36902,42.97937],[-81.36497,42.98211],[-81.36113,42.98298],[-81.35804,42.98534],[-81.35377,42.98672],[-81.35179,42.98654],[-81.34949,42.9851],[-81.34742,42.98179],[-81.35885,43.00442],[-81.36202,43.0102],[-81.36293,43.00993],[-81.36914,43.02186],[-81.31978,43.03622],[-81.2361,43.0608],[-81.19374,43.07305],[-81.19301,43.0716],[-81.19216,43.07219],[-81.18966,43.0698],[-81.18961,43.07131],[-81.18731,43.07278],[-81.17886,43.07434],[-81.24151,43.19634],[-81.2413,43.19834],[-81.22444,43.20334],[-81.3637,43.26381],[-81.43107,43.29304],[-81.46891,43.2889],[-81.46526,43.27066],[-81.77371,43.2363],[-81.77402,43.23848],[-81.77587,43.24046],[-81.77737,43.24879],[-81.77173,43.25564],[-81.76927,43.25652],[-81.77235,43.25997],[-81.77142,43.26172],[-81.76994,43.26223],[-81.7673,43.26514],[-81.76949,43.2669],[-81.76994,43.26884],[-81.76825,43.2705],[-81.76874,43.27191],[-81.76297,43.27396],[-81.76216,43.27555],[-81.76023,43.27605],[-81.76259,43.27874],[-81.76232,43.28105],[-81.76379,43.28273],[-81.76363,43.28437],[-81.76109,43.28726],[-81.76227,43.2889],[-81.76258,43.2936],[-81.75503,43.2931],[-81.75293,43.30745],[-81.74616,43.30695],[-81.74317,43.3107],[-81.76988,43.32203],[-81.89503,43.25181],[-81.90644,43.24844],[-81.98364,43.23547],[-81.99465,43.23673],[-82.29961,43.24047],[-82.33841,43.16287],[-82.02286,43.10733],[-82.02421,43.07652],[-82.001,43.07615],[-82.00597,42.93029],[-82.00451,42.75658],[-82.24011,42.76217],[-82.24533,42.62673],[-82.48269,42.63138],[-82.49958,42.63585],[-82.50973,42.63962]]]},"properties":{"ed_id":50,"electoral_district":"Lambton—Kent—Middlesex","electoral_district_fr":"Lambton—Kent—Middlesex","overall_y2020_pct_attached":91.73128201529718,"overall_y2020_pct_unattached":8.268717984702828,"overall_y2020_n_attached":104581,"overall_y2020_n_unattached":9427,"overall_y2020_n_total":114008,"overall_y2020_fsa_count":4,"overall_y2020_fsa_with_data":4,"overall_y2022_pct_attached":90.08713028899481,"overall_y2022_pct_unattached":9.912869711005174,"overall_y2022_n_attached":106392,"overall_y2022_n_unattached":11707,"overall_y2022_n_total":118099,"overall_y2022_fsa_count":4,"overall_y2022_fsa_with_data":4,"overall_change_pct_attached":-1.6441517263023684,"children_y2020_pct_attached":93.98563734290843,"children_y2020_pct_unattached":6.014362657091562,"children_y2020_n_attached":20940,"children_y2020_n_unattached":1340,"children_y2020_n_total":22280,"children_y2020_fsa_count":4,"children_y2020_fsa_with_data":4,"children_y2022_pct_attached":91.24156603205982,"children_y2022_pct_unattached":8.758433967940178,"children_y2022_n_attached":21231,"children_y2022_n_unattached":2038,"children_y2022_n_total":23269,"children_y2022_fsa_count":4,"children_y2022_fsa_with_data":4,"children_change_pct_attached":-2.744071310848611,"adults_y2020_pct_attached":91.18371707657423,"adults_y2020_pct_unattached":8.816282923425781,"adults_y2020_n_attached":83641,"adults_y2020_n_unattached":8087,"adults_y2020_n_total":91728,"adults_y2020_fsa_count":4,"adults_y2020_fsa_with_data":4,"adults_y2022_pct_attached":89.80385953812085,"adults_y2022_pct_unattached":10.196140461879152,"adults_y2022_n_attached":85161,"adults_y2022_n_unattached":9669,"adults_y2022_n_total":94830,"adults_y2022_fsa_count":4,"adults_y2022_fsa_with_data":4,"adults_change_pct_attached":-1.379857538453379,"has_data":true,"name":"Lambton—Kent—Middlesex"}},
{"type":"Feature","geometry":{"type":"Polygon","coordinates":[[[-79.77411,46.20822],[-79.79885,46.20626],[-79.8251,46.20637],[-79.83694,46.20562],[-79.85828,46.20086],[-79.89692,46.18903],[-79.91019,46.18286],[-79.9258,46.17691],[-79.94645,46.17015],[-79.96799,46.15862],[-79.9864,46.15262],[-79.99505,46.14745],[-80.00756,46.14413],[-80.01771,46.14532],[-80.02635,46.15081],[-80.03227,46.15224],[-80.03522,46.15226],[-80.04167,46.15048],[-80.05571,46.14968],[-80.07611,46.14594],[-80.08543,46.14347],[-80.08767,46.14363],[-80.09516,46.14631],[-80.09928,46.14578],[-80.10663,46.14774],[-80.11147,46.14774],[-80.11378,46.14703],[-80.11514,46.14633],[-80.11301,46.14467],[-80.11317,46.14388],[-80.11851,46.14022],[-80.11856,46.13905],[-80.11613,46.13817],[-80.11317,46.13564],[-80.10886,46.13443],[-80.10595,46.13258],[-80.09245,46.12786],[-80.08361,46.12586],[-80.07277,46.11897],[-80.07243,46.11667],[-80.08274,46.11701],[-80.0979,46.11576],[-80.12502,46.11792],[-80.14183,46.11553],[-80.15331,46.11173],[-80.162,46.11057],[-80.17437,46.10588],[-80.17853,46.10335],[-80.17793,46.10208],[-80.16562,46.10174],[-80.16431,46.09937],[-80.16597,46.09839],[-80.16568,46.09702],[-80.15226,46.09165],[-80.14776,46.09116],[-80.14181,46.09161],[-80.13952,46.0904],[-80.14166,46.08854],[-80.14748,46.08633],[-80.15563,46.08501],[-80.16772,46.08146],[-80.1751,46.08132],[-80.17792,46.07988],[-80.1845,46.07989],[-80.18788,46.07868],[-80.18835,46.07764],[-80.18558,46.07687],[-80.18084,46.07377],[-80.17516,46.06816],[-80.17493,46.06535],[-80.18577,46.06021],[-80.19129,46.06289],[-80.20109,46.06526],[-80.20575,46.06524],[-80.21043,46.0631],[-80.21512,46.06224],[-80.21602,46.06055],[-80.21545,46.05963],[-80.20812,46.05482],[-80.2085,46.0542],[-80.23105,46.05079],[-80.23855,46.05062],[-80.25791,46.04572],[-80.26701,46.04427],[-80.26719,46.04294],[-80.27084,46.04215],[-80.27777,46.04161],[-80.28149,46.04239],[-80.29582,46.03784],[-80.30472,46.03728],[-80.32285,46.03895],[-80.33773,46.03554],[-80.36131,46.03224],[-80.37057,46.03225],[-80.38173,46.03385],[-80.38959,46.03375],[-80.40839,46.03682],[-80.43144,46.03723],[-80.46246,46.03627],[-80.47556,46.03729],[-80.48154,46.03539],[-80.49514,46.03305],[-80.50709,46.0338],[-80.51814,46.03337],[-80.52123,46.03258],[-80.521,46.0306],[-80.51833,46.02696],[-80.52059,46.02474],[-80.53662,46.02052],[-80.53964,46.01821],[-80.54262,46.01761],[-80.54935,46.01843],[-80.55248,46.01995],[-80.55496,46.02225],[-80.55957,46.02141],[-80.56264,46.01902],[-80.56826,46.0187],[-80.57302,46.02164],[-80.57394,46.02125],[-80.57371,46.01957],[-80.57925,46.01855],[-80.58332,46.01862],[-80.56721,46.00021],[-80.5664,45.99781],[-80.57166,45.98004],[-80.57913,45.96561],[-80.58361,45.93179],[-80.57358,45.91618],[-80.57357,45.91139],[-80.56908,45.90966],[-80.5586,45.90214],[-80.54923,45.89878],[-80.54295,45.89477],[-80.5398,45.89364],[-80.54647,45.89311],[-80.55048,45.89364],[-80.55882,45.89242],[-80.56409,45.89364],[-80.56633,45.89318],[-80.56715,45.89476],[-80.56771,45.89273],[-80.5711,45.89322],[-80.57432,45.89191],[-80.57552,45.89266],[-80.58909,45.89212],[-80.59088,45.8927],[-80.59229,45.89149],[-80.59979,45.89156],[-80.60271,45.89086],[-80.60661,45.89202],[-80.63005,45.88827],[-80.63493,45.88864],[-80.637,45.8897],[-80.64315,45.89002],[-80.65487,45.88902],[-80.66367,45.8901],[-80.67338,45.89002],[-80.6772,45.8885],[-80.68024,45.88901],[-80.68068,45.8879],[-80.68407,45.88905],[-80.68578,45.88752],[-80.69555,45.88683],[-80.6939,45.87329],[-80.85438,45.87327],[-81.07555,45.87394],[-81.07322,45.61382],[-81.07103,45.3607],[-80.84574,45.17655],[-80.59989,44.97334],[-80.51594,44.90373],[-79.99163,44.94182],[-79.98309,44.93386],[-79.98364,44.93154],[-79.97899,44.93021],[-79.97722,44.92832],[-79.97201,44.92832],[-79.96459,44.92622],[-79.9247,44.88079],[-79.89111,44.83717],[-79.88143,44.8271],[-79.86658,44.81587],[-79.84205,44.80297],[-79.82205,44.79444],[-79.73699,44.76721],[-79.73493,44.76708],[-79.73261,44.7685],[-79.72951,44.77482],[-79.72615,44.79096],[-79.72344,44.7956],[-79.72259,44.80019],[-79.72011,44.80261],[-79.72032,44.80483],[-79.7232,44.80657],[-79.723,44.80727],[-79.71871,44.8104],[-79.71739,44.81358],[-79.71273,44.81873],[-79.70844,44.8222],[-79.70576,44.8229],[-79.69409,44.81968],[-79.68893,44.81943],[-79.68011,44.82661],[-79.68105,44.82991],[-79.68773,44.83374],[-79.69433,44.8396],[-79.70188,44.85156],[-79.70304,44.85581],[-79.69862,44.86398],[-79.69965,44.86814],[-79.69887,44.86979],[-79.69417,44.87358],[-79.68411,44.87381],[-79.68674,44.87812],[-79.68176,44.87834],[-79.68078,44.88061],[-79.67405,44.88429],[-79.67249,44.88705],[-79.66751,44.8887],[-79.65954,44.89398],[-79.64928,44.89415],[-79.64339,44.89709],[-79.62736,44.89555],[-79.62517,44.89451],[-79.61929,44.88854],[-79.61889,44.88437],[-79.61768,44.88325],[-79.60925,44.88015],[-79.60494,44.87761],[-79.60001,44.87293],[-79.59286,44.87079],[-79.58653,44.87064],[-79.57831,44.86887],[-79.56712,44.86541],[-79.55986,44.86222],[-79.55793,44.86219],[-79.55464,44.8635],[-79.55064,44.86286],[-79.52435,44.84901],[-79.50724,44.85038],[-79.48869,44.84925],[-79.48709,44.84885],[-79.48439,44.84469],[-79.47279,44.8472],[-79.46208,44.84409],[-79.45758,44.83959],[-79.45304,44.83809],[-79.45017,44.83812],[-79.43432,44.84254],[-79.42742,44.84243],[-79.41828,44.84353],[-79.40586,44.84299],[-79.40408,44.84185],[-79.4033,44.83947],[-79.40578,44.8364],[-79.4062,44.8339],[-79.40151,44.82871],[-79.39404,44.82515],[-79.39299,44.82287],[-79.39458,44.80303],[-79.39396,44.80072],[-79.3905,44.79618],[-79.38988,44.79156],[-79.39057,44.78991],[-79.39492,44.78728],[-79.39549,44.78477],[-79.39375,44.78092],[-79.39464,44.77594],[-79.39214,44.77453],[-79.37961,44.77356],[-79.36462,44.7745],[-79.35258,44.77277],[-79.34678,44.77305],[-79.33672,44.77546],[-79.32999,44.77884],[-79.30846,44.78096],[-79.29359,44.78388],[-79.29327,44.78292],[-79.29523,44.78178],[-79.29339,44.78137],[-79.29332,44.78041],[-79.29728,44.7748],[-79.20598,44.79466],[-79.20622,44.79514],[-79.20791,44.79861],[-79.20845,44.79972],[-79.20603,44.80039],[-79.20318,44.80118],[-79.20215,44.80147],[-79.0763,44.8362],[-79.0623,44.84004],[-79.06462,44.84416],[-79.06683,44.84809],[-79.09816,44.90871],[-79.09851,44.90936],[-79.11937,44.94913],[-79.11989,44.9501],[-79.0997,44.95525],[-79.09293,44.94298],[-78.93587,44.9855],[-79.00099,45.10614],[-78.84341,45.14509],[-78.84787,45.15356],[-78.84653,45.15529],[-78.8458,45.15934],[-78.84816,45.16093],[-78.85156,45.16585],[-78.85495,45.16836],[-78.85438,45.17077],[-78.8559,45.17223],[-78.85556,45.17467],[-78.86076,45.17834],[-78.86338,45.17926],[-78.8695,45.17836],[-78.86967,45.17916],[-78.86746,45.18027],[-78.86694,45.18216],[-78.86901,45.18387],[-78.8682,45.1866],[-78.86925,45.19053],[-78.86754,45.19104],[-78.86725,45.19415],[-78.86846,45.19587],[-78.87019,45.1964],[-78.87194,45.19965],[-78.87219,45.20395],[-78.8746,45.20631],[-78.87503,45.20857],[-78.8718,45.21115],[-78.86929,45.212],[-78.87035,45.21336],[-78.87575,45.21267],[-78.87919,45.21347],[-78.8807,45.21492],[-78.88036,45.21728],[-78.88313,45.21862],[-78.88284,45.22589],[-78.88602,45.22635],[-78.88689,45.23018],[-78.88911,45.23234],[-78.89089,45.2368],[-78.89496,45.2398],[-78.89327,45.25042],[-78.90151,45.25502],[-78.90221,45.25965],[-78.90523,45.26324],[-78.90507,45.26741],[-78.90704,45.27267],[-78.90622,45.276],[-78.91243,45.27691],[-78.91605,45.28417],[-78.9182,45.28528],[-78.91731,45.28658],[-78.92066,45.29152],[-78.91893,45.29401],[-78.91934,45.29651],[-78.9209,45.29781],[-78.92161,45.30106],[-78.92517,45.30318],[-78.92636,45.30651],[-78.92488,45.3086],[-78.92768,45.31219],[-78.93081,45.31242],[-78.9336,45.31632],[-78.93433,45.32558],[-78.93859,45.32722],[-78.94007,45.32861],[-78.94013,45.33016],[-78.94495,45.33828],[-78.94476,45.34544],[-78.94824,45.3475],[-78.9486,45.34919],[-78.9501,45.35036],[-78.94968,45.35243],[-78.95086,45.35577],[-78.95287,45.35636],[-78.95482,45.35875],[-78.95907,45.35869],[-78.95966,45.36052],[-78.95816,45.36329],[-78.95775,45.3702],[-78.9693,45.37175],[-78.96943,45.37325],[-78.96792,45.37547],[-78.97268,45.37804],[-78.97072,45.38164],[-78.97164,45.38444],[-78.92278,45.39669],[-78.85975,45.41434],[-78.92442,45.53397],[-78.93041,45.53236],[-78.99463,45.65066],[-78.99275,45.65116],[-79.04173,45.74111],[-79.05151,45.73849],[-79.05612,45.74695],[-79.04633,45.74956],[-79.05317,45.7621],[-79.05812,45.76078],[-79.0625,45.7688],[-79.12995,45.75116],[-79.19505,45.87097],[-79.18967,45.8724],[-79.25741,45.99452],[-79.34439,45.97104],[-79.38056,45.95923],[-79.4164,45.94901],[-79.58568,45.90392],[-79.59875,45.92842],[-79.5977,45.9368],[-79.60639,45.93725],[-79.60762,45.93986],[-79.60658,45.94976],[-79.60426,45.95364],[-79.60238,45.95337],[-79.60267,45.95508],[-79.61582,45.95589],[-79.61476,45.95795],[-79.68369,46.07375],[-79.61187,46.09421],[-79.66405,46.18291],[-79.66403,46.18492],[-79.68058,46.21309],[-79.77411,46.20822]]]},"properties":{"ed_id":84,"electoral_district":"Parry Sound—Muskoka","electoral_district_fr":"Parry Sound—Muskoka","overall_y2020_pct_attached":88.71397450616739,"overall_y2020_pct_unattached":11.286025493832613,"overall_y2020_n_attached":120541,"overall_y2020_n_unattached":15335,"overall_y2020_n_total":135876,"overall_y2020_fsa_count":9,"overall_y2020_fsa_with_data":9,"overall_y2022_pct_attached":87.86171826712366,"overall_y2022_pct_unattached":12.138281732876328,"overall_y2022_n_attached":125094,"overall_y2022_n_unattached":17282,"overall_y2022_n_total":142376,"overall_y2022_fsa_count":9,"overall_y2022_fsa_with_data":9,"overall_change_pct_attached":-0.8522562390437258,"children_y2020_pct_attached":91.36377141725265,"children_y2020_pct_unattached":8.63622858274735,"children_y2020_n_attached":18450,"children_y2020_n_unattached":1744,"children_y2020_n_total":20194,"children_y2020_fsa_count":9,"children_y2020_fsa_with_data":9,"children_y2022_pct_attached":88.32554406835669,"children_y2022_pct_unattached":11.6744559316433,"children_y2022_n_attached":18710,"children_y2022_n_unattached":2473,"children_y2022_n_total":21183,"children_y2022_fsa_count":9,"children_y2022_fsa_with_data":9,"children_change_pct_attached":-3.0382273488959584,"adults_y2020_pct_attached":88.2514133573071,"adults_y2020_pct_unattached":11.7485866426929,"adults_y2020_n_attached":102091,"adults_y2020_n_unattached":13591,"adults_y2020_n_total":115682,"adults_y2020_fsa_count":9,"adults_y2020_fsa_with_data":9,"adults_y2022_pct_attached":87.7806473971269,"adults_y2022_pct_unattached":12.219352602873103,"adults_y2022_n_attached":106384,"adults_y2022_n_unattached":14809,"adults_y2022_n_total":121193,"adults_y2022_fsa_count":9,"adults_y2022_fsa_with_data":9,"adults_change_pct_attached":-0.4707659601802021,"has_data":true,"name":"Parry Sound—Muskoka"}},
{"type":"Feature","geometry":{"type":"Polygon","coordinates":[[[-79.44243,44.42107],[-79.24263,44.45802],[-79.16134,44.47188],[-79.16097,44.47428],[-79.15708,44.47627],[-79.15636,44.47742],[-79.15808,44.47832],[-79.15838,44.47957],[-79.15985,44.4797],[-79.15653,44.48202],[-79.15855,44.48297],[-79.15832,44.48471],[-79.16031,44.48527],[-79.1596,44.48579],[-79.16014,44.48685],[-79.15782,44.48751],[-79.15811,44.48856],[-79.15547,44.48825],[-79.15387,44.48971],[-79.1556,44.49088],[-79.1531,44.49241],[-79.15559,44.49293],[-79.15375,44.49447],[-79.15514,44.49532],[-79.15373,44.49642],[-79.15475,44.49797],[-79.15193,44.49813],[-79.15193,44.5],[-79.14819,44.50051],[-79.14934,44.50099],[-79.14805,44.50186],[-79.1475,44.50606],[-79.14423,44.50908],[-79.14519,44.51216],[-79.14341,44.51268],[-79.14182,44.51215],[-79.14192,44.51339],[-79.14048,44.51418],[-79.13959,44.51406],[-79.13997,44.51283],[-79.13785,44.51313],[-79.13873,44.51245],[-79.13808,44.51205],[-79.13555,44.51261],[-79.13559,44.51089],[-79.13464,44.51135],[-79.13143,44.51053],[-79.13194,44.5095],[-79.12876,44.50727],[-79.12586,44.50704],[-79.12569,44.50501],[-79.12118,44.50615],[-79.12184,44.50705],[-79.12094,44.50748],[-79.11495,44.50877],[-79.10674,44.5094],[-79.10135,44.5111],[-79.09307,44.51637],[-79.0818,44.51566],[-79.1196,44.5997],[-79.15795,44.68786],[-79.1944,44.76712],[-79.20598,44.79466],[-79.29728,44.7748],[-79.29332,44.78041],[-79.29339,44.78137],[-79.29523,44.78178],[-79.29327,44.78292],[-79.29359,44.78388],[-79.30846,44.78096],[-79.32999,44.77884],[-79.33672,44.77546],[-79.34678,44.77305],[-79.35258,44.77277],[-79.36462,44.7745],[-79.37961,44.77356],[-79.39214,44.77453],[-79.39464,44.77594],[-79.39375,44.78092],[-79.39549,44.78477],[-79.39492,44.78728],[-79.39057,44.78991],[-79.38988,44.79156],[-79.3905,44.79618],[-79.39396,44.80072],[-79.39458,44.80303],[-79.39299,44.82287],[-79.39404,44.82515],[-79.40151,44.82871],[-79.4062,44.8339],[-79.40578,44.8364],[-79.4033,44.83947],[-79.40408,44.84185],[-79.40586,44.84299],[-79.41828,44.84353],[-79.42742,44.84243],[-79.43432,44.84254],[-79.45017,44.83812],[-79.45304,44.83809],[-79.45758,44.83959],[-79.46208,44.84409],[-79.47279,44.8472],[-79.48439,44.84469],[-79.48709,44.84885],[-79.48869,44.84925],[-79.50724,44.85038],[-79.52435,44.84901],[-79.55064,44.86286],[-79.55464,44.8635],[-79.55793,44.86219],[-79.55986,44.86222],[-79.56712,44.86541],[-79.57831,44.86887],[-79.58653,44.87064],[-79.59286,44.87079],[-79.60001,44.87293],[-79.60494,44.87761],[-79.60925,44.88015],[-79.61768,44.88325],[-79.61889,44.88437],[-79.61929,44.88854],[-79.62517,44.89451],[-79.62736,44.89555],[-79.64339,44.89709],[-79.64928,44.89415],[-79.65954,44.89398],[-79.66751,44.8887],[-79.67249,44.88705],[-79.67405,44.88429],[-79.68078,44.88061],[-79.68176,44.87834],[-79.68674,44.87812],[-79.68411,44.87381],[-79.69417,44.87358],[-79.69887,44.86979],[-79.69965,44.86814],[-79.69862,44.86398],[-79.70304,44.85581],[-79.70188,44.85156],[-79.69433,44.8396],[-79.68773,44.83374],[-79.68105,44.82991],[-79.68011,44.82661],[-79.68893,44.81943],[-79.69409,44.81968],[-79.70576,44.8229],[-79.70844,44.8222],[-79.71273,44.81873],[-79.71739,44.81358],[-79.71871,44.8104],[-79.723,44.80727],[-79.7232,44.80657],[-79.72032,44.80483],[-79.72011,44.80261],[-79.72259,44.80019],[-79.72344,44.7956],[-79.72615,44.79096],[-79.72951,44.77482],[-79.73261,44.7685],[-79.73493,44.76708],[-79.73699,44.76721],[-79.82205,44.79444],[-79.84205,44.80297],[-79.86658,44.81587],[-79.88143,44.8271],[-79.89111,44.83717],[-79.9247,44.88079],[-79.96459,44.92622],[-79.97201,44.92832],[-79.97722,44.92832],[-79.97899,44.93021],[-79.98364,44.93154],[-79.98309,44.93386],[-79.99163,44.94182],[-80.51594,44.90373],[-80.06661,44.53155],[-79.98518,44.56963],[-79.8343,44.63616],[-79.83151,44.63292],[-79.82003,44.63781],[-79.79618,44.6484],[-79.79936,44.65209],[-79.79854,44.65263],[-79.68448,44.70197],[-79.64805,44.66082],[-79.64064,44.66268],[-79.64399,44.65948],[-79.64467,44.65695],[-79.58544,44.58941],[-79.58425,44.58991],[-79.57239,44.57553],[-79.55245,44.5645],[-79.54956,44.56113],[-79.5493,44.55777],[-79.55467,44.55542],[-79.55481,44.55433],[-79.48436,44.46899],[-79.44243,44.42107]]]},"properties":{"ed_id":100,"electoral_district":"Simcoe North","electoral_district_fr":"Simcoe-Nord","overall_y2020_pct_attached":90.52806643524461,"overall_y2020_pct_unattached":9.471933564755389,"overall_y2020_n_attached":81105,"overall_y2020_n_unattached":8486,"overall_y2020_n_total":89591,"overall_y2020_fsa_count":4,"overall_y2020_fsa_with_data":4,"overall_y2022_pct_attached":89.70510253774147,"overall_y2022_pct_unattached":10.294897462258536,"overall_y2022_n_attached":82892,"overall_y2022_n_unattached":9513,"overall_y2022_n_total":92405,"overall_y2022_fsa_count":4,"overall_y2022_fsa_with_data":4,"overall_change_pct_attached":-0.8229638975031435,"children_y2020_pct_attached":93.73355146169713,"children_y2020_pct_unattached":6.266448538302867,"children_y2020_n_attached":13178,"children_y2020_n_unattached":881,"children_y2020_n_total":14059,"children_y2020_fsa_count":4,"children_y2020_fsa_with_data":4,"children_y2022_pct_attached":90.8443891652847,"children_y2022_pct_unattached":9.155610834715313,"children_y2022_n_attached":13147,"children_y2022_n_unattached":1325,"children_y2022_n_total":14472,"children_y2022_fsa_count":4,"children_y2022_fsa_with_data":4,"children_change_pct_attached":-2.8891622964124366,"adults_y2020_pct_attached":89.93141979558334,"adults_y2020_pct_unattached":10.068580204416671,"adults_y2020_n_attached":67927,"adults_y2020_n_unattached":7605,"adults_y2020_n_total":75532,"adults_y2020_fsa_count":4,"adults_y2020_fsa_with_data":4,"adults_y2022_pct_attached":89.49353932223833,"adults_y2022_pct_unattached":10.506460677761668,"adults_y2022_n_attached":69745,"adults_y2022_n_unattached":8188,"adults_y2022_n_total":77933,"adults_y2022_fsa_count":4,"adults_y2022_fsa_with_data":4,"adults_change_pct_attached":-0.4378804733450039,"has_data":true,"name":"Simcoe North"}}
]}